// 4.25.0 0x68cbb3d5 D2 R0 FRGB565 U565 N0 SExtFlashSection
// Generated by imageconverter. Please, do not edit!

#include <touchgfx/hal/Config.hpp>

LOCATION_PRAGMA_32("ExtFlashSection")
KEEP extern const unsigned char image_piano_1octave[] LOCATION_ATTRIBUTE_32("ExtFlashSection") = { // 283x180 RGB565 pixels.
    0x21, 0x08, 0x41, 0x08, 0x41, 0x08, 0x41, 0x00, 0x41, 0x00, 0x41, 0x08,
    0x41, 0x00, 0x41, 0x00, 0x41, 0x00, 0x41, 0x00, 0x41, 0x08, 0x41, 0x00,
    0x41, 0x00, 0x41, 0x08, 0x41, 0x00, 0x41, 0x00, 0x41, 0x08, 0x41, 0x00,
    0x41, 0x00, 0x21, 0x08, 0x21, 0x08, 0x41, 0x00, 0x41, 0x08, 0x21, 0x08,
    0x21, 0x00, 0x41, 0x08, 0x41, 0x08, 0x41, 0x08, 0x41, 0x08, 0x21, 0x00,
    0x41, 0x08, 0x41, 0x08, 0x21, 0x08, 0x41, 0x08, 0x21, 0x00, 0x21, 0x08,
    0x41, 0x08, 0x21, 0x00, 0x21, 0x08, 0x41, 0x08, 0x21, 0x00, 0x21, 0x08,
    0x41, 0x08, 0x21, 0x00, 0x21, 0x08, 0x41, 0x08, 0x21, 0x00, 0x21, 0x08,
    0x41, 0x08, 0x21, 0x00, 0x21, 0x08, 0x41, 0x08, 0x21, 0x00, 0x41, 0x08,
    0x21, 0x08, 0x21, 0x00, 0x41, 0x08, 0x41, 0x08, 0x21, 0x00, 0x41, 0x00,
    0x41, 0x00, 0x41, 0x08, 0x41, 0x00, 0x41, 0x00, 0x41, 0x08, 0x41, 0x00,
    0x41, 0x00, 0x41, 0x08, 0x21, 0x08, 0x41, 0x08, 0x41, 0x08, 0x41, 0x08,
    0x21, 0x00, 0x41, 0x08, 0x21, 0x08, 0x21, 0x00, 0x41, 0x08, 0x21, 0x08,
    0x21, 0x00, 0x41, 0x08, 0x21, 0x08, 0x21, 0x00, 0x41, 0x08, 0x21, 0x08,
    0x21, 0x00, 0x41, 0x08, 0x21, 0x08, 0x21, 0x00, 0x41, 0x08, 0x21, 0x08,
    0x21, 0x00, 0x41, 0x08, 0x41, 0x08, 0x21, 0x08, 0x41, 0x08, 0x21, 0x00,
    0x41, 0x08, 0x21, 0x08, 0x41, 0x08, 0x41, 0x00, 0x41, 0x00, 0x41, 0x08,
    0x41, 0x00, 0x41, 0x00, 0x41, 0x08, 0x41, 0x00, 0x41, 0x00, 0x41, 0x08,
    0x41, 0x00, 0x41, 0x00, 0x41, 0x08, 0x41, 0x00, 0x41, 0x00, 0x41, 0x08,
    0x41, 0x00, 0x21, 0x08, 0x41, 0x08, 0x21, 0x08, 0x41, 0x08, 0x41, 0x08,
    0x41, 0x08, 0x21, 0x00, 0x21, 0x08, 0x21, 0x08, 0x41, 0x00, 0x21, 0x08,
    0x41, 0x08, 0x41, 0x08, 0x41, 0x08, 0x41, 0x08, 0x41, 0x08, 0x41, 0x00,
    0x41, 0x00, 0x41, 0x08, 0x41, 0x00, 0x41, 0x00, 0x41, 0x08, 0x41, 0x00,
    0x41, 0x00, 0x41, 0x08, 0x41, 0x00, 0x41, 0x00, 0x41, 0x08, 0x41, 0x00,
    0x41, 0x00, 0x41, 0x08, 0x41, 0x00, 0x21, 0x08, 0x21, 0x08, 0x41, 0x08,
    0x41, 0x08, 0x41, 0x08, 0x21, 0x00, 0x41, 0x08, 0x21, 0x08, 0x21, 0x00,
    0x41, 0x08, 0x21, 0x08, 0x21, 0x00, 0x41, 0x08, 0x21, 0x08, 0x21, 0x00,
    0x41, 0x08, 0x21, 0x08, 0x21, 0x00, 0x41, 0x08, 0x21, 0x08, 0x21, 0x00,
    0x41, 0x08, 0x21, 0x08, 0x21, 0x00, 0x41, 0x08, 0x41, 0x08, 0x21, 0x00,
    0x41, 0x08, 0x41, 0x08, 0x41, 0x08, 0x21, 0x00, 0x21, 0x08, 0x41, 0x00,
    0x41, 0x00, 0x41, 0x00, 0x41, 0x00, 0x41, 0x00, 0x41, 0x00, 0x41, 0x08,
    0x41, 0x00, 0x41, 0x08, 0x21, 0x00, 0x41, 0x08, 0x41, 0x08, 0x41, 0x08,
    0x21, 0x00, 0x21, 0x08, 0x21, 0x08, 0x41, 0x00, 0x21, 0x08, 0x21, 0x08,
    0x41, 0x00, 0x21, 0x08, 0x21, 0x08, 0x41, 0x00, 0x21, 0x08, 0x21, 0x08,
    0x41, 0x00, 0x21, 0x08, 0x21, 0x08, 0x41, 0x00, 0x21, 0x08, 0x21, 0x08,
    0x41, 0x00, 0x41, 0x08, 0x41, 0x08, 0x21, 0x08, 0x21, 0x00, 0x41, 0x08,
    0x21, 0x08, 0x41, 0x08, 0x21, 0x00, 0x41, 0x00, 0x41, 0x00, 0x41, 0x00,
    0x41, 0x00, 0x41, 0x00, 0x41, 0x00, 0x41, 0x08, 0x41, 0x00, 0x41, 0x08,
    0x41, 0x08, 0x41, 0x08, 0x41, 0x08, 0x21, 0x00, 0x41, 0x08, 0x41, 0x08,
    0x21, 0x08, 0x21, 0x00, 0x21, 0x08, 0x41, 0x08, 0x21, 0x00, 0x21, 0x08,
    0x41, 0x08, 0x21, 0x00, 0x21, 0x08, 0x41, 0x08, 0x21, 0x00, 0x21, 0x08,
    0x41, 0x08, 0x21, 0x00, 0x21, 0x08, 0x41, 0x08, 0x21, 0x00, 0x41, 0x08,
    0x21, 0x08, 0x21, 0x00, 0x41, 0x08, 0x21, 0x08, 0x21, 0x00, 0x41, 0x08,
    0x21, 0x08, 0x41, 0x00, 0x41, 0x00, 0x41, 0x08, 0x41, 0x00, 0x41, 0x00,
    0x41, 0x08, 0x41, 0x00, 0x41, 0x00, 0x41, 0x08, 0x41, 0x00, 0x41, 0x00,
    0x41, 0x08, 0x41, 0x00, 0x41, 0x00, 0x41, 0x08, 0x41, 0x00, 0x41, 0x08,
    0x21, 0x08, 0x41, 0x08, 0x21, 0x00, 0x41, 0x08, 0x21, 0x08, 0x21, 0x00,
    0x41, 0x08, 0x21, 0x08, 0x41, 0x08, 0x41, 0x08, 0x41, 0x08, 0x21, 0x08,
    0x21, 0x08, 0x41, 0x08, 0x41, 0x08, 0x21, 0x08, 0x41, 0x08, 0x21, 0x08,
    0x41, 0x08, 0x41, 0x08, 0x41, 0x08, 0x41, 0x08, 0x41, 0x08, 0x41, 0x08,
    0x41, 0x08, 0x41, 0x08, 0x21, 0x08, 0x41, 0x00, 0x41, 0x08, 0x21, 0x08,
    0x41, 0x08, 0x41, 0x08, 0x21, 0x00, 0x41, 0x08, 0x21, 0x00, 0x41, 0x08,
    0x41, 0x08, 0x41, 0x08, 0x21, 0x00, 0x41, 0x08, 0x21, 0x00, 0x41, 0x08,
    0x41, 0x08, 0x21, 0x00, 0x41, 0x08, 0x21, 0x08, 0x41, 0x00, 0x21, 0x08,
    0x41, 0x08, 0x41, 0x00, 0x21, 0x08, 0x41, 0x08, 0x21, 0x00, 0x41, 0x08,
    0x21, 0x08, 0x41, 0x00, 0x41, 0x08, 0x21, 0x08, 0x41, 0x00, 0x41, 0x08,
    0x41, 0x08, 0x21, 0x08, 0x41, 0x00, 0x41, 0x08, 0x41, 0x08, 0x41, 0x08,
    0x41, 0x08, 0x21, 0x08, 0x21, 0x08, 0x41, 0x08, 0x41, 0x08, 0x21, 0x08,
    0x41, 0x08, 0x41, 0x08, 0x41, 0x08, 0x41, 0x08, 0x41, 0x00, 0x21, 0x08,
    0x21, 0x08, 0x41, 0x08, 0x21, 0x00, 0x41, 0x08, 0x21, 0x08, 0x41, 0x00,
    0x21, 0x08, 0x41, 0x08, 0x41, 0x00, 0x21, 0x08, 0x41, 0x08, 0x21, 0x00,
    0x41, 0x08, 0x21, 0x08, 0x41, 0x00, 0x21, 0x08, 0x41, 0x08, 0x41, 0x00,
    0x21, 0x08, 0x21, 0x08, 0x41, 0x00, 0x41, 0x00, 0x41, 0x00, 0x41, 0x00,
    0x41, 0x08, 0x21, 0x00, 0x41, 0x08, 0x41, 0x08, 0x41, 0x08, 0x41, 0x08,
    0x41, 0x08, 0x41, 0x08, 0x41, 0x08, 0x41, 0x08, 0x41, 0x08, 0x41, 0x08,
    0x41, 0x08, 0x41, 0x08, 0x41, 0x08, 0x41, 0x08, 0x41, 0x08, 0x41, 0x08,
    0x41, 0x08, 0x41, 0x08, 0x41, 0x08, 0x41, 0x08, 0x21, 0x00, 0x41, 0x08,
    0x41, 0x08, 0x41, 0x08, 0x41, 0x08, 0x21, 0x00, 0x41, 0x08, 0x41, 0x08,
    0x41, 0x08, 0x41, 0x00, 0x21, 0x08, 0x21, 0x00, 0x21, 0x00, 0x21, 0x08,
    0x41, 0x08, 0x41, 0x08, 0x41, 0x08, 0x41, 0x08, 0x41, 0x08, 0x41, 0x08,
    0x41, 0x08, 0x41, 0x08, 0x41, 0x08, 0x21, 0x08, 0x41, 0x08, 0x21, 0x08,
    0x41, 0x08, 0x21, 0x08, 0x41, 0x08, 0x41, 0x08, 0x21, 0x00, 0x41, 0x08,
    0x21, 0x00, 0x21, 0x08, 0x21, 0x00, 0x41, 0x08, 0x41, 0x08, 0x21, 0x00,
    0x41, 0x08, 0x41, 0x08, 0x21, 0x00, 0x41, 0x08, 0x21, 0x08, 0x41, 0x00,
    0x21, 0x08, 0x41, 0x08, 0x21, 0x00, 0x41, 0x08, 0x41, 0x08, 0x21, 0x00,
    0x41, 0x08, 0x21, 0x08, 0x41, 0x00, 0x21, 0x08, 0x41, 0x08, 0x41, 0x08,
    0x41, 0x08, 0x21, 0x00, 0x41, 0x08, 0x41, 0x08, 0x21, 0x08, 0x41, 0x08,
    0x41, 0x08, 0x41, 0x08, 0x21, 0x08, 0x41, 0x08, 0x21, 0x08, 0x21, 0x08,
    0x21, 0x08, 0x21, 0x08, 0x21, 0x08, 0x41, 0x08, 0x21, 0x00, 0x21, 0x08,
    0x21, 0x08, 0x41, 0x08, 0x41, 0x00, 0x41, 0x08, 0x21, 0x08, 0x41, 0x00,
    0x21, 0x08, 0x41, 0x08, 0x21, 0x00, 0x41, 0x08, 0x41, 0x08, 0x21, 0x00,
    0x41, 0x08, 0x21, 0x08, 0x41, 0x00, 0x21, 0x08, 0x41, 0x08, 0x21, 0x00,
    0x21, 0x08, 0x41, 0x08, 0x41, 0x08, 0x21, 0x00, 0x41, 0x08, 0x41, 0x08,
    0x21, 0x00, 0x41, 0x08, 0x21, 0x00, 0x41, 0x08, 0x21, 0x08, 0x41, 0x08,
    0x41, 0x08, 0x21, 0x08, 0x21, 0x08, 0x21, 0x08, 0x41, 0x08, 0x21, 0x08,
    0x21, 0x00, 0x41, 0x08, 0x21, 0x00, 0x21, 0x08, 0x41, 0x08, 0x21, 0x00,
    0x41, 0x08, 0x41, 0x08, 0x41, 0x00, 0x21, 0x08, 0x41, 0x08, 0x41, 0x00,
    0x21, 0x08, 0x41, 0x08, 0x21, 0x00, 0x41, 0x08, 0x41, 0x08, 0x21, 0x00,
    0x41, 0x08, 0x21, 0x08, 0x41, 0x00, 0x21, 0x08, 0x41, 0x08, 0x21, 0x00,
    0x41, 0x08, 0x41, 0x08, 0x41, 0x08, 0x41, 0x08, 0x41, 0x00, 0x41, 0x08,
    0x21, 0x08, 0x41, 0x08, 0x41, 0x08, 0x41, 0x08, 0x41, 0x08, 0x41, 0x08,
    0x41, 0x08, 0x41, 0x08, 0x41, 0x08, 0x41, 0x08, 0x41, 0x08, 0x41, 0x08,
    0x41, 0x08, 0x41, 0x08, 0x41, 0x08, 0x41, 0x08, 0x41, 0x08, 0x41, 0x08,
    0x21, 0x00, 0x41, 0x08, 0x21, 0x08, 0x41, 0x08, 0x41, 0x00, 0x41, 0x08,
    0x21, 0x08, 0x41, 0x08, 0x41, 0x08, 0x41, 0x00, 0x41, 0x00, 0x41, 0x08,
    0x41, 0x08, 0x21, 0x00, 0x41, 0x08, 0x21, 0x08, 0x41, 0x08, 0x21, 0x00,
    0x41, 0x08, 0x21, 0x08, 0x21, 0x00, 0x21, 0x08, 0x21, 0x08, 0x21, 0x00,
    0x21, 0x08, 0x21, 0x08, 0x21, 0x00, 0x41, 0x08, 0x41, 0x08, 0x21, 0x00,
    0x21, 0x08, 0x41, 0x08, 0x41, 0x00, 0x21, 0x08, 0x41, 0x08, 0x21, 0x00,
    0x21, 0x08, 0x21, 0x08, 0x41, 0x08, 0x41, 0x08, 0x41, 0x08, 0x41, 0x08,
    0x21, 0x00, 0x41, 0x08, 0x41, 0x08, 0x41, 0x08, 0x41, 0x08, 0x41, 0x08,
    0x41, 0x08, 0x41, 0x08, 0x41, 0x08, 0x41, 0x08, 0x41, 0x08, 0x41, 0x08,
    0x41, 0x08, 0x41, 0x08, 0x41, 0x08, 0x41, 0x08, 0x41, 0x08, 0x41, 0x08,
    0x41, 0x08, 0x21, 0x00, 0x41, 0x08, 0x21, 0x08, 0x41, 0x08, 0x21, 0x00,
    0x21, 0x08, 0x21, 0x08, 0x41, 0x08, 0x21, 0x00, 0x41, 0x08, 0x21, 0x00,
    0x41, 0x08, 0x21, 0x08, 0x21, 0x00, 0x21, 0x08, 0x21, 0x00, 0x41, 0x08,
    0x41, 0x08, 0x41, 0x00, 0x21, 0x08, 0x41, 0x08, 0x41, 0x00, 0x41, 0x08,
    0x41, 0x08, 0x41, 0x08, 0x41, 0x08, 0x41, 0x08, 0x41, 0x08, 0x41, 0x08,
    0x41, 0x08, 0x41, 0x08, 0x41, 0x08, 0x41, 0x08, 0x41, 0x08, 0x41, 0x08,
    0x41, 0x08, 0x41, 0x08, 0x41, 0x08, 0x21, 0x00, 0x41, 0x08, 0x21, 0x08,
    0x21, 0x08, 0x41, 0x08, 0x41, 0x08, 0x41, 0x08, 0x21, 0x00, 0x21, 0x08,
    0x21, 0x08, 0x21, 0x00, 0x21, 0x08, 0x21, 0x08, 0x21, 0x00, 0x21, 0x08,
    0x21, 0x08, 0x21, 0x00, 0x21, 0x08, 0x21, 0x08, 0x21, 0x00, 0x21, 0x08,
    0x21, 0x08, 0x21, 0x00, 0x21, 0x00, 0x41, 0x08, 0x21, 0x00, 0x41, 0x08,
    0x21, 0x00, 0x41, 0x00, 0x21, 0x08, 0x21, 0x00, 0x41, 0x08, 0x41, 0x08,
    0x41, 0x08, 0x21, 0x00, 0x41, 0x08, 0x21, 0x00, 0x41, 0x08, 0x41, 0x08,
    0x21, 0x00, 0x21, 0x08, 0x21, 0x08, 0x21, 0x00, 0x21, 0x08, 0x21, 0x08,
    0x21, 0x00, 0x21, 0x08, 0x21, 0x08, 0x41, 0x08, 0x41, 0x08, 0x21, 0x00,
    0x41, 0x08, 0x41, 0x08, 0x21, 0x00, 0x41, 0x08, 0x21, 0x08, 0x41, 0x08,
    0x21, 0x00, 0x41, 0x08, 0x41, 0x08, 0x41, 0x08, 0x41, 0x08, 0x21, 0x00,
    0x41, 0x08, 0x41, 0x08, 0x41, 0x08, 0x41, 0x08, 0x41, 0x08, 0x41, 0x08,
    0x41, 0x08, 0x41, 0x08, 0x41, 0x08, 0x41, 0x08, 0x41, 0x08, 0x41, 0x08,
    0x41, 0x08, 0x41, 0x08, 0x41, 0x08, 0x41, 0x08, 0x41, 0x08, 0x41, 0x00,
    0x21, 0x00, 0x41, 0x08, 0x41, 0x08, 0x21, 0x00, 0x21, 0x00, 0x41, 0x08,
    0x21, 0x00, 0x21, 0x08, 0x41, 0x08, 0x41, 0x08, 0x21, 0x08, 0x41, 0x08,
    0x41, 0x00, 0x41, 0x08, 0x41, 0x00, 0x21, 0x08, 0x41, 0x08, 0x41, 0x08,
    0x21, 0x00, 0x41, 0x00, 0x41, 0x08, 0x41, 0x08, 0x21, 0x00, 0x41, 0x08,
    0x41, 0x08, 0x41, 0x08, 0x41, 0x08, 0x41, 0x08, 0x41, 0x08, 0x41, 0x08,
    0x41, 0x08, 0x41, 0x08, 0x41, 0x08, 0x41, 0x08, 0x41, 0x08, 0x41, 0x08,
    0x41, 0x08, 0x41, 0x00, 0x41, 0x08, 0x21, 0x00, 0x41, 0x08, 0x21, 0x08,
    0x41, 0x08, 0x41, 0x08, 0x21, 0x00, 0x41, 0x08, 0x41, 0x08, 0x41, 0x08,
    0x21, 0x08, 0x21, 0x08, 0x41, 0x08, 0x41, 0x08, 0x21, 0x00, 0x41, 0x08,
    0x41, 0x08, 0x41, 0x08, 0x21, 0x00, 0x41, 0x08, 0x41, 0x08, 0x21, 0x08,
    0x41, 0x08, 0x41, 0x08, 0x21, 0x00, 0x41, 0x08, 0x41, 0x08, 0x41, 0x08,
    0x41, 0x08, 0x41, 0x08, 0x41, 0x08, 0x41, 0x08, 0x41, 0x08, 0x41, 0x08,
    0x41, 0x08, 0x41, 0x08, 0x41, 0x08, 0x41, 0x08, 0x41, 0x08, 0x41, 0x08,
    0x41, 0x08, 0x41, 0x00, 0x21, 0x00, 0x41, 0x08, 0x41, 0x08, 0x41, 0x08,
    0x21, 0x00, 0x41, 0x08, 0x41, 0x00, 0x21, 0x08, 0x21, 0x08, 0x21, 0x00,
    0x21, 0x08, 0x21, 0x08, 0x21, 0x00, 0x21, 0x08, 0x21, 0x08, 0x21, 0x00,
    0x21, 0x08, 0x21, 0x08, 0x21, 0x00, 0x21, 0x08, 0x21, 0x08, 0x21, 0x00,
    0x21, 0x08, 0x41, 0x08, 0x21, 0x00, 0x41, 0x08, 0x41, 0x08, 0x21, 0x00,
    0x41, 0x08, 0x41, 0x08, 0x41, 0x08, 0x41, 0x08, 0x41, 0x08, 0x21, 0x00,
    0x41, 0x08, 0x21, 0x00, 0x41, 0x08, 0x41, 0x00, 0x41, 0x08, 0x41, 0x00,
    0x41, 0x08, 0x41, 0x00, 0x41, 0x08, 0x41, 0x08, 0x41, 0x08, 0x41, 0x00,
    0x41, 0x08, 0x41, 0x08, 0x41, 0x08, 0x41, 0x08, 0x41, 0x00, 0x41, 0x00,
    0x41, 0x00, 0x41, 0x00, 0x41, 0x00, 0x41, 0x00, 0x41, 0x08, 0x41, 0x00,
    0x41, 0x08, 0x21, 0x00, 0x41, 0x08, 0x21, 0x00, 0x41, 0x00, 0x41, 0x08,
    0x41, 0x08, 0x41, 0x08, 0x21, 0x00, 0x21, 0x00, 0x21, 0x00, 0x21, 0x00,
    0x21, 0x00, 0x21, 0x00, 0x21, 0x00, 0x21, 0x00, 0x21, 0x00, 0x21, 0x00,
    0x21, 0x00, 0x21, 0x00, 0x21, 0x00, 0x21, 0x00, 0x21, 0x00, 0x21, 0x00,
    0x41, 0x08, 0x21, 0x00, 0x21, 0x08, 0x41, 0x00, 0x41, 0x08, 0x41, 0x00,
    0x41, 0x08, 0x41, 0x00, 0x41, 0x08, 0x41, 0x00, 0x41, 0x08, 0x41, 0x08,
    0x41, 0x00, 0x41, 0x08, 0x41, 0x08, 0x41, 0x08, 0x41, 0x08, 0x41, 0x08,
    0x41, 0x08, 0x21, 0x00, 0x41, 0x08, 0x21, 0x00, 0x41, 0x08, 0x21, 0x08,
    0x21, 0x00, 0x21, 0x00, 0x21, 0x00, 0x21, 0x00, 0x21, 0x00, 0x21, 0x00,
    0x21, 0x00, 0x21, 0x00, 0x21, 0x00, 0x21, 0x00, 0x21, 0x00, 0x21, 0x00,
    0x21, 0x00, 0x21, 0x00, 0x41, 0x08, 0x21, 0x00, 0x41, 0x08, 0x41, 0x08,
    0x21, 0x08, 0x41, 0x08, 0x41, 0x00, 0x41, 0x00, 0x41, 0x08, 0x41, 0x08,
    0x41, 0x00, 0x41, 0x08, 0x41, 0x08, 0x41, 0x00, 0x41, 0x08, 0x41, 0x08,
    0x41, 0x08, 0x41, 0x00, 0x41, 0x08, 0x41, 0x08, 0x41, 0x08, 0x41, 0x00,
    0x41, 0x08, 0x41, 0x08, 0x41, 0x08, 0x41, 0x08, 0x41, 0x08, 0x41, 0x08,
    0x41, 0x08, 0x41, 0x08, 0x41, 0x00, 0x41, 0x00, 0x41, 0x08, 0x41, 0x00,
    0x41, 0x00, 0x41, 0x00, 0x21, 0x00, 0x41, 0x08, 0x41, 0x00, 0x41, 0x08,
    0x41, 0x00, 0x41, 0x00, 0x41, 0x08, 0x41, 0x08, 0x41, 0x08, 0x41, 0x00,
    0x41, 0x08, 0x41, 0x08, 0x41, 0x00, 0x41, 0x08, 0x41, 0x00, 0x41, 0x08,
    0x41, 0x08, 0x41, 0x00, 0x21, 0x00, 0x41, 0x08, 0x41, 0x08, 0x41, 0x00,
    0x41, 0x08, 0x41, 0x08, 0x41, 0x08, 0x41, 0x00, 0x41, 0x08, 0x41, 0x08,
    0x41, 0x08, 0x21, 0x00, 0x21, 0x00, 0x21, 0x08, 0x21, 0x00, 0x21, 0x00,
    0x21, 0x00, 0x21, 0x00, 0x21, 0x00, 0x21, 0x00, 0x21, 0x00, 0x21, 0x00,
    0x21, 0x00, 0x21, 0x00, 0x21, 0x00, 0x21, 0x00, 0x21, 0x08, 0x21, 0x00,
    0x41, 0x00, 0x41, 0x08, 0x41, 0x00, 0x41, 0x08, 0x41, 0x00, 0x41, 0x00,
    0x41, 0x08, 0x41, 0x08, 0x41, 0x00, 0x41, 0x00, 0x41, 0x08, 0x41, 0x08,
    0x41, 0x08, 0x41, 0x08, 0x41, 0x00, 0x41, 0x08, 0x41, 0x08, 0x41, 0x00,
    0x41, 0x08, 0x41, 0x08, 0x41, 0x08, 0x41, 0x00, 0x41, 0x08, 0x41, 0x08,
    0x21, 0x00, 0x21, 0x08, 0x41, 0x00, 0x21, 0x00, 0x21, 0x00, 0x21, 0x00,
    0x21, 0x00, 0x21, 0x00, 0x21, 0x00, 0x21, 0x00, 0x21, 0x00, 0x21, 0x00,
    0x41, 0x08, 0x21, 0x00, 0x21, 0x08, 0x21, 0x08, 0x41, 0x00, 0x41, 0x08,
    0x41, 0x08, 0x41, 0x00, 0x41, 0x08, 0x41, 0x08, 0x41, 0x08, 0x41, 0x00,
    0x41, 0x00, 0x41, 0x08, 0x41, 0x00, 0x41, 0x08, 0x41, 0x00, 0x41, 0x08,
    0x41, 0x00, 0x41, 0x08, 0x41, 0x08, 0x41, 0x08, 0x41, 0x00, 0x41, 0x08,
    0x41, 0x00, 0x41, 0x08, 0x41, 0x00, 0x41, 0x08, 0x21, 0x08, 0x21, 0x00,
    0x21, 0x00, 0x21, 0x00, 0x21, 0x00, 0x21, 0x00, 0x21, 0x00, 0x21, 0x00,
    0x21, 0x00, 0x21, 0x00, 0x21, 0x00, 0x21, 0x00, 0x21, 0x00, 0x21, 0x00,
    0x21, 0x08, 0x21, 0x08, 0x41, 0x08, 0x41, 0x08, 0x21, 0x00, 0x41, 0x08,
    0x41, 0x08, 0x41, 0x08, 0x41, 0x08, 0x41, 0x00, 0x41, 0x08, 0x41, 0x08,
    0x41, 0x00, 0x41, 0x08, 0x41, 0x08, 0x41, 0x00, 0x41, 0x08, 0x41, 0x08,
    0x41, 0x00, 0x41, 0x08, 0x41, 0x08, 0x41, 0x00, 0x41, 0x08, 0x41, 0x08,
    0x41, 0x08, 0x41, 0x08, 0x41, 0x08, 0x41, 0x00, 0x41, 0x08, 0x41, 0x08,
    0x41, 0x00, 0x41, 0x00, 0x41, 0x00, 0x41, 0x00, 0x41, 0x08, 0x21, 0x00,
    0x21, 0x08, 0x41, 0x08, 0x41, 0x08, 0xa7, 0x31, 0xf4, 0x9c, 0xd7, 0xbd,
    0xd7, 0xbd, 0xd8, 0xbd, 0xd7, 0xbd, 0xd7, 0xbd, 0xd7, 0xbd, 0xd8, 0xbd,
    0xd7, 0xbd, 0xd7, 0xbd, 0xd8, 0xbd, 0xd7, 0xbd, 0xd7, 0xbd, 0xd7, 0xbd,
    0xf8, 0xbd, 0xd7, 0xbd, 0xd7, 0xbd, 0xd8, 0xbd, 0xd7, 0xbd, 0x8e, 0x73,
    0x41, 0x08, 0x41, 0x08, 0x21, 0x00, 0x41, 0x08, 0x41, 0x08, 0x21, 0x00,
    0x21, 0x08, 0x21, 0x00, 0x41, 0x08, 0x41, 0x08, 0x41, 0x08, 0x41, 0x08,
    0x41, 0x08, 0x41, 0x08, 0x41, 0x08, 0x41, 0x08, 0x41, 0x08, 0x41, 0x08,
    0x41, 0x08, 0x41, 0x08, 0x41, 0x08, 0x41, 0x08, 0x41, 0x08, 0x41, 0x08,
    0x41, 0x08, 0x41, 0x08, 0x41, 0x08, 0x21, 0x08, 0x41, 0x08, 0x21, 0x00,
    0xa3, 0x18, 0x72, 0x8c, 0xd7, 0xbd, 0xd7, 0xbd, 0xf8, 0xbd, 0xd7, 0xbd,
    0xd7, 0xbd, 0xd8, 0xbd, 0xd7, 0xbd, 0x72, 0x8c, 0xa3, 0x10, 0x41, 0x00,
    0x21, 0x08, 0x21, 0x00, 0x41, 0x08, 0x21, 0x08, 0x41, 0x08, 0x41, 0x08,
    0x41, 0x08, 0x41, 0x08, 0x41, 0x08, 0x41, 0x08, 0x41, 0x08, 0x41, 0x08,
    0x41, 0x08, 0x41, 0x08, 0x41, 0x08, 0x41, 0x08, 0x41, 0x08, 0x41, 0x08,
    0x41, 0x08, 0x41, 0x08, 0x41, 0x08, 0x41, 0x08, 0x41, 0x08, 0x41, 0x08,
    0x21, 0x00, 0x41, 0x00, 0x41, 0x08, 0x21, 0x08, 0x41, 0x08, 0x6e, 0x73,
    0xf8, 0xbd, 0xd7, 0xbd, 0xd7, 0xbd, 0xd8, 0xbd, 0xd7, 0xbd, 0xd7, 0xbd,
    0xd8, 0xbd, 0xd7, 0xbd, 0xd7, 0xbd, 0xd8, 0xbd, 0xd7, 0xbd, 0xd7, 0xbd,
    0xd8, 0xbd, 0xd7, 0xbd, 0xd7, 0xbd, 0xd8, 0xbd, 0xd7, 0xbd, 0x76, 0xad,
    0x8a, 0x52, 0x21, 0x08, 0x41, 0x08, 0x41, 0x08, 0x41, 0x08, 0x21, 0x00,
    0x41, 0x08, 0x41, 0x08, 0x21, 0x08, 0x41, 0x08, 0x8a, 0x52, 0x56, 0xad,
    0xf8, 0xbd, 0xf7, 0xbd, 0xd7, 0xbd, 0xd7, 0xbd, 0xf7, 0xbd, 0xd8, 0xbd,
    0xd7, 0xbd, 0xd7, 0xbd, 0xd8, 0xbd, 0xd7, 0xbd, 0xd7, 0xbd, 0xf8, 0xbd,
    0xd7, 0xbd, 0xd7, 0xbd, 0xd8, 0xbd, 0xf7, 0xbd, 0xd8, 0xbd, 0x75, 0xad,
    0x8a, 0x52, 0x21, 0x00, 0x41, 0x08, 0x41, 0x08, 0x21, 0x00, 0x21, 0x00,
    0x21, 0x08, 0x41, 0x08, 0x41, 0x08, 0x41, 0x08, 0x41, 0x08, 0x41, 0x08,
    0x41, 0x08, 0x41, 0x08, 0x41, 0x08, 0x41, 0x08, 0x41, 0x08, 0x41, 0x08,
    0x41, 0x08, 0x41, 0x08, 0x41, 0x08, 0x41, 0x08, 0x41, 0x08, 0x41, 0x08,
    0x41, 0x08, 0x21, 0x08, 0x21, 0x08, 0x41, 0x08, 0x21, 0x08, 0x41, 0x08,
    0x41, 0x08, 0xa7, 0x31, 0xf4, 0x9c, 0xd7, 0xbd, 0xd7, 0xbd, 0xd8, 0xbd,
    0xd7, 0xbd, 0xd7, 0xbd, 0xd7, 0xbd, 0xd7, 0xbd, 0x8e, 0x73, 0x21, 0x00,
    0x41, 0x08, 0x21, 0x00, 0x41, 0x08, 0x21, 0x08, 0x41, 0x08, 0x41, 0x08,
    0x21, 0x00, 0x41, 0x08, 0x41, 0x08, 0x41, 0x08, 0x41, 0x08, 0x41, 0x08,
    0x41, 0x08, 0x41, 0x08, 0x41, 0x08, 0x41, 0x08, 0x41, 0x08, 0x41, 0x08,
    0x41, 0x08, 0x41, 0x08, 0x41, 0x08, 0x41, 0x08, 0x41, 0x08, 0x41, 0x08,
    0x21, 0x00, 0x41, 0x08, 0x41, 0x08, 0x41, 0x08, 0x21, 0x00, 0xa3, 0x18,
    0x72, 0x8c, 0xd7, 0xbd, 0xd7, 0xbd, 0xf8, 0xbd, 0xd7, 0xbd, 0xd7, 0xbd,
    0xd7, 0xbd, 0xd8, 0xbd, 0x72, 0x8c, 0xa3, 0x18, 0x21, 0x00, 0x41, 0x08,
    0x21, 0x00, 0x41, 0x08, 0x41, 0x08, 0x21, 0x00, 0x41, 0x08, 0x41, 0x08,
    0x41, 0x08, 0x41, 0x08, 0x41, 0x08, 0x41, 0x08, 0x41, 0x08, 0x41, 0x08,
    0x41, 0x08, 0x41, 0x08, 0x41, 0x08, 0x41, 0x08, 0x41, 0x08, 0x41, 0x08,
    0x41, 0x08, 0x41, 0x08, 0x41, 0x00, 0x21, 0x08, 0x41, 0x08, 0x21, 0x00,
    0x41, 0x08, 0x41, 0x08, 0x21, 0x00, 0x21, 0x08, 0x8e, 0x73, 0xd7, 0xbd,
    0xd7, 0xbd, 0xd8, 0xbd, 0xd7, 0xbd, 0xd7, 0xbd, 0xd8, 0xbd, 0xd7, 0xbd,
    0xd7, 0xbd, 0xd8, 0xbd, 0xd7, 0xbd, 0xd7, 0xbd, 0xd8, 0xbd, 0xd7, 0xbd,
    0xd7, 0xbd, 0xd8, 0xbd, 0xd7, 0xbd, 0xd7, 0xbd, 0x76, 0xad, 0x8a, 0x52,
    0x21, 0x08, 0x41, 0x08, 0x41, 0x08, 0x21, 0x08, 0x21, 0x08, 0x21, 0x08,
    0x21, 0x08, 0x41, 0x00, 0x41, 0x08, 0xa7, 0x31, 0x3d, 0xef, 0xbe, 0xff,
    0xbf, 0xff, 0xbe, 0xf7, 0xbf, 0xff, 0xbf, 0xff, 0xbf, 0xf7, 0xdf, 0xff,
    0xbf, 0xf7, 0xbf, 0xff, 0xdf, 0xf7, 0xbf, 0xf7, 0xdf, 0xff, 0xbf, 0xf7,
    0xbe, 0xff, 0xbf, 0xff, 0xbf, 0xff, 0xdf, 0xff, 0xbe, 0xff, 0xbf, 0xff,
    0xbf, 0xf7, 0xd7, 0xbd, 0x41, 0x08, 0x41, 0x08, 0x21, 0x08, 0x21, 0x00,
    0x41, 0x08, 0x41, 0x08, 0x41, 0x08, 0x41, 0x08, 0x41, 0x08, 0x41, 0x08,
    0x41, 0x08, 0x41, 0x08, 0x41, 0x08, 0x41, 0x08, 0x41, 0x08, 0x41, 0x08,
    0x41, 0x08, 0x41, 0x08, 0x41, 0x08, 0x41, 0x08, 0x41, 0x08, 0x41, 0x08,
    0x41, 0x08, 0x41, 0x08, 0x41, 0x00, 0x21, 0x00, 0x41, 0x08, 0x41, 0x08,
    0xc3, 0x10, 0x59, 0xce, 0xbf, 0xff, 0xde, 0xf7, 0xbf, 0xff, 0xbf, 0xff,
    0xbf, 0xf7, 0xbf, 0xff, 0xbe, 0xf7, 0xbe, 0xf7, 0xbf, 0xff, 0xdb, 0xde,
    0xa3, 0x18, 0x41, 0x00, 0x41, 0x08, 0x21, 0x00, 0x41, 0x08, 0x41, 0x08,
    0x21, 0x00, 0x21, 0x00, 0x41, 0x08, 0x41, 0x08, 0x41, 0x08, 0x41, 0x08,
    0x41, 0x08, 0x41, 0x08, 0x41, 0x08, 0x41, 0x08, 0x41, 0x08, 0x41, 0x08,
    0x41, 0x08, 0x41, 0x08, 0x41, 0x08, 0x41, 0x08, 0x41, 0x00, 0x41, 0x08,
    0x41, 0x00, 0x41, 0x00, 0x41, 0x08, 0x41, 0x08, 0x41, 0x00, 0xf4, 0x9c,
    0xbf, 0xf7, 0xdf, 0xff, 0xbf, 0xff, 0xbf, 0xf7, 0xdf, 0xff, 0xbf, 0xff,
    0xdf, 0xf7, 0xbf, 0xf7, 0xdf, 0xff, 0xbf, 0xff, 0xdf, 0xf7, 0xbf, 0xf7,
    0xdf, 0xff, 0xbf, 0xff, 0xdf, 0xf7, 0xbf, 0xf7, 0xdf, 0xff, 0xdf, 0xff,
    0xbe, 0xf7, 0xbf, 0xf7, 0x10, 0x7c, 0x41, 0x08, 0x41, 0x08, 0x41, 0x08,
    0x41, 0x08, 0x21, 0x08, 0x41, 0x00, 0x41, 0x08, 0x0c, 0x63, 0xbf, 0xf7,
    0xdf, 0xff, 0xbe, 0xf7, 0xbf, 0xff, 0xbf, 0xf7, 0xbf, 0xff, 0xbf, 0xf7,
    0xbf, 0xff, 0xdf, 0xff, 0xbf, 0xf7, 0xbf, 0xff, 0xdf, 0xff, 0xbf, 0xf7,
    0xbf, 0xff, 0xbe, 0xf7, 0xbf, 0xff, 0xbf, 0xff, 0xbe, 0xf7, 0xbf, 0xf7,
    0xdf, 0xff, 0xbf, 0xff, 0x0c, 0x63, 0x41, 0x08, 0x21, 0x00, 0x41, 0x08,
    0x21, 0x08, 0x41, 0x08, 0x21, 0x00, 0x41, 0x08, 0x41, 0x08, 0x41, 0x00,
    0x41, 0x08, 0x41, 0x08, 0x41, 0x08, 0x41, 0x08, 0x41, 0x08, 0x41, 0x08,
    0x41, 0x08, 0x41, 0x08, 0x41, 0x08, 0x41, 0x08, 0x41, 0x08, 0x41, 0x08,
    0x41, 0x08, 0x41, 0x08, 0x41, 0x08, 0x21, 0x00, 0x41, 0x08, 0x41, 0x08,
    0x41, 0x08, 0xa6, 0x31, 0x5d, 0xef, 0xbf, 0xf7, 0xbe, 0xff, 0xbf, 0xff,
    0xbf, 0xf7, 0xbf, 0xf7, 0xdf, 0xff, 0xbf, 0xf7, 0xbf, 0xff, 0xbe, 0xf7,
    0xf4, 0x9c, 0x41, 0x08, 0x41, 0x08, 0x41, 0x08, 0x41, 0x00, 0x41, 0x00,
    0x41, 0x08, 0x41, 0x08, 0x41, 0x08, 0x41, 0x08, 0x41, 0x08, 0x41, 0x08,
    0x41, 0x08, 0x41, 0x08, 0x41, 0x08, 0x41, 0x08, 0x41, 0x08, 0x41, 0x08,
    0x41, 0x08, 0x41, 0x08, 0x41, 0x00, 0x41, 0x08, 0x41, 0x00, 0x41, 0x08,
    0x21, 0x00, 0x41, 0x08, 0x21, 0x00, 0x41, 0x08, 0x41, 0x00, 0xc3, 0x18,
    0x59, 0xce, 0xdf, 0xff, 0xbf, 0xff, 0xbf, 0xff, 0xbe, 0xf7, 0xbf, 0xff,
    0xdf, 0xff, 0xbe, 0xf7, 0xbf, 0xff, 0xbf, 0xff, 0x59, 0xce, 0xc3, 0x18,
    0x41, 0x00, 0x41, 0x08, 0x41, 0x08, 0x41, 0x08, 0x41, 0x08, 0x41, 0x00,
    0x41, 0x08, 0x41, 0x08, 0x41, 0x08, 0x41, 0x08, 0x41, 0x08, 0x41, 0x08,
    0x41, 0x08, 0x41, 0x08, 0x41, 0x08, 0x41, 0x08, 0x41, 0x08, 0x41, 0x08,
    0x41, 0x08, 0x41, 0x08, 0x41, 0x00, 0x41, 0x08, 0x41, 0x08, 0x21, 0x00,
    0x41, 0x08, 0x41, 0x08, 0x41, 0x00, 0x41, 0x08, 0xf4, 0x9c, 0xbf, 0xf7,
    0xbf, 0xff, 0xbf, 0xf7, 0xdf, 0xff, 0xbf, 0xff, 0xdf, 0xf7, 0xbf, 0xff,
    0xdf, 0xff, 0xbf, 0xf7, 0xdf, 0xff, 0xbf, 0xff, 0xdf, 0xf7, 0xbf, 0xff,
    0xdf, 0xf7, 0xbf, 0xf7, 0xbf, 0xff, 0xdf, 0xf7, 0xbf, 0xff, 0xbf, 0xff,
    0xbe, 0xf7, 0x10, 0x84, 0x41, 0x00, 0x41, 0x08, 0x41, 0x08, 0x21, 0x00,
    0x41, 0x08, 0x41, 0x00, 0x41, 0x08, 0x41, 0x08, 0x75, 0xad, 0xbf, 0xf7,
    0xbe, 0xf7, 0xbf, 0xf7, 0xbe, 0xf7, 0xdf, 0xff, 0xbe, 0xf7, 0xdf, 0xf7,
    0xde, 0xff, 0xde, 0xf7, 0xdf, 0xf7, 0xde, 0xff, 0xde, 0xf7, 0xdf, 0xf7,
    0xdf, 0xff, 0xbf, 0xf7, 0xbe, 0xf7, 0xbf, 0xff, 0xbe, 0xf7, 0xbf, 0xff,
    0xbf, 0xff, 0xbf, 0xf7, 0xbe, 0xf7, 0x29, 0x42, 0x41, 0x08, 0x41, 0x08,
    0x41, 0x08, 0x21, 0x00, 0x21, 0x08, 0x41, 0x08, 0x42, 0x00, 0x21, 0x00,
    0x21, 0x08, 0x21, 0x00, 0x21, 0x00, 0x21, 0x08, 0x21, 0x00, 0x21, 0x00,
    0x21, 0x08, 0x21, 0x00, 0x21, 0x00, 0x21, 0x08, 0x21, 0x00, 0x21, 0x00,
    0x21, 0x08, 0x21, 0x00, 0x21, 0x00, 0x21, 0x08, 0x41, 0x08, 0x41, 0x00,
    0x41, 0x08, 0x8e, 0x73, 0xbf, 0xff, 0xbf, 0xff, 0xbf, 0xf7, 0xde, 0xf7,
    0xdf, 0xff, 0xde, 0xf7, 0xdf, 0xff, 0xdf, 0xff, 0xdf, 0xf7, 0xbe, 0xf7,
    0xdf, 0xff, 0x8e, 0x73, 0x41, 0x08, 0x21, 0x08, 0x41, 0x08, 0x41, 0x00,
    0x21, 0x00, 0x21, 0x08, 0x41, 0x08, 0x21, 0x00, 0x21, 0x00, 0x21, 0x08,
    0x21, 0x00, 0x21, 0x00, 0x21, 0x08, 0x21, 0x00, 0x21, 0x00, 0x21, 0x08,
    0x21, 0x00, 0x21, 0x00, 0x21, 0x08, 0x21, 0x00, 0x21, 0x00, 0x21, 0x08,
    0x21, 0x08, 0x21, 0x08, 0x21, 0x08, 0x41, 0x08, 0x41, 0x08, 0xa7, 0x31,
    0xbf, 0xff, 0xbe, 0xff, 0xbe, 0xf7, 0xdf, 0xf7, 0xde, 0xff, 0xde, 0xf7,
    0xdf, 0xf7, 0xbe, 0xff, 0xde, 0xf7, 0xdf, 0xf7, 0xde, 0xff, 0xbe, 0xf7,
    0xdf, 0xf7, 0xde, 0xff, 0xde, 0xf7, 0xdf, 0xf7, 0xde, 0xff, 0xbf, 0xf7,
    0xdf, 0xf7, 0xbf, 0xff, 0xbe, 0xf7, 0xbf, 0xf7, 0xa3, 0x18, 0x21, 0x08,
    0x41, 0x00, 0x21, 0x08, 0x21, 0x00, 0x21, 0x08, 0x41, 0x00, 0x3d, 0xef,
    0xbe, 0xf7, 0xdf, 0xf7, 0xbe, 0xff, 0xbe, 0xf7, 0xdf, 0xff, 0xde, 0xf7,
    0xdf, 0xf7, 0xde, 0xff, 0xde, 0xf7, 0xdf, 0xf7, 0xde, 0xf7, 0xde, 0xf7,
    0xbf, 0xff, 0xdf, 0xf7, 0xdf, 0xf7, 0xbe, 0xf7, 0xdf, 0xff, 0xbf, 0xff,
    0xde, 0xf7, 0xbf, 0xf7, 0xbf, 0xff, 0x5d, 0xe7, 0x21, 0x08, 0x41, 0x08,
    0x41, 0x00, 0x41, 0x08, 0x41, 0x00, 0x41, 0x08, 0x21, 0x00, 0x21, 0x00,
    0x21, 0x08, 0x21, 0x00, 0x21, 0x00, 0x21, 0x08, 0x21, 0x00, 0x21, 0x00,
    0x21, 0x08, 0x21, 0x00, 0x21, 0x00, 0x21, 0x08, 0x21, 0x00, 0x21, 0x00,
    0x21, 0x00, 0x21, 0x00, 0x41, 0x00, 0x21, 0x08, 0x41, 0x08, 0x41, 0x00,
    0x21, 0x00, 0x21, 0x08, 0x76, 0xad, 0xbf, 0xf7, 0xbe, 0xf7, 0xdf, 0xff,
    0xdf, 0xff, 0xbe, 0xf7, 0xde, 0xff, 0xbf, 0xf7, 0xdf, 0xf7, 0xbe, 0xf7,
    0xdf, 0xff, 0xbf, 0xff, 0xa6, 0x31, 0x41, 0x08, 0x21, 0x00, 0x41, 0x08,
    0x21, 0x08, 0x21, 0x00, 0x21, 0x00, 0x21, 0x00, 0x21, 0x00, 0x21, 0x00,
    0x21, 0x00, 0x21, 0x00, 0x21, 0x08, 0x21, 0x00, 0x21, 0x00, 0x21, 0x08,
    0x21, 0x00, 0x21, 0x00, 0x21, 0x08, 0x21, 0x00, 0x21, 0x08, 0x21, 0x08,
    0x21, 0x00, 0x41, 0x08, 0x21, 0x08, 0x41, 0x08, 0x41, 0x08, 0x21, 0x08,
    0x8e, 0x73, 0xbf, 0xf7, 0xbf, 0xf7, 0xde, 0xf7, 0xbe, 0xf7, 0xbf, 0xff,
    0xdf, 0xf7, 0xbf, 0xff, 0xdf, 0xf7, 0xbe, 0xf7, 0xde, 0xff, 0xbf, 0xf7,
    0x8e, 0x73, 0x41, 0x08, 0x21, 0x00, 0x21, 0x08, 0x41, 0x08, 0x21, 0x00,
    0x21, 0x08, 0x21, 0x00, 0x21, 0x00, 0x21, 0x00, 0x21, 0x00, 0x21, 0x08,
    0x21, 0x00, 0x21, 0x00, 0x21, 0x08, 0x21, 0x00, 0x21, 0x00, 0x21, 0x08,
    0x21, 0x00, 0x21, 0x00, 0x21, 0x08, 0x21, 0x00, 0x21, 0x08, 0x41, 0x08,
    0x41, 0x08, 0x41, 0x08, 0x41, 0x08, 0x41, 0x08, 0xa7, 0x31, 0xbf, 0xf7,
    0xbf, 0xf7, 0xde, 0xff, 0xdf, 0xf7, 0xde, 0xf7, 0xde, 0xf7, 0xdf, 0xf7,
    0xde, 0xff, 0xbe, 0xf7, 0xdf, 0xf7, 0xde, 0xf7, 0xde, 0xff, 0xbf, 0xf7,
    0xde, 0xff, 0xde, 0xf7, 0xdf, 0xff, 0xde, 0xf7, 0xde, 0xf7, 0xdf, 0xf7,
    0xbe, 0xf7, 0xbf, 0xff, 0xbf, 0xf7, 0xa3, 0x10, 0x41, 0x08, 0x41, 0x08,
    0x21, 0x00, 0x41, 0x08, 0x41, 0x08, 0x41, 0x08, 0x41, 0x08, 0xbf, 0xf7,
    0xde, 0xff, 0xbf, 0xff, 0xbf, 0xff, 0xdf, 0xff, 0xde, 0xf7, 0xbf, 0xff,
    0xbf, 0xff, 0xbe, 0xff, 0xbf, 0xff, 0xbf, 0xff, 0xbe, 0xff, 0xbf, 0xff,
    0xbf, 0xff, 0xbe, 0xff, 0xbf, 0xff, 0xbf, 0xf7, 0xbe, 0xff, 0xbf, 0xff,
    0xde, 0xf7, 0xbe, 0xff, 0xbf, 0xff, 0xbf, 0xff, 0x10, 0x84, 0x21, 0x00,
    0x41, 0x08, 0x41, 0x08, 0x21, 0x00, 0x41, 0x08, 0x41, 0x08, 0x41, 0x08,
    0x41, 0x08, 0x41, 0x08, 0x41, 0x08, 0x41, 0x08, 0x41, 0x08, 0x41, 0x08,
    0x41, 0x08, 0x41, 0x08, 0x41, 0x08, 0x41, 0x08, 0x41, 0x08, 0x41, 0x08,
    0x41, 0x08, 0x41, 0x08, 0x41, 0x08, 0x41, 0x08, 0x41, 0x08, 0x21, 0x00,
    0x41, 0x08, 0x21, 0x08, 0xf4, 0x9c, 0xde, 0xf7, 0xdf, 0xf7, 0xbe, 0xff,
    0xbf, 0xff, 0xbe, 0xff, 0xbf, 0xff, 0xbe, 0xf7, 0xbf, 0xff, 0xbf, 0xff,
    0xbe, 0xff, 0xbf, 0xf7, 0xd7, 0xbd, 0x21, 0x00, 0x41, 0x08, 0x41, 0x08,
    0x21, 0x00, 0x41, 0x08, 0x41, 0x08, 0x41, 0x08, 0x41, 0x08, 0x41, 0x08,
    0x41, 0x08, 0x41, 0x08, 0x41, 0x08, 0x41, 0x08, 0x41, 0x08, 0x41, 0x08,
    0x41, 0x08, 0x41, 0x08, 0x41, 0x08, 0x41, 0x08, 0x41, 0x08, 0x41, 0x08,
    0x41, 0x08, 0x41, 0x08, 0x21, 0x00, 0x41, 0x08, 0x21, 0x00, 0x41, 0x08,
    0x8e, 0x73, 0xdf, 0xff, 0xbe, 0xf7, 0xbe, 0xff, 0xbf, 0xff, 0xbf, 0xff,
    0xbe, 0xff, 0xbf, 0xff, 0xbf, 0xff, 0xbe, 0xff, 0xbf, 0xff, 0xbf, 0xff,
    0xbe, 0xff, 0xbf, 0xff, 0xbf, 0xff, 0xbe, 0xff, 0xbf, 0xff, 0xbe, 0xff,
    0xbe, 0xff, 0xdf, 0xff, 0xdf, 0xff, 0xbe, 0xff, 0xdf, 0xf7, 0x28, 0x42,
    0x21, 0x08, 0x41, 0x08, 0x41, 0x00, 0x41, 0x08, 0x21, 0x08, 0x28, 0x42,
    0xdf, 0xf7, 0xbf, 0xff, 0xbf, 0xff, 0xbf, 0xff, 0xdf, 0xf7, 0xde, 0xff,
    0xbf, 0xff, 0xbf, 0xff, 0xbe, 0xff, 0xbf, 0xff, 0xbf, 0xff, 0xbe, 0xff,
    0xbf, 0xff, 0xbe, 0xff, 0xbf, 0xff, 0xbe, 0xff, 0xbf, 0xff, 0xbf, 0xf7,
    0xbe, 0xff, 0xbf, 0xff, 0xbe, 0xff, 0xbf, 0xf7, 0xdf, 0xf7, 0x28, 0x42,
    0x41, 0x08, 0x21, 0x08, 0x21, 0x00, 0x41, 0x08, 0x42, 0x08, 0x21, 0x08,
    0x41, 0x08, 0x41, 0x08, 0x41, 0x08, 0x41, 0x08, 0x41, 0x08, 0x41, 0x08,
    0x41, 0x08, 0x41, 0x08, 0x41, 0x08, 0x41, 0x08, 0x41, 0x08, 0x41, 0x08,
    0x41, 0x08, 0x41, 0x08, 0x41, 0x08, 0x41, 0x08, 0x42, 0x08, 0x21, 0x00,
    0x41, 0x08, 0x41, 0x08, 0x41, 0x08, 0x5d, 0xef, 0xbe, 0xf7, 0xbf, 0xff,
    0xbf, 0xff, 0xbe, 0xf7, 0xbf, 0xff, 0xbe, 0xff, 0xbf, 0xff, 0xbe, 0xff,
    0xbf, 0xff, 0xbf, 0xff, 0xdf, 0xf7, 0xf0, 0x83, 0x41, 0x08, 0x41, 0x08,
    0x21, 0x08, 0x41, 0x08, 0x41, 0x08, 0x41, 0x08, 0x41, 0x08, 0x41, 0x08,
    0x41, 0x08, 0x41, 0x08, 0x41, 0x08, 0x41, 0x08, 0x41, 0x08, 0x41, 0x08,
    0x41, 0x08, 0x41, 0x08, 0x41, 0x08, 0x41, 0x08, 0x41, 0x08, 0x41, 0x08,
    0x41, 0x08, 0x41, 0x08, 0x21, 0x00, 0x41, 0x08, 0x41, 0x08, 0x41, 0x00,
    0x41, 0x08, 0x75, 0xad, 0xbf, 0xff, 0xbe, 0xff, 0xbf, 0xff, 0xbf, 0xff,
    0xbe, 0xff, 0xbe, 0xff, 0xbf, 0xf7, 0xbf, 0xff, 0xbe, 0xff, 0xdf, 0xf7,
    0xdf, 0xf7, 0xd7, 0xbd, 0x21, 0x08, 0x41, 0x00, 0x21, 0x08, 0x41, 0x08,
    0x41, 0x00, 0x21, 0x08, 0x41, 0x08, 0x41, 0x08, 0x41, 0x08, 0x41, 0x08,
    0x41, 0x08, 0x41, 0x08, 0x41, 0x08, 0x41, 0x08, 0x41, 0x08, 0x41, 0x08,
    0x41, 0x08, 0x41, 0x08, 0x41, 0x08, 0x41, 0x08, 0x41, 0x08, 0x41, 0x00,
    0x41, 0x08, 0x21, 0x00, 0x41, 0x00, 0x21, 0x08, 0x21, 0x00, 0x8e, 0x73,
    0xbe, 0xf7, 0xbe, 0xff, 0xbf, 0xff, 0xbf, 0xff, 0xbe, 0xff, 0xbf, 0xff,
    0xbf, 0xff, 0xbe, 0xff, 0xbf, 0xff, 0xbf, 0xff, 0xbe, 0xff, 0xbf, 0xf7,
    0xbf, 0xff, 0xbe, 0xff, 0xbf, 0xff, 0xbf, 0xff, 0xbe, 0xff, 0xbf, 0xff,
    0xbf, 0xff, 0xbf, 0xff, 0xdf, 0xf7, 0xdf, 0xff, 0x28, 0x42, 0x41, 0x08,
    0x21, 0x08, 0x41, 0x08, 0x21, 0x00, 0x41, 0x08, 0x41, 0x08, 0x41, 0x00,
    0xbf, 0xf7, 0xdf, 0xff, 0xde, 0xf7, 0xbf, 0xff, 0xbe, 0xff, 0xdf, 0xf7,
    0xdf, 0xf7, 0xbe, 0xff, 0xbf, 0xf7, 0xbf, 0xff, 0xbf, 0xf7, 0xbf, 0xff,
    0xbe, 0xff, 0xbf, 0xf7, 0xdf, 0xff, 0xde, 0xff, 0xdf, 0xff, 0xbf, 0xf7,
    0xbf, 0xff, 0xdf, 0xf7, 0xbe, 0xff, 0xbf, 0xff, 0xbf, 0xf7, 0x10, 0x84,
    0x21, 0x08, 0x41, 0x08, 0x21, 0x00, 0x41, 0x08, 0x41, 0x08, 0x41, 0x00,
    0x21, 0x08, 0x41, 0x08, 0x42, 0x00, 0x41, 0x08, 0x41, 0x08, 0x42, 0x08,
    0x41, 0x08, 0x41, 0x08, 0x42, 0x00, 0x41, 0x08, 0x41, 0x08, 0x42, 0x08,
    0x41, 0x08, 0x41, 0x00, 0x42, 0x08, 0x41, 0x08, 0x41, 0x08, 0x21, 0x00,
    0x41, 0x08, 0x41, 0x08, 0x41, 0x08, 0xd7, 0xbd, 0xbf, 0xf7, 0xde, 0xff,
    0xbf, 0xff, 0xbf, 0xf7, 0xbf, 0xff, 0xbe, 0xf7, 0xbf, 0xff, 0xbe, 0xf7,
    0xbf, 0xff, 0xbf, 0xff, 0xbe, 0xf7, 0xf7, 0xbd, 0x41, 0x08, 0x41, 0x08,
    0x41, 0x08, 0x21, 0x08, 0x42, 0x08, 0x41, 0x08, 0x41, 0x00, 0x42, 0x08,
    0x41, 0x08, 0x41, 0x08, 0x42, 0x08, 0x41, 0x00, 0x41, 0x08, 0x42, 0x08,
    0x41, 0x08, 0x41, 0x00, 0x42, 0x08, 0x41, 0x08, 0x41, 0x08, 0x42, 0x08,
    0x41, 0x00, 0x41, 0x08, 0x42, 0x08, 0x41, 0x00, 0x41, 0x08, 0x41, 0x08,
    0x41, 0x08, 0xf0, 0x7b, 0xbf, 0xf7, 0xbf, 0xff, 0xbf, 0xff, 0xbf, 0xf7,
    0xbf, 0xf7, 0xbe, 0xff, 0xbf, 0xf7, 0xbf, 0xf7, 0xbf, 0xff, 0xbf, 0xf7,
    0xbf, 0xf7, 0xbe, 0xff, 0xbf, 0xf7, 0xbf, 0xf7, 0xbf, 0xff, 0xbf, 0xf7,
    0xbf, 0xf7, 0xbf, 0xff, 0xbe, 0xff, 0xbf, 0xf7, 0xdf, 0xff, 0xdf, 0xff,
    0x28, 0x42, 0x21, 0x08, 0x41, 0x08, 0x41, 0x00, 0x41, 0x08, 0x21, 0x08,
    0x28, 0x42, 0xdf, 0xf7, 0xbf, 0xff, 0xbe, 0xff, 0xbf, 0xf7, 0xdf, 0xf7,
    0xbe, 0xff, 0xbf, 0xff, 0xbf, 0xf7, 0xbe, 0xf7, 0xbf, 0xff, 0xbf, 0xff,
    0xbf, 0xf7, 0xbf, 0xff, 0xbf, 0xf7, 0xbe, 0xff, 0xbf, 0xff, 0xbe, 0xf7,
    0xdf, 0xff, 0xbf, 0xf7, 0xbe, 0xff, 0xbf, 0xff, 0xbe, 0xff, 0xdf, 0xf7,
    0x28, 0x42, 0x41, 0x08, 0x21, 0x08, 0x21, 0x08, 0x41, 0x08, 0x41, 0x08,
    0x21, 0x00, 0x41, 0x08, 0x42, 0x08, 0x41, 0x08, 0x41, 0x08, 0x42, 0x00,
    0x41, 0x08, 0x41, 0x08, 0x42, 0x00, 0x41, 0x08, 0x41, 0x08, 0x42, 0x08,
    0x41, 0x08, 0x41, 0x08, 0x42, 0x08, 0x41, 0x08, 0x41, 0x08, 0x21, 0x00,
    0x41, 0x08, 0x41, 0x08, 0x41, 0x08, 0x21, 0x00, 0xdf, 0xf7, 0xdf, 0xff,
    0xbe, 0xf7, 0xbe, 0xff, 0xbf, 0xf7, 0xdf, 0xff, 0xbf, 0xf7, 0xbe, 0xff,
    0xdf, 0xff, 0xbe, 0xf7, 0xbe, 0xf7, 0xdf, 0xf7, 0xf0, 0x83, 0x41, 0x08,
    0x41, 0x00, 0x21, 0x00, 0x21, 0x08, 0x41, 0x08, 0x41, 0x08, 0x41, 0x08,
    0x41, 0x08, 0x41, 0x08, 0x41, 0x08, 0x41, 0x08, 0x42, 0x08, 0x41, 0x08,
    0x41, 0x00, 0x42, 0x08, 0x41, 0x08, 0x41, 0x08, 0x42, 0x00, 0x41, 0x08,
    0x41, 0x08, 0x42, 0x00, 0x41, 0x08, 0x21, 0x08, 0x41, 0x08, 0x41, 0x00,
    0x21, 0x08, 0x21, 0x08, 0xf7, 0xbd, 0xbf, 0xf7, 0xbf, 0xff, 0xbf, 0xf7,
    0xdf, 0xff, 0xbe, 0xf7, 0xbf, 0xff, 0xdf, 0xff, 0xbe, 0xff, 0xbf, 0xff,
    0xbf, 0xff, 0xde, 0xf7, 0xd7, 0xbd, 0x41, 0x08, 0x41, 0x08, 0x21, 0x00,
    0x41, 0x08, 0x41, 0x08, 0x21, 0x00, 0x41, 0x08, 0x41, 0x08, 0x41, 0x08,
    0x41, 0x08, 0x42, 0x08, 0x41, 0x08, 0x41, 0x00, 0x42, 0x08, 0x41, 0x08,
    0x41, 0x08, 0x42, 0x00, 0x41, 0x08, 0x41, 0x08, 0x42, 0x08, 0x41, 0x08,
    0x41, 0x08, 0x21, 0x00, 0x21, 0x08, 0x41, 0x08, 0x41, 0x08, 0x21, 0x08,
    0x10, 0x84, 0xdf, 0xf7, 0xbe, 0xff, 0xbf, 0xff, 0xbf, 0xf7, 0xbe, 0xff,
    0xbf, 0xff, 0xbf, 0xf7, 0xbf, 0xf7, 0xbf, 0xff, 0xbe, 0xff, 0xbf, 0xf7,
    0xbf, 0xff, 0xbf, 0xff, 0xbf, 0xf7, 0xbf, 0xf7, 0xbe, 0xff, 0xbf, 0xf7,
    0xbf, 0xff, 0xbe, 0xff, 0xbe, 0xf7, 0xdf, 0xff, 0xbf, 0xf7, 0x28, 0x42,
    0x41, 0x08, 0x21, 0x00, 0x41, 0x08, 0x41, 0x08, 0x41, 0x08, 0x42, 0x08,
    0x41, 0x08, 0xbf, 0xff, 0xdf, 0xff, 0xbe, 0xf7, 0xbf, 0xff, 0xbf, 0xff,
    0xbe, 0xf7, 0xdf, 0xf7, 0xbe, 0xff, 0xbf, 0xff, 0xde, 0xf7, 0xbe, 0xf7,
    0xbf, 0xff, 0xde, 0xf7, 0xbf, 0xf7, 0xbf, 0xff, 0xbe, 0xf7, 0xbe, 0xff,
    0xbf, 0xff, 0xbe, 0xf7, 0xbf, 0xff, 0xdf, 0xf7, 0xbe, 0xff, 0xde, 0xf7,
    0x10, 0x7c, 0x21, 0x08, 0x41, 0x08, 0x21, 0x00, 0x21, 0x08, 0x42, 0x08,
    0x41, 0x00, 0x21, 0x08, 0x41, 0x08, 0x41, 0x00, 0x21, 0x08, 0x41, 0x00,
    0x41, 0x00, 0x21, 0x08, 0x41, 0x08, 0x41, 0x00, 0x21, 0x08, 0x41, 0x00,
    0x41, 0x08, 0x21, 0x08, 0x41, 0x00, 0x41, 0x08, 0x21, 0x08, 0x42, 0x00,
    0x41, 0x08, 0x21, 0x08, 0x21, 0x00, 0x41, 0x00, 0xf7, 0xbd, 0xbf, 0xf7,
    0xdf, 0xff, 0xbe, 0xff, 0xbf, 0xf7, 0xdf, 0xff, 0xbe, 0xff, 0xbf, 0xf7,
    0xdf, 0xff, 0xbe, 0xff, 0xbf, 0xf7, 0xdf, 0xff, 0xf7, 0xbd, 0x21, 0x00,
    0x41, 0x08, 0x41, 0x08, 0x21, 0x00, 0x41, 0x08, 0x41, 0x08, 0x21, 0x00,
    0x41, 0x08, 0x41, 0x00, 0x21, 0x08, 0x41, 0x08, 0x41, 0x00, 0x21, 0x08,
    0x41, 0x08, 0x41, 0x00, 0x21, 0x08, 0x41, 0x08, 0x41, 0x00, 0x21, 0x08,
    0x41, 0x00, 0x41, 0x08, 0x21, 0x08, 0x41, 0x08, 0x21, 0x00, 0x41, 0x08,
    0x22, 0x08, 0x21, 0x08, 0x10, 0x84, 0xbe, 0xf7, 0xbf, 0xff, 0xbe, 0xf7,
    0xde, 0xff, 0xbf, 0xff, 0xbf, 0xf7, 0xde, 0xff, 0xbe, 0xff, 0xdf, 0xff,
    0xbe, 0xf7, 0xde, 0xff, 0xbf, 0xff, 0xde, 0xf7, 0xbf, 0xff, 0xbe, 0xff,
    0xde, 0xff, 0xbf, 0xf7, 0xbf, 0xff, 0xbe, 0xf7, 0xdf, 0xff, 0xbf, 0xf7,
    0xbe, 0xf7, 0x28, 0x42, 0x41, 0x08, 0x41, 0x08, 0x21, 0x00, 0x41, 0x08,
    0x21, 0x08, 0x28, 0x42, 0xbf, 0xf7, 0xbe, 0xff, 0xbe, 0xff, 0xbf, 0xf7,
    0xde, 0xff, 0xdf, 0xf7, 0xbe, 0xff, 0xbf, 0xf7, 0xbf, 0xff, 0xde, 0xf7,
    0xbe, 0xf7, 0xbf, 0xff, 0xde, 0xf7, 0xbf, 0xff, 0xdf, 0xf7, 0xbe, 0xf7,
    0xbf, 0xff, 0xde, 0xff, 0xbf, 0xf7, 0xdf, 0xf7, 0xbe, 0xff, 0xbf, 0xff,
    0xdf, 0xf7, 0x28, 0x42, 0x41, 0x08, 0x21, 0x00, 0x41, 0x00, 0x41, 0x08,
    0x41, 0x08, 0x21, 0x00, 0x41, 0x08, 0x41, 0x08, 0x21, 0x00, 0x41, 0x08,
    0x41, 0x08, 0x21, 0x00, 0x41, 0x08, 0x41, 0x08, 0x21, 0x00, 0x41, 0x08,
    0x41, 0x00, 0x21, 0x00, 0x41, 0x08, 0x21, 0x00, 0x41, 0x08, 0x41, 0x08,
    0x21, 0x00, 0x21, 0x08, 0x41, 0x00, 0x41, 0x08, 0x21, 0x08, 0xbf, 0xf7,
    0xbe, 0xf7, 0xbf, 0xff, 0xbf, 0xff, 0xde, 0xff, 0xbf, 0xf7, 0xbf, 0xff,
    0xbe, 0xf7, 0xdf, 0xff, 0xbf, 0xff, 0xbe, 0xff, 0xdf, 0xf7, 0x10, 0x84,
    0x41, 0x08, 0x41, 0x08, 0x21, 0x00, 0x41, 0x00, 0x41, 0x08, 0x21, 0x00,
    0x41, 0x08, 0x21, 0x08, 0x41, 0x00, 0x21, 0x08, 0x21, 0x00, 0x41, 0x08,
    0x21, 0x08, 0x41, 0x00, 0x21, 0x08, 0x41, 0x08, 0x41, 0x00, 0x21, 0x08,
    0x41, 0x08, 0x21, 0x00, 0x41, 0x08, 0x41, 0x08, 0x21, 0x00, 0x21, 0x00,
    0x21, 0x08, 0x41, 0x08, 0x41, 0x08, 0xd7, 0xbd, 0xbf, 0xf7, 0xde, 0xff,
    0xbe, 0xff, 0xbf, 0xf7, 0xdf, 0xf7, 0xbe, 0xff, 0xbf, 0xf7, 0xde, 0xf7,
    0xbf, 0xff, 0xbf, 0xff, 0xde, 0xf7, 0xd7, 0xbd, 0x41, 0x08, 0x21, 0x00,
    0x21, 0x08, 0x41, 0x08, 0x21, 0x00, 0x41, 0x08, 0x41, 0x08, 0x41, 0x00,
    0x21, 0x08, 0x41, 0x00, 0x41, 0x08, 0x21, 0x08, 0x41, 0x00, 0x41, 0x08,
    0x21, 0x08, 0x41, 0x00, 0x41, 0x08, 0x21, 0x08, 0x41, 0x00, 0x41, 0x00,
    0x21, 0x08, 0x42, 0x08, 0x41, 0x08, 0x21, 0x00, 0x41, 0x08, 0x41, 0x08,
    0x21, 0x00, 0x10, 0x84, 0xbe, 0xf7, 0xbf, 0xff, 0xdf, 0xf7, 0xbe, 0xf7,
    0xbf, 0xff, 0xde, 0xf7, 0xbe, 0xff, 0xbf, 0xff, 0xde, 0xf7, 0xbf, 0xf7,
    0xde, 0xff, 0xbe, 0xff, 0xdf, 0xf7, 0xbe, 0xff, 0xde, 0xff, 0xbf, 0xf7,
    0xbf, 0xff, 0xde, 0xf7, 0xbf, 0xff, 0xbe, 0xff, 0xdf, 0xf7, 0xbe, 0xff,
    0x28, 0x42, 0x41, 0x08, 0x21, 0x08, 0x41, 0x08, 0x41, 0x08, 0x41, 0x08,
    0x41, 0x00, 0x41, 0x08, 0xbf, 0xf7, 0xdf, 0xf7, 0xbe, 0xff, 0xbf, 0xf7,
    0xbf, 0xff, 0xde, 0xff, 0xbf, 0xf7, 0xbf, 0xff, 0xbe, 0xff, 0xbf, 0xff,
    0xbf, 0xff, 0xde, 0xff, 0xbf, 0xff, 0xbf, 0xff, 0xbe, 0xff, 0xbf, 0xf7,
    0xdf, 0xff, 0xdf, 0xff, 0xbe, 0xff, 0xbf, 0xf7, 0xbf, 0xff, 0xbe, 0xff,
    0xbf, 0xff, 0x10, 0x7c, 0x21, 0x08, 0x41, 0x08, 0x41, 0x00, 0x21, 0x08,
    0x41, 0x08, 0x41, 0x08, 0x41, 0x08, 0x42, 0x08, 0x21, 0x08, 0x41, 0x08,
    0x41, 0x08, 0x21, 0x08, 0x41, 0x08, 0x42, 0x08, 0x21, 0x08, 0x41, 0x08,
    0x41, 0x08, 0x41, 0x00, 0x21, 0x08, 0x41, 0x08, 0x41, 0x08, 0x41, 0x08,
    0x41, 0x08, 0x41, 0x08, 0x21, 0x00, 0x41, 0x08, 0x41, 0x08, 0xd7, 0xbd,
    0xdf, 0xff, 0xbe, 0xf7, 0xbe, 0xf7, 0xbf, 0xff, 0xbe, 0xff, 0xbf, 0xf7,
    0xdf, 0xff, 0xbe, 0xff, 0xbf, 0xf7, 0xbf, 0xff, 0xbe, 0xff, 0xd7, 0xbd,
    0x21, 0x00, 0x41, 0x08, 0x41, 0x08, 0x21, 0x00, 0x41, 0x08, 0x41, 0x08,
    0x41, 0x08, 0x21, 0x08, 0x41, 0x08, 0x41, 0x00, 0x21, 0x08, 0x41, 0x08,
    0x41, 0x08, 0x21, 0x08, 0x41, 0x00, 0x41, 0x08, 0x41, 0x08, 0x21, 0x08,
    0x41, 0x08, 0x41, 0x08, 0x21, 0x00, 0x41, 0x08, 0x41, 0x08, 0x21, 0x00,
    0x41, 0x08, 0x21, 0x00, 0x41, 0x08, 0xf0, 0x7b, 0xdf, 0xff, 0xdf, 0xff,
    0xbe, 0xf7, 0xdf, 0xf7, 0xbf, 0xff, 0xbe, 0xff, 0xbf, 0xf7, 0xdf, 0xff,
    0xbe, 0xff, 0xbf, 0xf7, 0xbf, 0xff, 0xbf, 0xff, 0xbf, 0xff, 0xde, 0xf7,
    0xbf, 0xff, 0xbf, 0xff, 0xde, 0xff, 0xbf, 0xf7, 0xbf, 0xff, 0xbe, 0xff,
    0xdf, 0xff, 0xbf, 0xf7, 0x28, 0x42, 0x21, 0x08, 0x41, 0x08, 0x21, 0x00,
    0x41, 0x08, 0x41, 0x08, 0x29, 0x42, 0xbf, 0xf7, 0xdf, 0xff, 0xbf, 0xff,
    0xbe, 0xff, 0xdf, 0xf7, 0xbf, 0xf7, 0xbe, 0xff, 0xbf, 0xff, 0xdf, 0xff,
    0xbe, 0xff, 0xbf, 0xff, 0xbf, 0xff, 0xbe, 0xff, 0xde, 0xff, 0xbf, 0xff,
    0xbf, 0xf7, 0xbe, 0xff, 0xbf, 0xff, 0xbf, 0xff, 0xbe, 0xff, 0xdf, 0xf7,
    0xbf, 0xff, 0xbf, 0xff, 0x28, 0x42, 0x41, 0x08, 0x21, 0x08, 0x21, 0x00,
    0x41, 0x08, 0x42, 0x08, 0x21, 0x00, 0x41, 0x08, 0x41, 0x08, 0x41, 0x00,
    0x41, 0x08, 0x21, 0x08, 0x41, 0x08, 0x41, 0x08, 0x41, 0x08, 0x21, 0x08,
    0x41, 0x08, 0x41, 0x08, 0x41, 0x08, 0x41, 0x08, 0x41, 0x08, 0x21, 0x00,
    0x41, 0x08, 0x21, 0x08, 0x41, 0x08, 0x41, 0x08, 0x21, 0x00, 0x41, 0x08,
    0xbe, 0xf7, 0xdf, 0xff, 0xbf, 0xff, 0xbf, 0xf7, 0xbe, 0xff, 0xbe, 0xff,
    0xbf, 0xf7, 0xdf, 0xff, 0xbf, 0xf7, 0xbf, 0xff, 0xbf, 0xff, 0xde, 0xf7,
    0xf0, 0x7b, 0x41, 0x08, 0x41, 0x08, 0x21, 0x08, 0x41, 0x08, 0x41, 0x08,
    0x41, 0x08, 0x41, 0x00, 0x41, 0x08, 0x42, 0x08, 0x41, 0x08, 0x41, 0x00,
    0x41, 0x08, 0x41, 0x08, 0x41, 0x08, 0x41, 0x08, 0x21, 0x00, 0x41, 0x08,
    0x41, 0x08, 0x41, 0x08, 0x41, 0x08, 0x21, 0x08, 0x41, 0x08, 0x41, 0x00,
    0x42, 0x08, 0x41, 0x08, 0x21, 0x00, 0x42, 0x08, 0xd7, 0xbd, 0xdf, 0xff,
    0xbf, 0xf7, 0xbe, 0xff, 0xbf, 0xff, 0xbf, 0xff, 0xbe, 0xff, 0xbf, 0xf7,
    0xbf, 0xff, 0xbe, 0xf7, 0xbf, 0xff, 0xdf, 0xf7, 0xf7, 0xbd, 0x21, 0x08,
    0x41, 0x00, 0x41, 0x08, 0x41, 0x08, 0x21, 0x00, 0x21, 0x08, 0x41, 0x08,
    0x41, 0x08, 0x41, 0x08, 0x22, 0x08, 0x41, 0x00, 0x41, 0x08, 0x21, 0x08,
    0x41, 0x08, 0x41, 0x08, 0x21, 0x00, 0x41, 0x08, 0x41, 0x08, 0x21, 0x08,
    0x41, 0x08, 0x41, 0x08, 0x41, 0x00, 0x21, 0x08, 0x21, 0x00, 0x41, 0x08,
    0x21, 0x00, 0x41, 0x08, 0xf0, 0x7b, 0xdf, 0xff, 0xbe, 0xff, 0xbf, 0xff,
    0xbf, 0xff, 0xdf, 0xf7, 0xbf, 0xff, 0xbe, 0xff, 0xdf, 0xff, 0xbf, 0xf7,
    0xbf, 0xff, 0xbf, 0xff, 0xde, 0xf7, 0xbf, 0xff, 0xbf, 0xff, 0xbe, 0xf7,
    0xdf, 0xff, 0xbf, 0xff, 0xbe, 0xf7, 0xbf, 0xff, 0xbf, 0xff, 0xdf, 0xf7,
    0xbf, 0xf7, 0x28, 0x42, 0x41, 0x08, 0x21, 0x00, 0x41, 0x08, 0x41, 0x08,
    0x21, 0x08, 0x41, 0x08, 0x41, 0x08, 0xbf, 0xf7, 0xde, 0xff, 0xbf, 0xff,
    0xbf, 0xf7, 0xde, 0xff, 0xdf, 0xf7, 0xdf, 0xf7, 0xbe, 0xff, 0xbf, 0xf7,
    0xdf, 0xf7, 0xbf, 0xff, 0xbe, 0xf7, 0xbf, 0xf7, 0xdf, 0xff, 0xdf, 0xff,
    0xdf, 0xff, 0xbf, 0xf7, 0xbe, 0xff, 0xdf, 0xf7, 0xbe, 0xff, 0xbf, 0xff,
    0xbf, 0xf7, 0xbf, 0xff, 0x10, 0x84, 0x21, 0x00, 0x41, 0x08, 0x41, 0x08,
    0x21, 0x00, 0x41, 0x08, 0x41, 0x00, 0x21, 0x08, 0x41, 0x08, 0x41, 0x00,
    0x41, 0x08, 0x42, 0x08, 0x41, 0x00, 0x41, 0x08, 0x41, 0x00, 0x41, 0x08,
    0x21, 0x08, 0x42, 0x08, 0x41, 0x08, 0x41, 0x00, 0x22, 0x08, 0x41, 0x00,
    0x41, 0x08, 0x21, 0x08, 0x21, 0x00, 0x41, 0x08, 0x21, 0x00, 0x21, 0x08,
    0xf7, 0xbd, 0xbf, 0xff, 0xdf, 0xf7, 0xbf, 0xff, 0xbf, 0xff, 0xbe, 0xf7,
    0xdf, 0xff, 0xbf, 0xff, 0xbe, 0xf7, 0xdf, 0xf7, 0xbf, 0xff, 0xde, 0xf7,
    0xf7, 0xbd, 0x21, 0x08, 0x41, 0x08, 0x42, 0x08, 0x21, 0x00, 0x41, 0x08,
    0x42, 0x08, 0x41, 0x00, 0x41, 0x08, 0x42, 0x08, 0x41, 0x08, 0x41, 0x00,
    0x42, 0x08, 0x41, 0x08, 0x41, 0x00, 0x22, 0x08, 0x41, 0x08, 0x41, 0x00,
    0x42, 0x08, 0x41, 0x08, 0x41, 0x08, 0x42, 0x08, 0x41, 0x00, 0x41, 0x08,
    0x41, 0x08, 0x21, 0x08, 0x41, 0x00, 0x41, 0x08, 0x10, 0x7c, 0xbf, 0xf7,
    0xbe, 0xff, 0xbf, 0xff, 0xbf, 0xff, 0xbe, 0xf7, 0xbf, 0xff, 0xbf, 0xf7,
    0xbe, 0xff, 0xbf, 0xf7, 0xdf, 0xff, 0xbe, 0xf7, 0xbf, 0xff, 0xbe, 0xf7,
    0xbf, 0xff, 0xbf, 0xf7, 0xbe, 0xf7, 0xbf, 0xff, 0xde, 0xff, 0xbf, 0xf7,
    0xdf, 0xff, 0xdf, 0xff, 0xdf, 0xff, 0x28, 0x42, 0x21, 0x08, 0x41, 0x08,
    0x21, 0x00, 0x41, 0x08, 0x21, 0x08, 0x28, 0x42, 0xbf, 0xff, 0xbf, 0xf7,
    0xde, 0xf7, 0xbf, 0xff, 0xdf, 0xf7, 0xde, 0xff, 0xbf, 0xff, 0xbe, 0xf7,
    0xbf, 0xf7, 0xbf, 0xff, 0xde, 0xf7, 0xbf, 0xf7, 0xbf, 0xff, 0xbf, 0xf7,
    0xbe, 0xff, 0xdf, 0xff, 0xbf, 0xf7, 0xbe, 0xf7, 0xdf, 0xff, 0xbe, 0xff,
    0xbf, 0xf7, 0xbe, 0xff, 0xdf, 0xf7, 0x28, 0x42, 0x41, 0x08, 0x21, 0x08,
    0x21, 0x08, 0x41, 0x08, 0x41, 0x08, 0x21, 0x00, 0x41, 0x08, 0x42, 0x08,
    0x41, 0x08, 0x21, 0x08, 0x42, 0x00, 0x41, 0x08, 0x41, 0x08, 0x22, 0x00,
    0x41, 0x08, 0x42, 0x08, 0x21, 0x00, 0x41, 0x08, 0x42, 0x08, 0x41, 0x08,
    0x41, 0x08, 0x42, 0x00, 0x21, 0x00, 0x41, 0x08, 0x41, 0x08, 0x21, 0x00,
    0x41, 0x08, 0xdf, 0xff, 0xbe, 0xf7, 0xbf, 0xf7, 0xde, 0xff, 0xbf, 0xf7,
    0xbf, 0xff, 0xde, 0xff, 0xbe, 0xf7, 0xbe, 0xff, 0xbf, 0xf7, 0xbf, 0xff,
    0xde, 0xf7, 0xf0, 0x83, 0x41, 0x08, 0x41, 0x00, 0x21, 0x08, 0x21, 0x00,
    0x41, 0x08, 0x41, 0x08, 0x21, 0x08, 0x41, 0x00, 0x41, 0x08, 0x21, 0x08,
    0x42, 0x08, 0x41, 0x00, 0x21, 0x08, 0x42, 0x08, 0x41, 0x00, 0x41, 0x08,
    0x22, 0x08, 0x41, 0x00, 0x41, 0x08, 0x42, 0x08, 0x41, 0x00, 0x41, 0x08,
    0x21, 0x08, 0x21, 0x08, 0x41, 0x08, 0x41, 0x00, 0x41, 0x08, 0xf7, 0xbd,
    0xbf, 0xff, 0xbf, 0xf7, 0xde, 0xff, 0xbf, 0xf7, 0xdf, 0xff, 0xbe, 0xff,
    0xdf, 0xff, 0xbf, 0xf7, 0xbe, 0xff, 0xbe, 0xff, 0xdf, 0xf7, 0xd7, 0xbd,
    0x21, 0x08, 0x41, 0x08, 0x21, 0x00, 0x41, 0x08, 0x41, 0x08, 0x21, 0x00,
    0x41, 0x08, 0x41, 0x08, 0x41, 0x00, 0x41, 0x08, 0x41, 0x08, 0x41, 0x08,
    0x42, 0x00, 0x41, 0x08, 0x41, 0x08, 0x42, 0x08, 0x41, 0x08, 0x41, 0x00,
    0x42, 0x08, 0x21, 0x08, 0x41, 0x08, 0x41, 0x08, 0x21, 0x00, 0x41, 0x08,
    0x41, 0x08, 0x21, 0x08, 0x41, 0x08, 0x10, 0x7c, 0xbe, 0xf7, 0xbf, 0xff,
    0xbe, 0xf7, 0xde, 0xff, 0xbf, 0xff, 0xbf, 0xf7, 0xbe, 0xf7, 0xbf, 0xff,
    0xbe, 0xff, 0xbf, 0xf7, 0xbf, 0xff, 0xbe, 0xf7, 0xbf, 0xff, 0xbf, 0xff,
    0xbf, 0xf7, 0xbe, 0xff, 0xdf, 0xff, 0xbf, 0xf7, 0xbe, 0xff, 0xdf, 0xff,
    0xde, 0xf7, 0xbf, 0xff, 0x28, 0x42, 0x41, 0x08, 0x21, 0x00, 0x41, 0x08,
    0x41, 0x08, 0x41, 0x00, 0x41, 0x08, 0x41, 0x08, 0xbf, 0xf7, 0xbf, 0xff,
    0xbf, 0xf7, 0xbe, 0xff, 0xbf, 0xff, 0xde, 0xf7, 0xbf, 0xff, 0xbe, 0xff,
    0xdf, 0xff, 0xbe, 0xf7, 0xbf, 0xff, 0xbf, 0xff, 0xbe, 0xf7, 0xbe, 0xf7,
    0xbe, 0xff, 0xbf, 0xf7, 0xdf, 0xff, 0xdf, 0xff, 0xbe, 0xf7, 0xbf, 0xff,
    0xde, 0xf7, 0xdf, 0xf7, 0xbe, 0xff, 0x10, 0x84, 0x21, 0x00, 0x41, 0x08,
    0x21, 0x08, 0x21, 0x00, 0x41, 0x08, 0x41, 0x08, 0x41, 0x00, 0x21, 0x08,
    0x41, 0x08, 0x21, 0x00, 0x41, 0x08, 0x21, 0x08, 0x41, 0x08, 0x41, 0x00,
    0x21, 0x08, 0x41, 0x00, 0x41, 0x08, 0x41, 0x08, 0x41, 0x08, 0x21, 0x08,
    0x41, 0x08, 0x42, 0x00, 0x41, 0x08, 0x41, 0x08, 0x42, 0x08, 0x41, 0x08,
    0x41, 0x08, 0xd7, 0xbd, 0xbf, 0xf7, 0xdf, 0xf7, 0xbe, 0xff, 0xbf, 0xff,
    0xde, 0xf7, 0xbf, 0xff, 0xbe, 0xff, 0xbf, 0xf7, 0xbe, 0xff, 0xbf, 0xff,
    0xbf, 0xff, 0xd7, 0xbd, 0x41, 0x08, 0x41, 0x08, 0x41, 0x00, 0x21, 0x08,
    0x41, 0x08, 0x41, 0x00, 0x21, 0x08, 0x41, 0x08, 0x21, 0x00, 0x41, 0x08,
    0x21, 0x08, 0x41, 0x08, 0x41, 0x08, 0x41, 0x08, 0x41, 0x08, 0x21, 0x08,
    0x41, 0x00, 0x41, 0x08, 0x21, 0x00, 0x21, 0x08, 0x41, 0x08, 0x41, 0x08,
    0x22, 0x08, 0x41, 0x08, 0x41, 0x08, 0x42, 0x00, 0x21, 0x08, 0x10, 0x84,
    0xbf, 0xf7, 0xbe, 0xff, 0xbf, 0xff, 0xdf, 0xf7, 0xde, 0xff, 0xbf, 0xff,
    0xde, 0xff, 0xbf, 0xf7, 0xbf, 0xff, 0xde, 0xff, 0xbf, 0xff, 0xde, 0xf7,
    0xdf, 0xff, 0xbf, 0xff, 0xde, 0xff, 0xbf, 0xf7, 0xbf, 0xff, 0xbe, 0xff,
    0xbe, 0xf7, 0xbf, 0xf7, 0xde, 0xf7, 0xbf, 0xff, 0x29, 0x42, 0x41, 0x00,
    0x41, 0x08, 0x41, 0x08, 0x42, 0x08, 0x21, 0x00, 0x28, 0x42, 0xdf, 0xff,
    0xbe, 0xff, 0xdf, 0xff, 0xbf, 0xff, 0xbe, 0xf7, 0xdf, 0xf7, 0xbf, 0xff,
    0xbe, 0xff, 0xdf, 0xf7, 0xbf, 0xff, 0xbe, 0xff, 0xdf, 0xf7, 0xbf, 0xff,
    0xbe, 0xf7, 0xdf, 0xff, 0xbf, 0xff, 0xbe, 0xf7, 0xdf, 0xff, 0xbf, 0xff,
    0xbf, 0xf7, 0xbe, 0xff, 0xbf, 0xff, 0xdf, 0xf7, 0x28, 0x42, 0x41, 0x08,
    0x21, 0x00, 0x41, 0x00, 0x41, 0x08, 0x41, 0x08, 0x21, 0x00, 0x41, 0x08,
    0x41, 0x08, 0x21, 0x08, 0x41, 0x00, 0x41, 0x08, 0x41, 0x08, 0x21, 0x00,
    0x41, 0x08, 0x41, 0x08, 0x41, 0x00, 0x21, 0x08, 0x41, 0x08, 0x21, 0x00,
    0x21, 0x08, 0x41, 0x08, 0x41, 0x08, 0x41, 0x08, 0x41, 0x08, 0x42, 0x08,
    0x41, 0x08, 0x21, 0x00, 0xbf, 0xff, 0xbe, 0xf7, 0xbf, 0xff, 0xbf, 0xff,
    0xde, 0xf7, 0xbf, 0xff, 0xbf, 0xff, 0xbf, 0xf7, 0xde, 0xff, 0xbf, 0xff,
    0xbf, 0xf7, 0xdf, 0xff, 0xf0, 0x83, 0x41, 0x08, 0x41, 0x08, 0x21, 0x00,
    0x21, 0x08, 0x41, 0x08, 0x41, 0x00, 0x22, 0x08, 0x41, 0x08, 0x41, 0x00,
    0x21, 0x08, 0x41, 0x08, 0x41, 0x08, 0x21, 0x00, 0x41, 0x08, 0x41, 0x08,
    0x41, 0x08, 0x21, 0x08, 0x41, 0x00, 0x21, 0x08, 0x21, 0x08, 0x41, 0x00,
    0x41, 0x08, 0x41, 0x08, 0x41, 0x00, 0x41, 0x08, 0x41, 0x08, 0x21, 0x00,
    0xf7, 0xbd, 0xbe, 0xf7, 0xdf, 0xff, 0xbf, 0xff, 0xbe, 0xf7, 0xbf, 0xf7,
    0xde, 0xff, 0xbf, 0xf7, 0xdf, 0xff, 0xbe, 0xff, 0xbf, 0xf7, 0xdf, 0xff,
    0xf7, 0xbd, 0x21, 0x08, 0x21, 0x00, 0x41, 0x08, 0x41, 0x08, 0x21, 0x00,
    0x21, 0x08, 0x41, 0x08, 0x41, 0x00, 0x21, 0x08, 0x41, 0x08, 0x21, 0x08,
    0x41, 0x00, 0x21, 0x08, 0x41, 0x08, 0x21, 0x00, 0x41, 0x08, 0x21, 0x08,
    0x41, 0x08, 0x41, 0x00, 0x41, 0x08, 0x41, 0x08, 0x42, 0x08, 0x41, 0x08,
    0x41, 0x08, 0x41, 0x08, 0x41, 0x08, 0x21, 0x00, 0x10, 0x84, 0xbf, 0xf7,
    0xbf, 0xff, 0xdf, 0xf7, 0xbe, 0xff, 0xbf, 0xff, 0xde, 0xf7, 0xbf, 0xff,
    0xbf, 0xff, 0xde, 0xf7, 0xde, 0xff, 0xbf, 0xff, 0xbf, 0xf7, 0xde, 0xff,
    0xdf, 0xf7, 0xbe, 0xff, 0xbf, 0xf7, 0xbe, 0xff, 0xdf, 0xf7, 0xbf, 0xff,
    0xbe, 0xf7, 0xdf, 0xf7, 0xbf, 0xff, 0x28, 0x42, 0x41, 0x08, 0x21, 0x08,
    0x41, 0x08, 0x22, 0x08, 0x41, 0x08, 0x41, 0x08, 0x41, 0x08, 0xbf, 0xf7,
    0xde, 0xf7, 0xbf, 0xff, 0xbf, 0xff, 0xbe, 0xf7, 0xdf, 0xff, 0xbf, 0xf7,
    0xbf, 0xff, 0xbe, 0xff, 0xbf, 0xf7, 0xde, 0xff, 0xdf, 0xff, 0xbf, 0xff,
    0xbf, 0xff, 0xdf, 0xff, 0xbe, 0xff, 0xbe, 0xf7, 0xbf, 0xff, 0xbf, 0xff,
    0xbe, 0xff, 0xbf, 0xff, 0xbf, 0xff, 0xde, 0xf7, 0xf0, 0x83, 0x41, 0x00,
    0x41, 0x08, 0x21, 0x08, 0x41, 0x00, 0x41, 0x08, 0x42, 0x08, 0x41, 0x08,
    0x41, 0x08, 0x42, 0x08, 0x41, 0x08, 0x21, 0x00, 0x41, 0x08, 0x42, 0x08,
    0x21, 0x08, 0x41, 0x08, 0x42, 0x08, 0x21, 0x00, 0x41, 0x08, 0x41, 0x08,
    0x41, 0x00, 0x21, 0x08, 0x41, 0x08, 0x41, 0x00, 0x41, 0x08, 0x21, 0x00,
    0x41, 0x08, 0x21, 0x08, 0xf8, 0xbd, 0xdf, 0xf7, 0xde, 0xff, 0xbe, 0xff,
    0xbf, 0xf7, 0xbf, 0xf7, 0xbe, 0xff, 0xdf, 0xff, 0xbf, 0xf7, 0xbe, 0xff,
    0xdf, 0xff, 0xdf, 0xff, 0xd7, 0xbd, 0x41, 0x00, 0x41, 0x08, 0x41, 0x08,
    0x21, 0x00, 0x41, 0x08, 0x41, 0x08, 0x21, 0x08, 0x41, 0x08, 0x41, 0x08,
    0x22, 0x00, 0x41, 0x08, 0x21, 0x00, 0x41, 0x08, 0x22, 0x00, 0x41, 0x08,
    0x41, 0x08, 0x21, 0x08, 0x41, 0x08, 0x42, 0x08, 0x41, 0x00, 0x41, 0x08,
    0x21, 0x00, 0x41, 0x08, 0x41, 0x08, 0x41, 0x08, 0x41, 0x08, 0x41, 0x08,
    0xf0, 0x7b, 0xbe, 0xf7, 0xbf, 0xff, 0xbf, 0xf7, 0xbe, 0xff, 0xbf, 0xf7,
    0xbf, 0xff, 0xde, 0xff, 0xbf, 0xf7, 0xbe, 0xff, 0xbf, 0xff, 0xbf, 0xf7,
    0xbe, 0xff, 0xbf, 0xf7, 0xbf, 0xff, 0xbe, 0xff, 0xdf, 0xf7, 0xbf, 0xff,
    0xbf, 0xff, 0xbf, 0xff, 0xdf, 0xff, 0xde, 0xf7, 0xdf, 0xff, 0x28, 0x42,
    0x21, 0x00, 0x41, 0x08, 0x41, 0x08, 0x41, 0x08, 0x21, 0x00, 0x28, 0x42,
    0xbf, 0xf7, 0xbf, 0xff, 0xbe, 0xff, 0xbf, 0xf7, 0xde, 0xff, 0xdf, 0xf7,
    0xbf, 0xff, 0xbe, 0xff, 0xdf, 0xff, 0xbe, 0xff, 0xbf, 0xff, 0xbe, 0xff,
    0xde, 0xf7, 0xbf, 0xff, 0xbf, 0xff, 0xbe, 0xf7, 0xbe, 0xff, 0xbf, 0xff,
    0xde, 0xf7, 0xbf, 0xff, 0xbe, 0xff, 0xbf, 0xf7, 0xbf, 0xff, 0x28, 0x42,
    0x41, 0x08, 0x21, 0x08, 0x21, 0x00, 0x41, 0x08, 0x41, 0x08, 0x21, 0x00,
    0x41, 0x08, 0x41, 0x08, 0x41, 0x00, 0x41, 0x08, 0x21, 0x08, 0x42, 0x08,
    0x41, 0x08, 0x41, 0x08, 0x41, 0x08, 0x41, 0x08, 0x41, 0x08, 0x41, 0x08,
    0x41, 0x00, 0x42, 0x08, 0x41, 0x08, 0x21, 0x00, 0x41, 0x08, 0x21, 0x08,
    0x21, 0x00, 0x21, 0x08, 0x41, 0x08, 0xdf, 0xf7, 0xdf, 0xff, 0xbe, 0xf7,
    0xbf, 0xff, 0xbf, 0xff, 0xde, 0xf7, 0xbf, 0xff, 0xbf, 0xff, 0xdf, 0xf7,
    0xbe, 0xff, 0xbe, 0xff, 0xdf, 0xf7, 0xf0, 0x7b, 0x41, 0x08, 0x41, 0x08,
    0x21, 0x00, 0x41, 0x08, 0x41, 0x08, 0x41, 0x08, 0x41, 0x08, 0x41, 0x08,
    0x41, 0x08, 0x41, 0x00, 0x41, 0x08, 0x41, 0x08, 0x41, 0x08, 0x21, 0x08,
    0x42, 0x00, 0x41, 0x08, 0x41, 0x08, 0x41, 0x08, 0x42, 0x08, 0x41, 0x08,
    0x21, 0x08, 0x42, 0x08, 0x21, 0x00, 0x41, 0x08, 0x21, 0x08, 0x21, 0x08,
    0x41, 0x08, 0xd7, 0xbd, 0xdf, 0xff, 0xbe, 0xf7, 0xbf, 0xff, 0xbf, 0xff,
    0xbe, 0xff, 0xbf, 0xf7, 0xbe, 0xff, 0xbf, 0xff, 0xdf, 0xf7, 0xde, 0xf7,
    0xbf, 0xff, 0xf7, 0xbd, 0x41, 0x00, 0x21, 0x08, 0x21, 0x08, 0x41, 0x08,
    0x21, 0x00, 0x41, 0x08, 0x41, 0x08, 0x22, 0x08, 0x41, 0x08, 0x41, 0x00,
    0x42, 0x08, 0x21, 0x08, 0x41, 0x08, 0x41, 0x08, 0x41, 0x00, 0x21, 0x08,
    0x42, 0x08, 0x41, 0x00, 0x21, 0x08, 0x41, 0x08, 0x21, 0x00, 0x41, 0x00,
    0x41, 0x08, 0x21, 0x00, 0x21, 0x00, 0x41, 0x08, 0x41, 0x08, 0x10, 0x7c,
    0xdf, 0xff, 0xbe, 0xf7, 0xbf, 0xff, 0xbf, 0xf7, 0xbe, 0xff, 0xbf, 0xff,
    0xdf, 0xf7, 0xbe, 0xff, 0xbf, 0xf7, 0xbf, 0xff, 0xbe, 0xff, 0xdf, 0xf7,
    0xbf, 0xff, 0xbe, 0xff, 0xbf, 0xf7, 0xdf, 0xff, 0xbe, 0xff, 0xbf, 0xff,
    0xbf, 0xf7, 0xbe, 0xff, 0xdf, 0xff, 0xbf, 0xf7, 0x28, 0x42, 0x41, 0x08,
    0x21, 0x00, 0x41, 0x08, 0x21, 0x08, 0x41, 0x08, 0x41, 0x00, 0x41, 0x08,
    0xbf, 0xf7, 0xde, 0xff, 0xdf, 0xf7, 0xbf, 0xff, 0xbe, 0xff, 0xdf, 0xf7,
    0xde, 0xf7, 0xbf, 0xff, 0xbf, 0xf7, 0xbe, 0xff, 0xbf, 0xf7, 0xbe, 0xff,
    0xbf, 0xf7, 0xdf, 0xff, 0xbe, 0xf7, 0xbf, 0xff, 0xdf, 0xff, 0xdf, 0xff,
    0xbe, 0xf7, 0xbf, 0xf7, 0xbf, 0xff, 0xbe, 0xff, 0xbf, 0xf7, 0x10, 0x84,
    0x21, 0x08, 0x41, 0x08, 0x41, 0x00, 0x21, 0x08, 0x41, 0x08, 0x21, 0x00,
    0x41, 0x08, 0x41, 0x00, 0x21, 0x08, 0x41, 0x08, 0x41, 0x08, 0x41, 0x00,
    0x41, 0x08, 0x41, 0x08, 0x41, 0x00, 0x41, 0x08, 0x21, 0x08, 0x41, 0x00,
    0x42, 0x08, 0x21, 0x08, 0x41, 0x08, 0x41, 0x08, 0x21, 0x08, 0x21, 0x00,
    0x41, 0x08, 0x41, 0x08, 0x41, 0x08, 0xd7, 0xbd, 0xdf, 0xf7, 0xbf, 0xff,
    0xbe, 0xf7, 0xbf, 0xff, 0xbf, 0xff, 0xde, 0xf7, 0xbf, 0xff, 0xbf, 0xff,
    0xde, 0xf7, 0xbf, 0xf7, 0xbf, 0xf7, 0xf7, 0xbd, 0x21, 0x08, 0x41, 0x08,
    0x41, 0x08, 0x21, 0x00, 0x41, 0x08, 0x42, 0x08, 0x41, 0x00, 0x41, 0x08,
    0x41, 0x08, 0x41, 0x08, 0x41, 0x08, 0x41, 0x08, 0x41, 0x00, 0x41, 0x08,
    0x41, 0x08, 0x42, 0x00, 0x41, 0x08, 0x41, 0x08, 0x41, 0x08, 0x41, 0x08,
    0x21, 0x00, 0x41, 0x08, 0x41, 0x00, 0x41, 0x08, 0x41, 0x00, 0x21, 0x08,
    0x41, 0x08, 0x10, 0x84, 0xdf, 0xf7, 0xbf, 0xff, 0xde, 0xff, 0xbf, 0xf7,
    0xbf, 0xff, 0xbe, 0xf7, 0xbf, 0xff, 0xbf, 0xf7, 0xde, 0xff, 0xbf, 0xf7,
    0xbf, 0xff, 0xbe, 0xff, 0xbf, 0xf7, 0xbe, 0xff, 0xbf, 0xf7, 0xde, 0xff,
    0xbe, 0xf7, 0xbf, 0xf7, 0xde, 0xff, 0xbf, 0xff, 0xbf, 0xf7, 0xde, 0xff,
    0x28, 0x42, 0x21, 0x08, 0x41, 0x08, 0x21, 0x00, 0x41, 0x08, 0x21, 0x08,
    0x28, 0x42, 0xdf, 0xf7, 0xdf, 0xff, 0xbe, 0xf7, 0xbf, 0xff, 0xdf, 0xff,
    0xbe, 0xf7, 0xbf, 0xff, 0xbf, 0xf7, 0xbe, 0xf7, 0xbf, 0xf7, 0xbf, 0xff,
    0xdf, 0xf7, 0xbe, 0xff, 0xbf, 0xff, 0xdf, 0xf7, 0xbe, 0xff, 0xbf, 0xff,
    0xdf, 0xf7, 0xbe, 0xf7, 0xbf, 0xff, 0xdf, 0xf7, 0xbe, 0xff, 0xdf, 0xf7,
    0x28, 0x42, 0x41, 0x08, 0x21, 0x08, 0x41, 0x08, 0x41, 0x08, 0x42, 0x08,
    0x21, 0x00, 0x41, 0x08, 0x42, 0x08, 0x21, 0x08, 0x41, 0x08, 0x41, 0x00,
    0x21, 0x08, 0x41, 0x00, 0x21, 0x08, 0x42, 0x00, 0x21, 0x08, 0x41, 0x08,
    0x42, 0x00, 0x41, 0x08, 0x41, 0x08, 0x21, 0x08, 0x41, 0x00, 0x21, 0x00,
    0x41, 0x08, 0x41, 0x08, 0x41, 0x08, 0x41, 0x08, 0xbf, 0xf7, 0xdf, 0xf7,
    0xbe, 0xff, 0xbf, 0xff, 0xbf, 0xf7, 0xbe, 0xff, 0xbe, 0xf7, 0xbf, 0xff,
    0xbf, 0xf7, 0xbe, 0xff, 0xbf, 0xff, 0xdf, 0xf7, 0x10, 0x84, 0x41, 0x08,
    0x41, 0x08, 0x21, 0x00, 0x21, 0x00, 0x41, 0x08, 0x41, 0x08, 0x21, 0x00,
    0x41, 0x08, 0x22, 0x08, 0x41, 0x08, 0x21, 0x00, 0x42, 0x08, 0x41, 0x08,
    0x41, 0x00, 0x21, 0x08, 0x41, 0x08, 0x41, 0x00, 0x21, 0x08, 0x41, 0x00,
    0x41, 0x08, 0x41, 0x08, 0x41, 0x00, 0x21, 0x08, 0x41, 0x08, 0x41, 0x00,
    0x21, 0x00, 0x41, 0x08, 0xf8, 0xbd, 0xdf, 0xff, 0xbf, 0xff, 0xbe, 0xf7,
    0xdf, 0xff, 0xbf, 0xff, 0xbe, 0xf7, 0xdf, 0xff, 0xbf, 0xff, 0xbe, 0xf7,
    0xbf, 0xff, 0xbf, 0xf7, 0xd7, 0xbd, 0x41, 0x08, 0x41, 0x00, 0x21, 0x08,
    0x41, 0x08, 0x41, 0x00, 0x21, 0x00, 0x41, 0x08, 0x41, 0x08, 0x41, 0x00,
    0x41, 0x08, 0x41, 0x08, 0x41, 0x00, 0x42, 0x08, 0x41, 0x08, 0x41, 0x08,
    0x41, 0x08, 0x41, 0x00, 0x41, 0x08, 0x42, 0x08, 0x21, 0x08, 0x41, 0x08,
    0x41, 0x08, 0x42, 0x08, 0x41, 0x08, 0x41, 0x08, 0x21, 0x00, 0x21, 0x08,
    0x10, 0x84, 0xde, 0xf7, 0xbe, 0xff, 0xbf, 0xff, 0xdf, 0xf7, 0xbe, 0xff,
    0xbf, 0xff, 0xbf, 0xf7, 0xde, 0xff, 0xbf, 0xff, 0xbf, 0xf7, 0xbe, 0xff,
    0xbf, 0xff, 0xbf, 0xf7, 0xbe, 0xff, 0xbf, 0xff, 0xdf, 0xf7, 0xbe, 0xff,
    0xbf, 0xf7, 0xbe, 0xff, 0xbf, 0xff, 0xde, 0xf7, 0xbf, 0xf7, 0x28, 0x42,
    0x41, 0x08, 0x21, 0x08, 0x41, 0x08, 0x41, 0x08, 0x41, 0x00, 0x41, 0x08,
    0x41, 0x08, 0xbf, 0xff, 0xbf, 0xff, 0xbe, 0xf7, 0xbf, 0xff, 0xbf, 0xff,
    0xde, 0xf7, 0xdf, 0xff, 0xbe, 0xff, 0xdf, 0xff, 0xbf, 0xf7, 0xbe, 0xff,
    0xbf, 0xff, 0xde, 0xf7, 0xbe, 0xf7, 0xbf, 0xff, 0xbf, 0xf7, 0xbe, 0xff,
    0xbf, 0xf7, 0xdf, 0xff, 0xbe, 0xf7, 0xdf, 0xff, 0xbf, 0xf7, 0xbf, 0xff,
    0x10, 0x7c, 0x21, 0x08, 0x41, 0x08, 0x21, 0x00, 0x21, 0x08, 0x41, 0x08,
    0x41, 0x08, 0x21, 0x08, 0x41, 0x08, 0x41, 0x00, 0x22, 0x08, 0x41, 0x08,
    0x41, 0x08, 0x21, 0x08, 0x41, 0x00, 0x41, 0x08, 0x21, 0x08, 0x41, 0x08,
    0x41, 0x08, 0x41, 0x00, 0x41, 0x08, 0x42, 0x00, 0x41, 0x08, 0x41, 0x08,
    0x42, 0x08, 0x21, 0x00, 0x41, 0x08, 0x41, 0x08, 0xf7, 0xbd, 0xbf, 0xf7,
    0xdf, 0xff, 0xbe, 0xff, 0xbf, 0xf7, 0xdf, 0xff, 0xbe, 0xff, 0xbf, 0xf7,
    0xbf, 0xff, 0xbe, 0xff, 0xbf, 0xff, 0xbf, 0xff, 0xf7, 0xbd, 0x21, 0x00,
    0x41, 0x08, 0x41, 0x08, 0x21, 0x00, 0x41, 0x08, 0x41, 0x08, 0x21, 0x00,
    0x41, 0x08, 0x42, 0x08, 0x21, 0x00, 0x41, 0x08, 0x42, 0x08, 0x21, 0x08,
    0x41, 0x08, 0x21, 0x08, 0x41, 0x00, 0x21, 0x08, 0x21, 0x00, 0x41, 0x08,
    0x41, 0x08, 0x42, 0x08, 0x41, 0x08, 0x42, 0x08, 0x41, 0x00, 0x21, 0x08,
    0x21, 0x00, 0x41, 0x08, 0xf0, 0x83, 0xdf, 0xf7, 0xbf, 0xff, 0xbe, 0xff,
    0xdf, 0xff, 0xbe, 0xf7, 0xdf, 0xff, 0xbf, 0xff, 0xbe, 0xff, 0xdf, 0xf7,
    0xbe, 0xff, 0xdf, 0xff, 0xdf, 0xf7, 0xbe, 0xff, 0xdf, 0xff, 0xbf, 0xf7,
    0xbf, 0xff, 0xbe, 0xff, 0xdf, 0xf7, 0xbe, 0xff, 0xdf, 0xff, 0xbf, 0xf7,
    0xbf, 0xff, 0x28, 0x42, 0x41, 0x08, 0x42, 0x08, 0x41, 0x00, 0x41, 0x08,
    0x21, 0x08, 0x28, 0x42, 0xbf, 0xff, 0xdf, 0xff, 0xbe, 0xff, 0xbf, 0xf7,
    0xdf, 0xf7, 0xde, 0xff, 0xbf, 0xff, 0xbf, 0xff, 0xde, 0xf7, 0xbf, 0xff,
    0xbf, 0xff, 0xbe, 0xf7, 0xbf, 0xff, 0xbf, 0xf7, 0xde, 0xff, 0xbf, 0xf7,
    0xbf, 0xff, 0xdf, 0xff, 0xbe, 0xff, 0xbf, 0xff, 0xbf, 0xf7, 0xde, 0xff,
    0xbf, 0xf7, 0x28, 0x42, 0x41, 0x08, 0x21, 0x00, 0x21, 0x00, 0x41, 0x08,
    0x41, 0x08, 0x21, 0x00, 0x41, 0x08, 0x41, 0x08, 0x21, 0x00, 0x41, 0x08,
    0x42, 0x08, 0x41, 0x08, 0x41, 0x08, 0x41, 0x00, 0x21, 0x08, 0x41, 0x08,
    0x41, 0x00, 0x21, 0x08, 0x21, 0x08, 0x41, 0x08, 0x41, 0x08, 0x42, 0x08,
    0x21, 0x08, 0x41, 0x00, 0x41, 0x08, 0x21, 0x00, 0x41, 0x08, 0xbf, 0xf7,
    0xdf, 0xff, 0xbe, 0xff, 0xbf, 0xf7, 0xdf, 0xff, 0xbe, 0xff, 0xdf, 0xf7,
    0xbf, 0xff, 0xbe, 0xff, 0xdf, 0xf7, 0xbf, 0xff, 0xbe, 0xf7, 0xf0, 0x83,
    0x41, 0x08, 0x41, 0x08, 0x21, 0x08, 0x41, 0x00, 0x41, 0x08, 0x42, 0x08,
    0x41, 0x00, 0x21, 0x08, 0x41, 0x08, 0x41, 0x08, 0x41, 0x08, 0x21, 0x00,
    0x41, 0x08, 0x41, 0x08, 0x41, 0x08, 0x22, 0x08, 0x41, 0x08, 0x41, 0x00,
    0x21, 0x08, 0x41, 0x08, 0x41, 0x00, 0x41, 0x08, 0x21, 0x08, 0x41, 0x08,
    0x21, 0x00, 0x41, 0x08, 0x41, 0x08, 0xd7, 0xbd, 0xdf, 0xff, 0xbf, 0xf7,
    0xbe, 0xff, 0xdf, 0xf7, 0xbf, 0xff, 0xbe, 0xf7, 0xbf, 0xff, 0xbf, 0xff,
    0xbe, 0xff, 0xbf, 0xff, 0xde, 0xf7, 0xf7, 0xbd, 0x21, 0x08, 0x41, 0x00,
    0x21, 0x08, 0x41, 0x08, 0x41, 0x08, 0x21, 0x00, 0x41, 0x08, 0x41, 0x08,
    0x21, 0x08, 0x21, 0x08, 0x41, 0x08, 0x41, 0x00, 0x21, 0x08, 0x21, 0x08,
    0x41, 0x00, 0x42, 0x08, 0x21, 0x08, 0x41, 0x08, 0x41, 0x00, 0x41, 0x08,
    0x41, 0x08, 0x21, 0x00, 0x41, 0x08, 0x41, 0x08, 0x41, 0x08, 0x21, 0x00,
    0x21, 0x08, 0x10, 0x84, 0xbf, 0xf7, 0xbf, 0xff, 0xbe, 0xff, 0xbf, 0xf7,
    0xde, 0xff, 0xbf, 0xf7, 0xbe, 0xff, 0xbf, 0xff, 0xdf, 0xf7, 0xbe, 0xff,
    0xdf, 0xf7, 0xbe, 0xff, 0xdf, 0xf7, 0xbe, 0xff, 0xbf, 0xff, 0xbe, 0xf7,
    0xdf, 0xff, 0xbf, 0xff, 0xde, 0xf7, 0xbf, 0xff, 0xdf, 0xff, 0xbe, 0xf7,
    0x28, 0x42, 0x41, 0x08, 0x21, 0x00, 0x41, 0x08, 0x41, 0x08, 0x41, 0x08,
    0x41, 0x08, 0x41, 0x08, 0xbf, 0xf7, 0xdf, 0xf7, 0xbe, 0xff, 0xbf, 0xff,
    0xbf, 0xf7, 0xde, 0xf7, 0xbf, 0xff, 0xbf, 0xff, 0xbe, 0xf7, 0xdf, 0xff,
    0xbf, 0xff, 0xdf, 0xf7, 0xbf, 0xff, 0xbe, 0xff, 0xdf, 0xff, 0xbf, 0xff,
    0xbe, 0xf7, 0xdf, 0xff, 0xdf, 0xff, 0xbe, 0xff, 0xbe, 0xf7, 0xdf, 0xff,
    0xbe, 0xff, 0x10, 0x7c, 0x41, 0x08, 0x41, 0x08, 0x21, 0x00, 0x41, 0x00,
    0x41, 0x08, 0x42, 0x08, 0x41, 0x00, 0x41, 0x08, 0x41, 0x08, 0x41, 0x00,
    0x41, 0x08, 0x22, 0x08, 0x41, 0x00, 0x41, 0x08, 0x22, 0x08, 0x41, 0x00,
    0x41, 0x08, 0x22, 0x08, 0x41, 0x08, 0x21, 0x08, 0x41, 0x08, 0x21, 0x00,
    0x41, 0x08, 0x41, 0x08, 0x21, 0x00, 0x41, 0x08, 0x41, 0x08, 0xf7, 0xbd,
    0xbf, 0xf7, 0xde, 0xf7, 0xbf, 0xff, 0xbf, 0xff, 0xbe, 0xf7, 0xbf, 0xff,
    0xde, 0xf7, 0xbf, 0xf7, 0xbe, 0xff, 0xde, 0xff, 0xbf, 0xf7, 0xf7, 0xbd,
    0x21, 0x08, 0x41, 0x08, 0x41, 0x08, 0x21, 0x00, 0x41, 0x08, 0x41, 0x08,
    0x21, 0x08, 0x41, 0x08, 0x41, 0x00, 0x21, 0x08, 0x41, 0x08, 0x41, 0x00,
    0x41, 0x08, 0x21, 0x08, 0x41, 0x00, 0x41, 0x08, 0x41, 0x08, 0x42, 0x08,
    0x21, 0x00, 0x41, 0x08, 0x21, 0x08, 0x41, 0x08, 0x41, 0x08, 0x21, 0x00,
    0x42, 0x08, 0x41, 0x08, 0x41, 0x08, 0xf0, 0x7b, 0xbf, 0xf7, 0xbe, 0xff,
    0xbf, 0xf7, 0xbf, 0xff, 0xbe, 0xff, 0xbf, 0xf7, 0xde, 0xff, 0xbf, 0xf7,
    0xbf, 0xff, 0xbe, 0xff, 0xbf, 0xf7, 0xbf, 0xf7, 0xbe, 0xff, 0xbf, 0xff,
    0xdf, 0xf7, 0xbe, 0xff, 0xbf, 0xff, 0xbf, 0xff, 0xbf, 0xf7, 0xbe, 0xff,
    0xdf, 0xf7, 0xdf, 0xf7, 0x28, 0x42, 0x21, 0x08, 0x41, 0x00, 0x41, 0x08,
    0x41, 0x08, 0x21, 0x08, 0x28, 0x42, 0xbf, 0xf7, 0xbf, 0xf7, 0xbe, 0xff,
    0xdf, 0xff, 0xbf, 0xf7, 0xde, 0xf7, 0xbe, 0xff, 0xbf, 0xff, 0xde, 0xff,
    0xbf, 0xff, 0xbe, 0xf7, 0xdf, 0xff, 0xbf, 0xff, 0xbe, 0xf7, 0xbf, 0xff,
    0xbe, 0xff, 0xbf, 0xf7, 0xbe, 0xf7, 0xbf, 0xff, 0xdf, 0xff, 0xbe, 0xff,
    0xbf, 0xff, 0xdf, 0xf7, 0x28, 0x42, 0x41, 0x08, 0x21, 0x08, 0x21, 0x00,
    0x41, 0x08, 0x41, 0x08, 0x21, 0x00, 0x41, 0x08, 0x41, 0x08, 0x41, 0x08,
    0x41, 0x00, 0x21, 0x08, 0x41, 0x08, 0x41, 0x08, 0x41, 0x08, 0x41, 0x08,
    0x41, 0x08, 0x41, 0x08, 0x41, 0x00, 0x41, 0x08, 0x41, 0x00, 0x41, 0x08,
    0x41, 0x08, 0x21, 0x00, 0x21, 0x08, 0x41, 0x08, 0x21, 0x00, 0x41, 0x08,
    0xdf, 0xf7, 0xbf, 0xff, 0xbe, 0xff, 0xdf, 0xf7, 0xbf, 0xff, 0xbe, 0xff,
    0xdf, 0xf7, 0xbf, 0xff, 0xbe, 0xff, 0xdf, 0xf7, 0xbe, 0xff, 0xdf, 0xf7,
    0xf0, 0x7b, 0x41, 0x08, 0x41, 0x08, 0x21, 0x00, 0x21, 0x08, 0x41, 0x08,
    0x41, 0x08, 0x41, 0x08, 0x41, 0x00, 0x41, 0x08, 0x41, 0x00, 0x41, 0x08,
    0x21, 0x08, 0x42, 0x08, 0x41, 0x00, 0x21, 0x08, 0x41, 0x08, 0x41, 0x08,
    0x41, 0x08, 0x42, 0x08, 0x21, 0x08, 0x41, 0x08, 0x42, 0x00, 0x21, 0x00,
    0x41, 0x08, 0x21, 0x08, 0x42, 0x08, 0x41, 0x08, 0xd7, 0xbd, 0xbf, 0xf7,
    0xdf, 0xff, 0xbe, 0xff, 0xbf, 0xff, 0xbf, 0xf7, 0xde, 0xff, 0xbf, 0xf7,
    0xde, 0xf7, 0xbf, 0xff, 0xbf, 0xff, 0xde, 0xf7, 0xd7, 0xbd, 0x21, 0x08,
    0x41, 0x08, 0x21, 0x00, 0x41, 0x08, 0x21, 0x08, 0x21, 0x00, 0x41, 0x08,
    0x41, 0x08, 0x42, 0x00, 0x41, 0x08, 0x41, 0x08, 0x21, 0x08, 0x41, 0x08,
    0x41, 0x00, 0x41, 0x08, 0x21, 0x08, 0x41, 0x08, 0x21, 0x00, 0x41, 0x08,
    0x41, 0x08, 0x22, 0x00, 0x41, 0x08, 0x21, 0x08, 0x41, 0x00, 0x42, 0x08,
    0x21, 0x08, 0x41, 0x00, 0x10, 0x84, 0xdf, 0xf7, 0xbf, 0xff, 0xbe, 0xf7,
    0xbf, 0xff, 0xbf, 0xff, 0xde, 0xf7, 0xbf, 0xff, 0xbf, 0xff, 0xbe, 0xf7,
    0xbf, 0xff, 0xbf, 0xff, 0xde, 0xf7, 0xbf, 0xff, 0xbf, 0xff, 0xde, 0xf7,
    0xbf, 0xff, 0xbf, 0xff, 0xbe, 0xf7, 0xbf, 0xff, 0xbf, 0xff, 0xdf, 0xf7,
    0xdf, 0xff, 0x28, 0x42, 0x41, 0x08, 0x21, 0x08, 0x41, 0x08, 0x21, 0x08,
    0x41, 0x08, 0x41, 0x00, 0x21, 0x08, 0xdf, 0xf7, 0xdf, 0xf7, 0xbe, 0xff,
    0xbf, 0xff, 0xde, 0xf7, 0xdf, 0xf7, 0xbf, 0xff, 0xbe, 0xf7, 0xbf, 0xf7,
    0xbe, 0xff, 0xbe, 0xff, 0xbf, 0xf7, 0xbf, 0xff, 0xbe, 0xff, 0xdf, 0xf7,
    0xdf, 0xff, 0xdf, 0xff, 0xbe, 0xf7, 0xbf, 0xff, 0xbf, 0xff, 0xbf, 0xf7,
    0xbe, 0xff, 0xdf, 0xf7, 0xf0, 0x83, 0x21, 0x08, 0x41, 0x08, 0x41, 0x08,
    0x21, 0x00, 0x41, 0x08, 0x41, 0x08, 0x21, 0x00, 0x42, 0x08, 0x21, 0x08,
    0x41, 0x08, 0x41, 0x08, 0x41, 0x00, 0x41, 0x08, 0x41, 0x08, 0x41, 0x08,
    0x41, 0x08, 0x41, 0x00, 0x41, 0x08, 0x21, 0x08, 0x41, 0x00, 0x41, 0x08,
    0x41, 0x08, 0x21, 0x08, 0x41, 0x08, 0x21, 0x00, 0x41, 0x08, 0x41, 0x08,
    0xd7, 0xbd, 0xbf, 0xff, 0xdf, 0xf7, 0xbe, 0xff, 0xbf, 0xff, 0xbf, 0xf7,
    0xde, 0xff, 0xbf, 0xff, 0xbf, 0xf7, 0xdf, 0xff, 0xbf, 0xf7, 0xbe, 0xff,
    0xf7, 0xbd, 0x21, 0x00, 0x41, 0x08, 0x41, 0x08, 0x21, 0x00, 0x42, 0x08,
    0x41, 0x08, 0x41, 0x08, 0x42, 0x00, 0x41, 0x08, 0x41, 0x08, 0x21, 0x08,
    0x41, 0x00, 0x41, 0x08, 0x42, 0x08, 0x41, 0x08, 0x41, 0x08, 0x41, 0x08,
    0x41, 0x08, 0x41, 0x00, 0x41, 0x08, 0x21, 0x08, 0x42, 0x00, 0x41, 0x08,
    0x21, 0x08, 0x41, 0x08, 0x21, 0x00, 0x21, 0x08, 0x10, 0x84, 0xdf, 0xf7,
    0xbe, 0xff, 0xdf, 0xff, 0xbf, 0xf7, 0xbe, 0xff, 0xbf, 0xff, 0xbf, 0xf7,
    0xbe, 0xff, 0xbf, 0xf7, 0xdf, 0xff, 0xbe, 0xff, 0xbf, 0xff, 0xbe, 0xf7,
    0xbf, 0xff, 0xde, 0xff, 0xbe, 0xf7, 0xbf, 0xff, 0xdf, 0xf7, 0xbe, 0xff,
    0xdf, 0xff, 0xdf, 0xff, 0xdf, 0xff, 0x28, 0x42, 0x21, 0x08, 0x41, 0x08,
    0x21, 0x08, 0x41, 0x08, 0x21, 0x00, 0x28, 0x42, 0xdf, 0xff, 0xdf, 0xff,
    0xbe, 0xff, 0xbf, 0xff, 0xdf, 0xf7, 0xbe, 0xff, 0xbf, 0xf7, 0xbf, 0xf7,
    0xbf, 0xff, 0xbe, 0xf7, 0xdf, 0xff, 0xbf, 0xff, 0xbe, 0xf7, 0xdf, 0xff,
    0xbf, 0xff, 0xde, 0xf7, 0xbf, 0xff, 0xbf, 0xff, 0xde, 0xf7, 0xbf, 0xf7,
    0xbe, 0xff, 0xbf, 0xff, 0xdf, 0xf7, 0x28, 0x42, 0x41, 0x08, 0x21, 0x08,
    0x41, 0x08, 0x41, 0x08, 0x41, 0x08, 0x21, 0x00, 0x42, 0x08, 0x41, 0x08,
    0x21, 0x08, 0x41, 0x08, 0x41, 0x00, 0x22, 0x08, 0x41, 0x00, 0x21, 0x08,
    0x42, 0x00, 0x21, 0x08, 0x41, 0x08, 0x42, 0x08, 0x21, 0x08, 0x41, 0x00,
    0x41, 0x08, 0x41, 0x08, 0x21, 0x00, 0x41, 0x08, 0x41, 0x08, 0x21, 0x08,
    0x41, 0x08, 0xdf, 0xf7, 0xbe, 0xf7, 0xbf, 0xff, 0xbe, 0xf7, 0xbf, 0xff,
    0xbe, 0xf7, 0xbf, 0xff, 0xbe, 0xf7, 0xbf, 0xff, 0xbf, 0xff, 0xbe, 0xff,
    0xdf, 0xf7, 0x10, 0x84, 0x41, 0x08, 0x41, 0x00, 0x21, 0x08, 0x21, 0x00,
    0x41, 0x08, 0x41, 0x08, 0x21, 0x08, 0x42, 0x08, 0x21, 0x08, 0x41, 0x08,
    0x42, 0x00, 0x41, 0x08, 0x41, 0x08, 0x41, 0x00, 0x41, 0x08, 0x41, 0x00,
    0x21, 0x00, 0x41, 0x08, 0x41, 0x00, 0x41, 0x08, 0x21, 0x08, 0x41, 0x08,
    0x21, 0x00, 0x41, 0x08, 0x41, 0x08, 0x41, 0x08, 0x41, 0x08, 0xd7, 0xbd,
    0xdf, 0xf7, 0xbe, 0xff, 0xbf, 0xf7, 0xbe, 0xff, 0xdf, 0xff, 0xbf, 0xff,
    0xbe, 0xff, 0xdf, 0xf7, 0xbf, 0xff, 0xbe, 0xf7, 0xdf, 0xf7, 0xf7, 0xbd,
    0x21, 0x08, 0x41, 0x00, 0x41, 0x08, 0x41, 0x08, 0x21, 0x00, 0x41, 0x08,
    0x41, 0x08, 0x41, 0x08, 0x21, 0x00, 0x41, 0x08, 0x42, 0x08, 0x41, 0x00,
    0x41, 0x08, 0x42, 0x08, 0x41, 0x08, 0x41, 0x00, 0x41, 0x08, 0x42, 0x08,
    0x21, 0x08, 0x41, 0x08, 0x41, 0x08, 0x41, 0x08, 0x41, 0x08, 0x41, 0x00,
    0x41, 0x08, 0x21, 0x08, 0x21, 0x00, 0x10, 0x84, 0xde, 0xf7, 0xbf, 0xff,
    0xbf, 0xff, 0xde, 0xf7, 0xbf, 0xff, 0xbf, 0xff, 0xde, 0xf7, 0xbf, 0xff,
    0xbe, 0xff, 0xdf, 0xf7, 0xbf, 0xff, 0xbe, 0xff, 0xbf, 0xf7, 0xbf, 0xff,
    0xde, 0xf7, 0xbf, 0xff, 0xbe, 0xf7, 0xdf, 0xf7, 0xbe, 0xff, 0xbe, 0xff,
    0xdf, 0xf7, 0xbf, 0xf7, 0x28, 0x42, 0x41, 0x08, 0x21, 0x08, 0x41, 0x00,
    0x41, 0x08, 0x41, 0x08, 0x41, 0x08, 0x41, 0x08, 0xbf, 0xff, 0xdf, 0xf7,
    0xde, 0xff, 0xbf, 0xff, 0xbf, 0xff, 0xde, 0xf7, 0xdf, 0xff, 0xbf, 0xff,
    0xde, 0xff, 0xbf, 0xf7, 0xbf, 0xff, 0xde, 0xff, 0xbf, 0xf7, 0xbf, 0xf7,
    0xbe, 0xff, 0xbe, 0xff, 0xbf, 0xf7, 0xdf, 0xff, 0xdf, 0xff, 0xbe, 0xf7,
    0xbf, 0xff, 0xbf, 0xff, 0xbf, 0xf7, 0x10, 0x84, 0x21, 0x08, 0x41, 0x00,
    0x21, 0x08, 0x21, 0x08, 0x41, 0x08, 0x41, 0x08, 0x41, 0x08, 0x21, 0x08,
    0x41, 0x00, 0x41, 0x08, 0x21, 0x08, 0x41, 0x08, 0x21, 0x08, 0x21, 0x00,
    0x41, 0x08, 0x22, 0x08, 0x41, 0x08, 0x41, 0x00, 0x41, 0x08, 0x41, 0x08,
    0x42, 0x00, 0x41, 0x08, 0x41, 0x08, 0x42, 0x00, 0x21, 0x08, 0x41, 0x08,
    0x41, 0x00, 0xf7, 0xbd, 0xbf, 0xff, 0xdf, 0xf7, 0xbe, 0xff, 0xbf, 0xf7,
    0xdf, 0xff, 0xbe, 0xff, 0xbf, 0xff, 0xbe, 0xff, 0xbf, 0xf7, 0xbf, 0xff,
    0xbf, 0xff, 0xf7, 0xbd, 0x21, 0x00, 0x41, 0x08, 0x41, 0x08, 0x21, 0x00,
    0x41, 0x08, 0x41, 0x08, 0x21, 0x00, 0x21, 0x08, 0x41, 0x08, 0x41, 0x08,
    0x42, 0x00, 0x21, 0x08, 0x41, 0x08, 0x41, 0x00, 0x21, 0x08, 0x21, 0x00,
    0x42, 0x08, 0x21, 0x08, 0x41, 0x08, 0x41, 0x08, 0x41, 0x00, 0x41, 0x08,
    0x41, 0x08, 0x21, 0x08, 0x41, 0x08, 0x41, 0x00, 0x21, 0x08, 0x10, 0x84,
    0xdf, 0xf7, 0xbf, 0xff, 0xbe, 0xff, 0xdf, 0xf7, 0xbe, 0xf7, 0xdf, 0xff,
    0xbf, 0xff, 0xbe, 0xf7, 0xdf, 0xff, 0xbe, 0xf7, 0xbf, 0xff, 0xdf, 0xff,
    0xbe, 0xf7, 0xbf, 0xff, 0xbf, 0xff, 0xbf, 0xf7, 0xde, 0xff, 0xbf, 0xff,
    0xbe, 0xf7, 0xbe, 0xff, 0xbf, 0xf7, 0xbe, 0xff, 0x29, 0x42, 0x41, 0x08,
    0x41, 0x08, 0x21, 0x08, 0x41, 0x08, 0x41, 0x00, 0x28, 0x42, 0xbf, 0xff,
    0xdf, 0xf7, 0xbe, 0xff, 0xbf, 0xff, 0xdf, 0xf7, 0xde, 0xff, 0xbf, 0xff,
    0xbf, 0xf7, 0xde, 0xff, 0xbf, 0xff, 0xbf, 0xf7, 0xbe, 0xff, 0xde, 0xf7,
    0xbf, 0xff, 0xbf, 0xff, 0xde, 0xf7, 0xbf, 0xff, 0xbf, 0xff, 0xbe, 0xf7,
    0xbf, 0xff, 0xbf, 0xf7, 0xbe, 0xff, 0xbf, 0xf7, 0x28, 0x42, 0x41, 0x08,
    0x21, 0x00, 0x21, 0x08, 0x41, 0x08, 0x41, 0x08, 0x21, 0x00, 0x41, 0x08,
    0x41, 0x08, 0x41, 0x00, 0x42, 0x08, 0x41, 0x08, 0x41, 0x08, 0x41, 0x08,
    0x41, 0x00, 0x21, 0x08, 0x41, 0x08, 0x41, 0x00, 0x21, 0x08, 0x41, 0x08,
    0x22, 0x08, 0x41, 0x08, 0x41, 0x08, 0x21, 0x00, 0x21, 0x00, 0x41, 0x08,
    0x41, 0x00, 0x41, 0x08, 0xbf, 0xff, 0xdf, 0xf7, 0xbe, 0xff, 0xbf, 0xff,
    0xdf, 0xf7, 0xbf, 0xff, 0xde, 0xff, 0xbf, 0xf7, 0xdf, 0xf7, 0xbe, 0xff,
    0xbf, 0xf7, 0xdf, 0xf7, 0xf0, 0x83, 0x41, 0x08, 0x41, 0x08, 0x21, 0x00,
    0x41, 0x08, 0x41, 0x08, 0x41, 0x00, 0x21, 0x00, 0x41, 0x08, 0x41, 0x08,
    0x21, 0x08, 0x41, 0x08, 0x21, 0x08, 0x41, 0x08, 0x21, 0x08, 0x42, 0x08,
    0x41, 0x08, 0x21, 0x08, 0x42, 0x08, 0x41, 0x08, 0x41, 0x00, 0x41, 0x08,
    0x41, 0x08, 0x21, 0x08, 0x41, 0x08, 0x21, 0x00, 0x41, 0x00, 0x41, 0x08,
    0xd7, 0xbd, 0xdf, 0xff, 0xbf, 0xf7, 0xbf, 0xff, 0xde, 0xf7, 0xbf, 0xf7,
    0xbf, 0xff, 0xbe, 0xff, 0xbf, 0xf7, 0xbe, 0xff, 0xbf, 0xff, 0xdf, 0xf7,
    0xf7, 0xbd, 0x21, 0x08, 0x21, 0x00, 0x41, 0x08, 0x41, 0x08, 0x21, 0x00,
    0x21, 0x08, 0x41, 0x08, 0x41, 0x00, 0x21, 0x08, 0x41, 0x08, 0x41, 0x00,
    0x21, 0x08, 0x41, 0x08, 0x21, 0x08, 0x21, 0x00, 0x41, 0x08, 0x41, 0x08,
    0x41, 0x00, 0x41, 0x08, 0x21, 0x00, 0x41, 0x08, 0x41, 0x08, 0x22, 0x00,
    0x41, 0x08, 0x41, 0x08, 0x21, 0x00, 0x41, 0x08, 0x10, 0x84, 0xbe, 0xf7,
    0xbf, 0xff, 0xbf, 0xff, 0xde, 0xf7, 0xbf, 0xff, 0xbf, 0xf7, 0xbe, 0xf7,
    0xdf, 0xff, 0xbf, 0xff, 0xbe, 0xf7, 0xdf, 0xff, 0xbe, 0xff, 0xbf, 0xf7,
    0xbf, 0xff, 0xbe, 0xff, 0xbf, 0xf7, 0xbf, 0xff, 0xdf, 0xff, 0xbf, 0xf7,
    0xbe, 0xff, 0xde, 0xff, 0xbf, 0xf7, 0x28, 0x42, 0x41, 0x08, 0x21, 0x00,
    0x41, 0x08, 0x41, 0x08, 0x41, 0x00, 0x41, 0x08, 0x41, 0x08, 0xbf, 0xff,
    0xbf, 0xff, 0xbe, 0xf7, 0xbf, 0xff, 0xbf, 0xff, 0xbe, 0xf7, 0xdf, 0xf7,
    0xbf, 0xff, 0xbe, 0xff, 0xdf, 0xf7, 0xbf, 0xff, 0xbe, 0xff, 0xdf, 0xf7,
    0xbf, 0xff, 0xbe, 0xff, 0xbf, 0xf7, 0xbf, 0xff, 0xbe, 0xff, 0xbe, 0xf7,
    0xbf, 0xff, 0xde, 0xff, 0xbf, 0xf7, 0xbe, 0xff, 0x10, 0x7c, 0x41, 0x00,
    0x41, 0x08, 0x21, 0x00, 0x41, 0x00, 0x41, 0x08, 0x41, 0x08, 0x41, 0x00,
    0x41, 0x08, 0x41, 0x08, 0x42, 0x00, 0x21, 0x08, 0x41, 0x08, 0x42, 0x00,
    0x41, 0x08, 0x41, 0x08, 0x41, 0x00, 0x21, 0x08, 0x41, 0x08, 0x41, 0x08,
    0x21, 0x08, 0x21, 0x08, 0x41, 0x00, 0x41, 0x08, 0x41, 0x08, 0x21, 0x00,
    0x41, 0x08, 0x41, 0x08, 0xf8, 0xbd, 0xbf, 0xf7, 0xde, 0xff, 0xbf, 0xff,
    0xbe, 0xf7, 0xbf, 0xf7, 0xbf, 0xff, 0xde, 0xf7, 0xbf, 0xff, 0xbe, 0xff,
    0xde, 0xf7, 0xbf, 0xff, 0xf7, 0xbd, 0x21, 0x08, 0x41, 0x08, 0x41, 0x08,
    0x22, 0x00, 0x41, 0x08, 0x41, 0x08, 0x41, 0x08, 0x41, 0x08, 0x21, 0x08,
    0x41, 0x00, 0x41, 0x08, 0x41, 0x08, 0x21, 0x08, 0x41, 0x08, 0x41, 0x08,
    0x41, 0x00, 0x41, 0x08, 0x41, 0x08, 0x21, 0x00, 0x42, 0x08, 0x41, 0x08,
    0x41, 0x00, 0x41, 0x08, 0x41, 0x00, 0x21, 0x08, 0x41, 0x00, 0x21, 0x08,
    0xf0, 0x7b, 0xdf, 0xf7, 0xbe, 0xff, 0xbf, 0xff, 0xbf, 0xf7, 0xbe, 0xff,
    0xdf, 0xff, 0xbe, 0xf7, 0xbf, 0xff, 0xdf, 0xff, 0xbe, 0xf7, 0xbf, 0xff,
    0xdf, 0xf7, 0xbe, 0xff, 0xdf, 0xf7, 0xbf, 0xff, 0xbe, 0xf7, 0xbf, 0xff,
    0xbf, 0xff, 0xbf, 0xf7, 0xdf, 0xff, 0xdf, 0xff, 0xdf, 0xf7, 0x28, 0x42,
    0x41, 0x08, 0x41, 0x08, 0x21, 0x00, 0x41, 0x08, 0x21, 0x08, 0x28, 0x42,
    0xbf, 0xff, 0xbf, 0xff, 0xbf, 0xf7, 0xbe, 0xff, 0xdf, 0xf7, 0xdf, 0xf7,
    0xbe, 0xff, 0xbf, 0xff, 0xbe, 0xf7, 0xdf, 0xff, 0xbf, 0xff, 0xbe, 0xf7,
    0xbf, 0xff, 0xbf, 0xf7, 0xbe, 0xff, 0xbf, 0xff, 0xde, 0xf7, 0xbf, 0xff,
    0xde, 0xff, 0xbf, 0xff, 0xdf, 0xff, 0xbe, 0xf7, 0xdf, 0xff, 0x28, 0x42,
    0x41, 0x08, 0x21, 0x08, 0x41, 0x00, 0x42, 0x08, 0x41, 0x08, 0x21, 0x00,
    0x41, 0x08, 0x41, 0x08, 0x21, 0x00, 0x41, 0x08, 0x21, 0x08, 0x41, 0x00,
    0x41, 0x08, 0x41, 0x08, 0x41, 0x08, 0x42, 0x08, 0x41, 0x00, 0x41, 0x08,
    0x41, 0x08, 0x41, 0x00, 0x21, 0x08, 0x41, 0x08, 0x21, 0x08, 0x41, 0x08,
    0x42, 0x08, 0x21, 0x00, 0x41, 0x08, 0xbf, 0xf7, 0xdf, 0xff, 0xbe, 0xff,
    0xbf, 0xf7, 0xdf, 0xff, 0xbe, 0xff, 0xbf, 0xff, 0xbf, 0xff, 0xbe, 0xff,
    0xdf, 0xff, 0xbe, 0xff, 0xbf, 0xf7, 0xf0, 0x83, 0x41, 0x08, 0x41, 0x08,
    0x21, 0x00, 0x21, 0x08, 0x42, 0x08, 0x41, 0x08, 0x41, 0x08, 0x41, 0x00,
    0x41, 0x08, 0x41, 0x00, 0x21, 0x08, 0x41, 0x00, 0x41, 0x08, 0x21, 0x08,
    0x41, 0x00, 0x41, 0x08, 0x41, 0x08, 0x21, 0x08, 0x41, 0x08, 0x21, 0x08,
    0x42, 0x00, 0x41, 0x08, 0x21, 0x00, 0x41, 0x08, 0x21, 0x08, 0x41, 0x08,
    0x41, 0x08, 0xd7, 0xbd, 0xdf, 0xff, 0xbf, 0xff, 0xbe, 0xff, 0xbf, 0xff,
    0xbe, 0xf7, 0xdf, 0xff, 0xbf, 0xf7, 0xbe, 0xff, 0xdf, 0xff, 0xdf, 0xf7,
    0xbe, 0xff, 0xd7, 0xbd, 0x41, 0x08, 0x21, 0x08, 0x21, 0x00, 0x41, 0x08,
    0x41, 0x08, 0x21, 0x00, 0x41, 0x08, 0x42, 0x08, 0x41, 0x08, 0x41, 0x08,
    0x21, 0x08, 0x41, 0x08, 0x41, 0x00, 0x41, 0x08, 0x42, 0x08, 0x21, 0x08,
    0x41, 0x08, 0x41, 0x08, 0x21, 0x00, 0x42, 0x08, 0x41, 0x08, 0x21, 0x00,
    0x41, 0x08, 0x41, 0x08, 0x41, 0x08, 0x21, 0x00, 0x21, 0x08, 0x10, 0x84,
    0xdf, 0xf7, 0xbe, 0xf7, 0xbf, 0xff, 0xbe, 0xff, 0xbf, 0xf7, 0xbe, 0xff,
    0xbf, 0xff, 0xbf, 0xf7, 0xbe, 0xff, 0xbf, 0xf7, 0xbf, 0xff, 0xde, 0xf7,
    0xbf, 0xff, 0xde, 0xff, 0xbf, 0xf7, 0xbe, 0xff, 0xdf, 0xff, 0xbe, 0xff,
    0xbf, 0xf7, 0xbf, 0xff, 0xdf, 0xf7, 0xbf, 0xff, 0x28, 0x42, 0x41, 0x08,
    0x21, 0x08, 0x41, 0x08, 0x41, 0x08, 0x21, 0x08, 0x41, 0x08, 0x41, 0x08,
    0xbf, 0xf7, 0xbf, 0xf7, 0xbe, 0xff, 0xbf, 0xf7, 0xbe, 0xff, 0xdf, 0xf7,
    0xde, 0xf7, 0xbf, 0xff, 0xbf, 0xff, 0xbe, 0xf7, 0xbf, 0xff, 0xbe, 0xff,
    0xbf, 0xf7, 0xdf, 0xff, 0xbe, 0xff, 0xbf, 0xf7, 0xdf, 0xff, 0xbe, 0xff,
    0xdf, 0xff, 0xdf, 0xff, 0xbf, 0xf7, 0xbe, 0xff, 0xbf, 0xff, 0x10, 0x84,
    0x21, 0x08, 0x41, 0x08, 0x21, 0x08, 0x21, 0x00, 0x41, 0x08, 0x22, 0x08,
    0x41, 0x00, 0x21, 0x08, 0x41, 0x08, 0x41, 0x08, 0x41, 0x00, 0x41, 0x08,
    0x41, 0x08, 0x41, 0x08, 0x41, 0x08, 0x41, 0x08, 0x21, 0x00, 0x42, 0x08,
    0x41, 0x08, 0x41, 0x00, 0x41, 0x08, 0x21, 0x08, 0x41, 0x08, 0x41, 0x08,
    0x21, 0x00, 0x41, 0x08, 0x41, 0x08, 0xd7, 0xbd, 0xbf, 0xf7, 0xdf, 0xff,
    0xbe, 0xff, 0xbf, 0xff, 0xde, 0xff, 0xbf, 0xf7, 0xbf, 0xf7, 0xdf, 0xff,
    0xbe, 0xff, 0xbf, 0xf7, 0xbf, 0xf7, 0xf7, 0xbd, 0x21, 0x08, 0x41, 0x08,
    0x41, 0x08, 0x21, 0x00, 0x21, 0x08, 0x41, 0x08, 0x42, 0x00, 0x41, 0x08,
    0x41, 0x08, 0x22, 0x08, 0x41, 0x08, 0x41, 0x00, 0x42, 0x08, 0x41, 0x08,
    0x41, 0x08, 0x22, 0x08, 0x41, 0x08, 0x41, 0x00, 0x41, 0x08, 0x21, 0x08,
    0x41, 0x08, 0x21, 0x08, 0x41, 0x08, 0x22, 0x00, 0x41, 0x08, 0x41, 0x08,
    0x21, 0x08, 0x10, 0x84, 0xbf, 0xf7, 0xde, 0xf7, 0xbf, 0xff, 0xbf, 0xff,
    0xbe, 0xff, 0xbf, 0xf7, 0xbf, 0xff, 0xbe, 0xff, 0xbf, 0xf7, 0xbf, 0xff,
    0xbe, 0xff, 0xbf, 0xf7, 0xbe, 0xff, 0xbf, 0xff, 0xde, 0xf7, 0xbf, 0xff,
    0xde, 0xf7, 0xbf, 0xff, 0xbe, 0xff, 0xbf, 0xf7, 0xde, 0xf7, 0xbf, 0xff,
    0x28, 0x42, 0x21, 0x08, 0x41, 0x08, 0x41, 0x00, 0x41, 0x08, 0x21, 0x08,
    0x28, 0x42, 0xdf, 0xf7, 0xdf, 0xf7, 0xbe, 0xff, 0xdf, 0xff, 0xbf, 0xf7,
    0xbe, 0xff, 0xbf, 0xff, 0xbf, 0xf7, 0xbe, 0xff, 0xbf, 0xf7, 0xde, 0xff,
    0xbf, 0xff, 0xbf, 0xf7, 0xde, 0xff, 0xbf, 0xf7, 0xbf, 0xff, 0xbe, 0xf7,
    0xbf, 0xf7, 0xbf, 0xff, 0xde, 0xf7, 0xbf, 0xff, 0xbf, 0xff, 0xde, 0xf7,
    0x28, 0x42, 0x41, 0x08, 0x21, 0x08, 0x21, 0x00, 0x41, 0x08, 0x41, 0x08,
    0x21, 0x00, 0x42, 0x08, 0x41, 0x08, 0x21, 0x08, 0x41, 0x08, 0x41, 0x08,
    0x22, 0x00, 0x41, 0x08, 0x21, 0x08, 0x41, 0x00, 0x21, 0x08, 0x41, 0x08,
    0x41, 0x08, 0x21, 0x00, 0x41, 0x08, 0x42, 0x08, 0x41, 0x00, 0x21, 0x00,
    0x41, 0x08, 0x41, 0x08, 0x21, 0x08, 0x41, 0x08, 0xdf, 0xf7, 0xbe, 0xf7,
    0xbf, 0xff, 0xbe, 0xf7, 0xbe, 0xff, 0xbf, 0xf7, 0xbf, 0xf7, 0xde, 0xff,
    0xbf, 0xf7, 0xbf, 0xff, 0xbe, 0xff, 0xdf, 0xf7, 0x10, 0x7c, 0x41, 0x08,
    0x41, 0x08, 0x21, 0x00, 0x41, 0x08, 0x41, 0x08, 0x21, 0x08, 0x42, 0x08,
    0x41, 0x08, 0x21, 0x00, 0x42, 0x08, 0x41, 0x08, 0x41, 0x00, 0x42, 0x08,
    0x41, 0x08, 0x41, 0x00, 0x41, 0x08, 0x21, 0x00, 0x41, 0x00, 0x41, 0x08,
    0x41, 0x08, 0x21, 0x08, 0x41, 0x08, 0x21, 0x00, 0x42, 0x08, 0x41, 0x00,
    0x41, 0x08, 0x41, 0x08, 0xd7, 0xbd, 0xdf, 0xf7, 0xdf, 0xff, 0xbe, 0xf7,
    0xbf, 0xff, 0xbf, 0xff, 0xde, 0xf7, 0xbf, 0xff, 0xbe, 0xff, 0xbf, 0xf7,
    0xbf, 0xff, 0xde, 0xf7, 0xf7, 0xbd, 0x21, 0x08, 0x41, 0x00, 0x21, 0x08,
    0x41, 0x08, 0x41, 0x00, 0x21, 0x08, 0x41, 0x08, 0x41, 0x00, 0x41, 0x08,
    0x21, 0x00, 0x42, 0x08, 0x41, 0x08, 0x41, 0x00, 0x41, 0x08, 0x41, 0x08,
    0x41, 0x00, 0x21, 0x08, 0x42, 0x08, 0x41, 0x08, 0x41, 0x08, 0x41, 0x08,
    0x41, 0x08, 0x41, 0x08, 0x21, 0x08, 0x41, 0x08, 0x21, 0x00, 0x41, 0x08,
    0x10, 0x84, 0xbf, 0xf7, 0xbe, 0xff, 0xdf, 0xff, 0xbf, 0xf7, 0xde, 0xff,
    0xdf, 0xff, 0xbf, 0xff, 0xde, 0xf7, 0xbe, 0xff, 0xbf, 0xff, 0xdf, 0xf7,
    0xbe, 0xff, 0xbf, 0xff, 0xbf, 0xf7, 0xde, 0xff, 0xbf, 0xf7, 0xbe, 0xff,
    0xbf, 0xf7, 0xbe, 0xff, 0xbf, 0xff, 0xde, 0xf7, 0xbf, 0xf7, 0x28, 0x42,
    0x41, 0x08, 0x21, 0x08, 0x41, 0x08, 0x41, 0x08, 0x41, 0x00, 0x21, 0x08,
    0x41, 0x08, 0xdf, 0xf7, 0xdf, 0xf7, 0xbe, 0xff, 0xdf, 0xff, 0xbf, 0xff,
    0xde, 0xf7, 0xbf, 0xff, 0xbe, 0xff, 0xbf, 0xf7, 0xdf, 0xff, 0xbe, 0xf7,
    0xbf, 0xff, 0xde, 0xf7, 0xbf, 0xff, 0xbe, 0xff, 0xbf, 0xf7, 0xdf, 0xff,
    0xdf, 0xff, 0xbf, 0xf7, 0xbe, 0xf7, 0xbf, 0xff, 0xbf, 0xf7, 0xde, 0xf7,
    0x10, 0x84, 0x21, 0x00, 0x41, 0x08, 0x41, 0x08, 0x21, 0x08, 0x41, 0x08,
    0x41, 0x08, 0x41, 0x08, 0x22, 0x08, 0x41, 0x08, 0x41, 0x08, 0x21, 0x08,
    0x41, 0x00, 0x21, 0x08, 0x22, 0x08, 0x41, 0x00, 0x41, 0x08, 0x41, 0x08,
    0x21, 0x08, 0x41, 0x00, 0x42, 0x08, 0x41, 0x08, 0x41, 0x00, 0x22, 0x08,
    0x41, 0x08, 0x21, 0x00, 0x41, 0x08, 0x41, 0x08, 0xf7, 0xbd, 0xbf, 0xf7,
    0xdf, 0xf7, 0xbf, 0xff, 0xbe, 0xf7, 0xdf, 0xff, 0xbe, 0xff, 0xbf, 0xff,
    0xbe, 0xf7, 0xdf, 0xff, 0xbf, 0xff, 0xbe, 0xff, 0xf7, 0xbd, 0x21, 0x00,
    0x41, 0x08, 0x42, 0x08, 0x41, 0x00, 0x41, 0x08, 0x41, 0x08, 0x21, 0x00,
    0x41, 0x08, 0x41, 0x00, 0x41, 0x08, 0x21, 0x08, 0x41, 0x00, 0x41, 0x08,
    0x21, 0x00, 0x41, 0x00, 0x41, 0x08, 0x21, 0x08, 0x41, 0x08, 0x41, 0x00,
    0x41, 0x08, 0x21, 0x08, 0x41, 0x00, 0x41, 0x08, 0x22, 0x08, 0x41, 0x08,
    0x41, 0x00, 0x41, 0x08, 0xf0, 0x83, 0xbf, 0xff, 0xbf, 0xff, 0xde, 0xf7,
    0xbf, 0xff, 0xdf, 0xf7, 0xbe, 0xff, 0xdf, 0xff, 0xbe, 0xf7, 0xdf, 0xff,
    0xbe, 0xff, 0xdf, 0xf7, 0xbf, 0xff, 0xbf, 0xff, 0xbe, 0xf7, 0xbf, 0xff,
    0xbf, 0xff, 0xde, 0xf7, 0xbf, 0xff, 0xbf, 0xff, 0xde, 0xf7, 0xdf, 0xff,
    0xdf, 0xff, 0x28, 0x42, 0x21, 0x00, 0x41, 0x08, 0x21, 0x00, 0x41, 0x08,
    0x21, 0x08, 0x28, 0x42, 0xbf, 0xff, 0xbf, 0xff, 0xbe, 0xff, 0xbf, 0xf7,
    0xde, 0xf7, 0xdf, 0xff, 0xbf, 0xff, 0xde, 0xf7, 0xbf, 0xff, 0xbf, 0xff,
    0xbe, 0xf7, 0xdf, 0xff, 0xbf, 0xff, 0xbe, 0xf7, 0xdf, 0xff, 0xbf, 0xff,
    0xbe, 0xff, 0xdf, 0xff, 0xbf, 0xf7, 0xbe, 0xff, 0xbf, 0xf7, 0xdf, 0xf7,
    0xbf, 0xff, 0x28, 0x42, 0x41, 0x08, 0x21, 0x00, 0x21, 0x08, 0x41, 0x08,
    0x41, 0x08, 0x21, 0x00, 0x41, 0x08, 0x41, 0x08, 0x41, 0x00, 0x41, 0x08,
    0x41, 0x08, 0x41, 0x08, 0x21, 0x08, 0x41, 0x08, 0x42, 0x00, 0x41, 0x08,
    0x21, 0x08, 0x42, 0x08, 0x41, 0x08, 0x41, 0x08, 0x41, 0x08, 0x41, 0x08,
    0x21, 0x00, 0x21, 0x00, 0x41, 0x08, 0x21, 0x00, 0x41, 0x08, 0xbf, 0xff,
    0xdf, 0xf7, 0xbf, 0xff, 0xdf, 0xff, 0xbe, 0xf7, 0xbf, 0xff, 0xde, 0xff,
    0xbe, 0xf7, 0xbf, 0xf7, 0xbf, 0xff, 0xbe, 0xff, 0xdf, 0xf7, 0xf0, 0x83,
    0x41, 0x08, 0x41, 0x08, 0x21, 0x00, 0x41, 0x00, 0x41, 0x08, 0x41, 0x00,
    0x21, 0x08, 0x41, 0x08, 0x41, 0x08, 0x21, 0x08, 0x41, 0x08, 0x41, 0x08,
    0x21, 0x08, 0x41, 0x08, 0x41, 0x08, 0x22, 0x08, 0x41, 0x08, 0x41, 0x08,
    0x42, 0x00, 0x41, 0x08, 0x41, 0x08, 0x41, 0x08, 0x21, 0x00, 0x41, 0x08,
    0x21, 0x08, 0x41, 0x08, 0x41, 0x08, 0xd7, 0xbd, 0xbf, 0xf7, 0xbf, 0xf7,
    0xbe, 0xff, 0xdf, 0xf7, 0xbf, 0xff, 0xbe, 0xff, 0xbf, 0xf7, 0xdf, 0xff,
    0xbe, 0xff, 0xbf, 0xf7, 0xdf, 0xff, 0xd7, 0xbd, 0x41, 0x08, 0x41, 0x00,
    0x21, 0x08, 0x41, 0x08, 0x21, 0x00, 0x21, 0x08, 0x41, 0x08, 0x41, 0x08,
    0x21, 0x08, 0x41, 0x00, 0x41, 0x08, 0x21, 0x08, 0x22, 0x08, 0x41, 0x08,
    0x41, 0x00, 0x21, 0x08, 0x41, 0x08, 0x41, 0x00, 0x21, 0x08, 0x41, 0x00,
    0x41, 0x08, 0x22, 0x08, 0x41, 0x00, 0x41, 0x08, 0x41, 0x08, 0x21, 0x00,
    0x41, 0x00, 0x10, 0x84, 0xbf, 0xf7, 0xbe, 0xff, 0xbf, 0xff, 0xbf, 0xf7,
    0xbe, 0xff, 0xbf, 0xf7, 0xbf, 0xff, 0xde, 0xff, 0xbf, 0xf7, 0xbf, 0xff,
    0xbe, 0xff, 0xbf, 0xf7, 0xbf, 0xff, 0xbe, 0xff, 0xbf, 0xf7, 0xdf, 0xff,
    0xbf, 0xff, 0xde, 0xf7, 0xbf, 0xff, 0xbf, 0xff, 0xde, 0xf7, 0xbf, 0xff,
    0x28, 0x42, 0x41, 0x08, 0x21, 0x00, 0x41, 0x08, 0x41, 0x08, 0x41, 0x08,
    0x41, 0x00, 0x21, 0x08, 0xbf, 0xf7, 0xdf, 0xff, 0xde, 0xf7, 0xbf, 0xff,
    0xbf, 0xff, 0xde, 0xf7, 0xdf, 0xf7, 0xbf, 0xff, 0xbe, 0xff, 0xbf, 0xf7,
    0xdf, 0xff, 0xbe, 0xff, 0xbf, 0xf7, 0xbf, 0xff, 0xde, 0xf7, 0xbf, 0xff,
    0xbe, 0xf7, 0xbe, 0xff, 0xdf, 0xff, 0xdf, 0xff, 0xbe, 0xff, 0xbf, 0xff,
    0xbf, 0xf7, 0x10, 0x84, 0x21, 0x08, 0x41, 0x00, 0x41, 0x00, 0x21, 0x08,
    0x41, 0x00, 0x41, 0x08, 0x41, 0x08, 0x41, 0x00, 0x41, 0x00, 0x21, 0x08,
    0x42, 0x08, 0x41, 0x08, 0x41, 0x00, 0x41, 0x08, 0x21, 0x08, 0x41, 0x00,
    0x42, 0x08, 0x41, 0x08, 0x21, 0x08, 0x41, 0x08, 0x41, 0x08, 0x21, 0x00,
    0x41, 0x08, 0x41, 0x08, 0x21, 0x00, 0x42, 0x08, 0x41, 0x08, 0xf7, 0xbd,
    0xbf, 0xff, 0xde, 0xf7, 0xbf, 0xff, 0xbf, 0xf7, 0xbe, 0xf7, 0xbf, 0xff,
    0xbf, 0xff, 0xbe, 0xf7, 0xbf, 0xff, 0xbf, 0xff, 0xbe, 0xf7, 0xf7, 0xbd,
    0x41, 0x08, 0x41, 0x08, 0x41, 0x00, 0x21, 0x08, 0x41, 0x08, 0x41, 0x08,
    0x21, 0x08, 0x41, 0x08, 0x41, 0x08, 0x41, 0x00, 0x21, 0x08, 0x41, 0x08,
    0x41, 0x08, 0x21, 0x08, 0x41, 0x08, 0x41, 0x08, 0x41, 0x00, 0x22, 0x08,
    0x41, 0x08, 0x41, 0x08, 0x42, 0x00, 0x41, 0x08, 0x41, 0x08, 0x21, 0x00,
    0x41, 0x08, 0x21, 0x00, 0x41, 0x08, 0x10, 0x7c, 0xdf, 0xf7, 0xde, 0xff,
    0xbf, 0xff, 0xbe, 0xf7, 0xbf, 0xff, 0xdf, 0xf7, 0xbe, 0xff, 0xbf, 0xf7,
    0xbf, 0xff, 0xde, 0xf7, 0xbe, 0xff, 0xbf, 0xff, 0xdf, 0xf7, 0xde, 0xff,
    0xbf, 0xff, 0xbf, 0xf7, 0xbe, 0xff, 0xbf, 0xf7, 0xbf, 0xff, 0xbe, 0xff,
    0xbf, 0xff, 0xdf, 0xf7, 0x28, 0x42, 0x41, 0x08, 0x42, 0x08, 0x21, 0x08,
    0x41, 0x08, 0x41, 0x00, 0x28, 0x42, 0xbf, 0xf7, 0xbf, 0xff, 0xdf, 0xff,
    0xdf, 0xff, 0xbe, 0xf7, 0xdf, 0xf7, 0xbe, 0xff, 0xbf, 0xff, 0xdf, 0xf7,
    0xbe, 0xff, 0xbf, 0xf7, 0xbe, 0xff, 0xbf, 0xff, 0xbe, 0xf7, 0xdf, 0xff,
    0xbe, 0xf7, 0xbf, 0xff, 0xde, 0xff, 0xbf, 0xf7, 0xbe, 0xff, 0xbe, 0xff,
    0xbf, 0xff, 0xbf, 0xf7, 0x28, 0x42, 0x41, 0x08, 0x21, 0x08, 0x41, 0x00,
    0x41, 0x08, 0x41, 0x08, 0x21, 0x00, 0x41, 0x08, 0x41, 0x08, 0x22, 0x00,
    0x41, 0x08, 0x41, 0x08, 0x41, 0x00, 0x41, 0x08, 0x41, 0x08, 0x41, 0x08,
    0x41, 0x00, 0x41, 0x08, 0x21, 0x00, 0x41, 0x08, 0x21, 0x00, 0x41, 0x08,
    0x41, 0x08, 0x21, 0x08, 0x41, 0x08, 0x41, 0x08, 0x21, 0x00, 0x41, 0x08,
    0xdf, 0xf7, 0xbe, 0xff, 0xbf, 0xff, 0xbf, 0xf7, 0xdf, 0xff, 0xbf, 0xff,
    0xbf, 0xff, 0xbf, 0xff, 0xde, 0xf7, 0xbf, 0xff, 0xbf, 0xf7, 0xde, 0xf7,
    0xf0, 0x83, 0x41, 0x08, 0x41, 0x08, 0x21, 0x08, 0x21, 0x08, 0x41, 0x08,
    0x41, 0x00, 0x41, 0x08, 0x41, 0x08, 0x41, 0x00, 0x41, 0x08, 0x42, 0x00,
    0x21, 0x08, 0x41, 0x00, 0x41, 0x08, 0x21, 0x08, 0x41, 0x00, 0x41, 0x08,
    0x21, 0x08, 0x41, 0x08, 0x21, 0x00, 0x41, 0x08, 0x42, 0x08, 0x21, 0x00,
    0x41, 0x08, 0x21, 0x00, 0x41, 0x08, 0x41, 0x00, 0xd7, 0xbd, 0xdf, 0xff,
    0xbf, 0xff, 0xbe, 0xff, 0xbf, 0xf7, 0xde, 0xff, 0xbf, 0xff, 0xbf, 0xf7,
    0xbe, 0xff, 0xbf, 0xff, 0xbe, 0xf7, 0xdf, 0xf7, 0xd7, 0xbd, 0x21, 0x08,
    0x41, 0x08, 0x21, 0x00, 0x41, 0x08, 0x41, 0x08, 0x21, 0x00, 0x41, 0x08,
    0x42, 0x08, 0x41, 0x08, 0x41, 0x08, 0x41, 0x00, 0x41, 0x08, 0x41, 0x08,
    0x41, 0x00, 0x21, 0x08, 0x42, 0x08, 0x41, 0x08, 0x41, 0x08, 0x21, 0x00,
    0x41, 0x08, 0x41, 0x08, 0x21, 0x00, 0x41, 0x08, 0x41, 0x08, 0x42, 0x08,
    0x21, 0x00, 0x21, 0x08, 0x10, 0x84, 0xde, 0xf7, 0xbf, 0xff, 0xbf, 0xf7,
    0xde, 0xff, 0xbf, 0xff, 0xbe, 0xf7, 0xbf, 0xf7, 0xbf, 0xff, 0xde, 0xf7,
    0xbf, 0xff, 0xbe, 0xff, 0xdf, 0xf7, 0xdf, 0xf7, 0xbe, 0xff, 0xbf, 0xff,
    0xbf, 0xf7, 0xbe, 0xff, 0xbf, 0xff, 0xdf, 0xf7, 0xbe, 0xff, 0xdf, 0xf7,
    0xbf, 0xff, 0x28, 0x42, 0x41, 0x08, 0x21, 0x00, 0x41, 0x08, 0x21, 0x08,
    0x41, 0x08, 0x41, 0x08, 0x41, 0x08, 0xbf, 0xf7, 0xbf, 0xff, 0xbe, 0xff,
    0xbf, 0xf7, 0xbe, 0xff, 0xdf, 0xf7, 0xbf, 0xf7, 0xbe, 0xff, 0xbf, 0xff,
    0xbe, 0xf7, 0xbf, 0xff, 0xdf, 0xff, 0xbe, 0xf7, 0xbf, 0xff, 0xbf, 0xff,
    0xbe, 0xf7, 0xdf, 0xff, 0xbf, 0xff, 0xbf, 0xf7, 0xbe, 0xf7, 0xbf, 0xff,
    0xbf, 0xff, 0xbe, 0xff, 0x10, 0x7c, 0x21, 0x08, 0x41, 0x08, 0x21, 0x08,
    0x21, 0x00, 0x41, 0x08, 0x42, 0x08, 0x21, 0x08, 0x41, 0x08, 0x41, 0x08,
    0x41, 0x00, 0x41, 0x08, 0x21, 0x08, 0x41, 0x08, 0x41, 0x08, 0x41, 0x08,
    0x21, 0x08, 0x41, 0x00, 0x41, 0x08, 0x41, 0x08, 0x21, 0x00, 0x41, 0x08,
    0x41, 0x08, 0x41, 0x08, 0x41, 0x08, 0x21, 0x00, 0x41, 0x08, 0x41, 0x08,
    0xd7, 0xbd, 0xdf, 0xf7, 0xdf, 0xff, 0xbe, 0xff, 0xbf, 0xff, 0xdf, 0xff,
    0xbe, 0xf7, 0xdf, 0xff, 0xdf, 0xf7, 0xbe, 0xff, 0xbf, 0xf7, 0xbf, 0xf7,
    0xf7, 0xbd, 0x21, 0x08, 0x41, 0x08, 0x41, 0x08, 0x41, 0x08, 0x21, 0x00,
    0x41, 0x08, 0x42, 0x08, 0x21, 0x00, 0x41, 0x08, 0x42, 0x08, 0x41, 0x08,
    0x41, 0x08, 0x42, 0x00, 0x41, 0x08, 0x21, 0x08, 0x42, 0x08, 0x41, 0x00,
    0x41, 0x08, 0x21, 0x08, 0x41, 0x08, 0x41, 0x08, 0x21, 0x08, 0x42, 0x08,
    0x41, 0x00, 0x41, 0x08, 0x21, 0x08, 0x21, 0x08, 0x10, 0x7c, 0xbf, 0xf7,
    0xbf, 0xff, 0xbe, 0xff, 0xbf, 0xf7, 0xbe, 0xff, 0xbf, 0xff, 0xbf, 0xf7,
    0xbe, 0xff, 0xbf, 0xff, 0xbf, 0xf7, 0xbe, 0xff, 0xbf, 0xf7, 0xbe, 0xff,
    0xbf, 0xff, 0xde, 0xf7, 0xbf, 0xff, 0xbf, 0xff, 0xde, 0xf7, 0xdf, 0xf7,
    0xde, 0xf7, 0xbf, 0xf7, 0xdf, 0xff, 0x28, 0x42, 0x21, 0x00, 0x41, 0x08,
    0x41, 0x08, 0x41, 0x08, 0x21, 0x00, 0x28, 0x42, 0xdf, 0xff, 0xdf, 0xff,
    0xbe, 0xf7, 0xbf, 0xff, 0xdf, 0xff, 0xbe, 0xf7, 0xbf, 0xff, 0xbe, 0xff,
    0xbf, 0xf7, 0xdf, 0xff, 0xbe, 0xff, 0xdf, 0xf7, 0xbf, 0xff, 0xbf, 0xff,
    0xbe, 0xf7, 0xbf, 0xff, 0xbf, 0xf7, 0xbf, 0xff, 0xbe, 0xff, 0xdf, 0xf7,
    0xbf, 0xff, 0xbe, 0xff, 0xdf, 0xf7, 0x28, 0x42, 0x41, 0x08, 0x21, 0x08,
    0x21, 0x00, 0x41, 0x08, 0x41, 0x08, 0x21, 0x00, 0x41, 0x08, 0x41, 0x08,
    0x21, 0x08, 0x41, 0x08, 0x22, 0x00, 0x21, 0x08, 0x41, 0x08, 0x22, 0x00,
    0x21, 0x08, 0x41, 0x08, 0x41, 0x08, 0x41, 0x08, 0x41, 0x00, 0x22, 0x08,
    0x41, 0x08, 0x41, 0x00, 0x21, 0x00, 0x41, 0x08, 0x41, 0x08, 0x21, 0x08,
    0x41, 0x08, 0xdf, 0xf7, 0xbe, 0xf7, 0xbe, 0xff, 0xbf, 0xff, 0xbe, 0xf7,
    0xde, 0xf7, 0xbf, 0xff, 0xbf, 0xff, 0xde, 0xff, 0xbf, 0xff, 0xbf, 0xff,
    0xde, 0xf7, 0x10, 0x84, 0x41, 0x08, 0x41, 0x00, 0x21, 0x00, 0x21, 0x08,
    0x41, 0x08, 0x42, 0x08, 0x21, 0x08, 0x41, 0x00, 0x22, 0x08, 0x41, 0x08,
    0x41, 0x08, 0x41, 0x08, 0x41, 0x00, 0x42, 0x08, 0x41, 0x08, 0x41, 0x00,
    0x41, 0x08, 0x41, 0x08, 0x41, 0x08, 0x41, 0x08, 0x21, 0x00, 0x41, 0x08,
    0x41, 0x08, 0x41, 0x08, 0x21, 0x00, 0x42, 0x08, 0x41, 0x08, 0xd7, 0xbd,
    0xdf, 0xff, 0xbf, 0xf7, 0xbf, 0xff, 0xbe, 0xff, 0xbf, 0xf7, 0xdf, 0xff,
    0xbe, 0xf7, 0xdf, 0xff, 0xbf, 0xff, 0xbe, 0xff, 0xdf, 0xf7, 0xf7, 0xbd,
    0x21, 0x08, 0x41, 0x00, 0x21, 0x08, 0x41, 0x08, 0x41, 0x00, 0x21, 0x00,
    0x41, 0x08, 0x41, 0x00, 0x21, 0x08, 0x42, 0x08, 0x41, 0x08, 0x21, 0x08,
    0x41, 0x00, 0x41, 0x08, 0x41, 0x08, 0x41, 0x00, 0x41, 0x08, 0x41, 0x08,
    0x42, 0x08, 0x41, 0x08, 0x41, 0x08, 0x41, 0x00, 0x21, 0x08, 0x41, 0x08,
    0x41, 0x00, 0x21, 0x08, 0x41, 0x08, 0x10, 0x7c, 0xbf, 0xf7, 0xbe, 0xff,
    0xdf, 0xff, 0xbf, 0xf7, 0xbe, 0xff, 0xdf, 0xff, 0xbe, 0xff, 0xbf, 0xff,
    0xbf, 0xf7, 0xde, 0xff, 0xbf, 0xff, 0xbf, 0xf7, 0xbe, 0xff, 0xdf, 0xff,
    0xbe, 0xf7, 0xbe, 0xff, 0xdf, 0xf7, 0xbf, 0xff, 0xbe, 0xff, 0xbf, 0xf7,
    0xdf, 0xff, 0xde, 0xf7, 0x28, 0x42, 0x41, 0x08, 0x21, 0x08, 0x41, 0x08,
    0x41, 0x08, 0x41, 0x00, 0x41, 0x08, 0x41, 0x08, 0xbf, 0xf7, 0xde, 0xf7,
    0xdf, 0xff, 0xbf, 0xff, 0xbe, 0xf7, 0xdf, 0xff, 0xdf, 0xff, 0xbe, 0xff,
    0xdf, 0xf7, 0xbf, 0xff, 0xbe, 0xff, 0xbf, 0xf7, 0xde, 0xff, 0xbf, 0xff,
    0xbf, 0xf7, 0xde, 0xff, 0xbf, 0xff, 0xbf, 0xf7, 0xdf, 0xff, 0xdf, 0xff,
    0xbe, 0xf7, 0xbf, 0xf7, 0xdf, 0xff, 0x10, 0x84, 0x21, 0x00, 0x41, 0x08,
    0x41, 0x08, 0x21, 0x00, 0x41, 0x08, 0x41, 0x08, 0x41, 0x00, 0x21, 0x08,
    0x42, 0x08, 0x41, 0x08, 0x21, 0x00, 0x41, 0x08, 0x42, 0x08, 0x41, 0x00,
    0x41, 0x08, 0x42, 0x08, 0x21, 0x08, 0x41, 0x00, 0x41, 0x08, 0x42, 0x08,
    0x21, 0x00, 0x41, 0x08, 0x42, 0x08, 0x41, 0x08, 0x21, 0x00, 0x41, 0x08,
    0x41, 0x08, 0xf7, 0xbd, 0xbf, 0xf7, 0xbf, 0xf7, 0xbe, 0xff, 0xbf, 0xff,
    0xbf, 0xf7, 0xbe, 0xff, 0xbf, 0xff, 0xbe, 0xff, 0xdf, 0xf7, 0xbf, 0xff,
    0xbf, 0xff, 0xf7, 0xbd, 0x21, 0x00, 0x21, 0x08, 0x41, 0x08, 0x22, 0x00,
    0x41, 0x08, 0x41, 0x08, 0x41, 0x08, 0x41, 0x08, 0x21, 0x00, 0x41, 0x08,
    0x21, 0x08, 0x41, 0x00, 0x41, 0x08, 0x21, 0x08, 0x41, 0x00, 0x41, 0x08,
    0x41, 0x08, 0x41, 0x08, 0x21, 0x00, 0x41, 0x00, 0x41, 0x08, 0x41, 0x08,
    0x41, 0x00, 0x21, 0x00, 0x41, 0x08, 0x41, 0x08, 0x41, 0x08, 0xf0, 0x83,
    0xdf, 0xf7, 0xbe, 0xff, 0xbf, 0xf7, 0xdf, 0xff, 0xbe, 0xff, 0xbf, 0xf7,
    0xdf, 0xff, 0xde, 0xff, 0xbf, 0xf7, 0xbf, 0xff, 0xdf, 0xff, 0xbe, 0xf7,
    0xbf, 0xff, 0xbf, 0xf7, 0xbe, 0xf7, 0xdf, 0xff, 0xbe, 0xff, 0xbf, 0xff,
    0xbf, 0xff, 0xbe, 0xff, 0xbf, 0xff, 0xdf, 0xff, 0x28, 0x42, 0x41, 0x08,
    0x41, 0x08, 0x41, 0x00, 0x41, 0x08, 0x21, 0x08, 0x28, 0x42, 0xbf, 0xf7,
    0xbf, 0xf7, 0xbe, 0xff, 0xdf, 0xff, 0xbf, 0xf7, 0xde, 0xf7, 0xbf, 0xff,
    0xbf, 0xff, 0xbe, 0xf7, 0xbf, 0xff, 0xbf, 0xff, 0xde, 0xf7, 0xbf, 0xff,
    0xbe, 0xff, 0xdf, 0xf7, 0xdf, 0xff, 0xbe, 0xff, 0xbf, 0xf7, 0xdf, 0xff,
    0xbf, 0xf7, 0xbe, 0xff, 0xbf, 0xff, 0xdf, 0xf7, 0x28, 0x42, 0x41, 0x08,
    0x21, 0x00, 0x41, 0x08, 0x42, 0x08, 0x41, 0x08, 0x21, 0x00, 0x42, 0x08,
    0x41, 0x08, 0x41, 0x08, 0x41, 0x00, 0x41, 0x08, 0x41, 0x08, 0x41, 0x08,
    0x41, 0x08, 0x41, 0x00, 0x21, 0x08, 0x42, 0x08, 0x41, 0x08, 0x41, 0x08,
    0x41, 0x08, 0x41, 0x08, 0x41, 0x08, 0x21, 0x00, 0x21, 0x08, 0x41, 0x08,
    0x21, 0x00, 0x41, 0x08, 0xbf, 0xff, 0xdf, 0xf7, 0xbf, 0xff, 0xde, 0xff,
    0xbf, 0xf7, 0xbe, 0xff, 0xbf, 0xf7, 0xbe, 0xf7, 0xbf, 0xf7, 0xbe, 0xff,
    0xbf, 0xff, 0xdf, 0xf7, 0xf0, 0x83, 0x41, 0x08, 0x41, 0x08, 0x21, 0x00,
    0x41, 0x00, 0x41, 0x08, 0x41, 0x08, 0x41, 0x00, 0x21, 0x08, 0x41, 0x08,
    0x41, 0x08, 0x21, 0x08, 0x41, 0x08, 0x21, 0x08, 0x41, 0x08, 0x21, 0x08,
    0x41, 0x08, 0x22, 0x00, 0x41, 0x08, 0x41, 0x08, 0x42, 0x08, 0x41, 0x08,
    0x41, 0x00, 0x21, 0x08, 0x41, 0x08, 0x21, 0x00, 0x41, 0x08, 0x41, 0x08,
    0xd7, 0xbd, 0xdf, 0xf7, 0xdf, 0xff, 0xbe, 0xf7, 0xdf, 0xff, 0xbf, 0xff,
    0xbe, 0xf7, 0xbe, 0xff, 0xbf, 0xf7, 0xdf, 0xf7, 0xbe, 0xff, 0xdf, 0xff,
    0xd7, 0xbd, 0x41, 0x00, 0x21, 0x08, 0x41, 0x08, 0x41, 0x08, 0x21, 0x00,
    0x21, 0x08, 0x41, 0x08, 0x41, 0x08, 0x21, 0x00, 0x41, 0x08, 0x41, 0x08,
    0x21, 0x00, 0x42, 0x08, 0x41, 0x08, 0x21, 0x08, 0x21, 0x08, 0x41, 0x00,
    0x21, 0x08, 0x41, 0x08, 0x21, 0x00, 0x41, 0x08, 0x42, 0x08, 0x41, 0x08,
    0x41, 0x08, 0x41, 0x08, 0x21, 0x00, 0x21, 0x08, 0x10, 0x84, 0xdf, 0xf7,
    0xbe, 0xff, 0xbf, 0xff, 0xbf, 0xf7, 0xbe, 0xf7, 0xdf, 0xff, 0xbf, 0xff,
    0xbe, 0xf7, 0xbf, 0xff, 0xbf, 0xf7, 0xde, 0xff, 0xbf, 0xff, 0xbf, 0xf7,
    0xbe, 0xff, 0xdf, 0xff, 0xbf, 0xf7, 0xbe, 0xff, 0xdf, 0xf7, 0xbe, 0xff,
    0xbf, 0xff, 0xdf, 0xf7, 0xbf, 0xff, 0x28, 0x42, 0x41, 0x08, 0x21, 0x00,
    0x41, 0x08, 0x41, 0x08, 0x21, 0x08, 0x41, 0x08, 0x41, 0x08, 0xbf, 0xf7,
    0xdf, 0xff, 0xbe, 0xff, 0xbf, 0xf7, 0xbf, 0xff, 0xde, 0xf7, 0xbf, 0xf7,
    0xbe, 0xff, 0xbf, 0xf7, 0xdf, 0xff, 0xbe, 0xf7, 0xbf, 0xff, 0xbf, 0xff,
    0xde, 0xf7, 0xbf, 0xff, 0xbf, 0xff, 0xbe, 0xf7, 0xbe, 0xff, 0xbf, 0xff,
    0xbe, 0xff, 0xbf, 0xff, 0xbe, 0xf7, 0xdf, 0xf7, 0xf0, 0x83, 0x21, 0x08,
    0x41, 0x08, 0x41, 0x00, 0x21, 0x08, 0x41, 0x08, 0x41, 0x00, 0x41, 0x08,
    0x21, 0x08, 0x41, 0x00, 0x41, 0x08, 0x41, 0x08, 0x41, 0x00, 0x21, 0x08,
    0x21, 0x08, 0x41, 0x00, 0x41, 0x08, 0x41, 0x08, 0x21, 0x08, 0x41, 0x08,
    0x41, 0x08, 0x41, 0x08, 0x21, 0x00, 0x41, 0x08, 0x41, 0x08, 0x21, 0x00,
    0x41, 0x08, 0x41, 0x08, 0xf7, 0xbd, 0xbf, 0xff, 0xdf, 0xf7, 0xbe, 0xff,
    0xdf, 0xf7, 0xbe, 0xff, 0xbf, 0xf7, 0xbf, 0xff, 0xbe, 0xff, 0xbe, 0xf7,
    0xdf, 0xff, 0xbe, 0xff, 0xf7, 0xbd, 0x41, 0x00, 0x41, 0x08, 0x41, 0x08,
    0x21, 0x00, 0x41, 0x08, 0x42, 0x00, 0x41, 0x08, 0x41, 0x08, 0x41, 0x08,
    0x41, 0x08, 0x21, 0x00, 0x41, 0x08, 0x41, 0x08, 0x41, 0x08, 0x41, 0x08,
    0x21, 0x00, 0x41, 0x08, 0x42, 0x08, 0x41, 0x08, 0x21, 0x08, 0x42, 0x08,
    0x41, 0x08, 0x41, 0x08, 0x21, 0x08, 0x41, 0x08, 0x21, 0x00, 0x41, 0x00,
    0xf0, 0x83, 0xdf, 0xff, 0xbe, 0xf7, 0xbf, 0xff, 0xdf, 0xff, 0xbe, 0xf7,
    0xbf, 0xff, 0xbe, 0xff, 0xbf, 0xf7, 0xbe, 0xff, 0xdf, 0xff, 0xbf, 0xf7,
    0xde, 0xff, 0xbf, 0xff, 0xbf, 0xff, 0xde, 0xff, 0xbf, 0xf7, 0xbf, 0xf7,
    0xbe, 0xff, 0xdf, 0xff, 0xdf, 0xff, 0xbe, 0xf7, 0xdf, 0xf7, 0x28, 0x42,
    0x21, 0x08, 0x41, 0x08, 0x21, 0x00, 0x41, 0x08, 0x21, 0x08, 0x28, 0x42,
    0xdf, 0xff, 0xbf, 0xff, 0xbe, 0xff, 0xbf, 0xf7, 0xdf, 0xff, 0xde, 0xf7,
    0xbf, 0xff, 0xdf, 0xff, 0xbe, 0xf7, 0xbf, 0xff, 0xbe, 0xf7, 0xbf, 0xff,
    0xde, 0xf7, 0xbf, 0xff, 0xbf, 0xff, 0xbe, 0xf7, 0xbe, 0xff, 0xdf, 0xff,
    0xbe, 0xf7, 0xbe, 0xff, 0xdf, 0xf7, 0xbf, 0xff, 0xbe, 0xf7, 0x28, 0x42,
    0x41, 0x08, 0x21, 0x08, 0x21, 0x00, 0x41, 0x08, 0x41, 0x08, 0x21, 0x00,
    0x41, 0x08, 0x41, 0x08, 0x21, 0x00, 0x41, 0x08, 0x41, 0x08, 0x41, 0x00,
    0x21, 0x08, 0x41, 0x08, 0x41, 0x08, 0x41, 0x00, 0x21, 0x08, 0x41, 0x00,
    0x21, 0x08, 0x41, 0x00, 0x42, 0x08, 0x41, 0x08, 0x21, 0x00, 0x41, 0x08,
    0x41, 0x08, 0x21, 0x00, 0x41, 0x08, 0xdf, 0xf7, 0xbf, 0xf7, 0xbe, 0xff,
    0xbf, 0xff, 0xdf, 0xff, 0xbf, 0xff, 0xde, 0xff, 0xbf, 0xff, 0xdf, 0xf7,
    0xbe, 0xff, 0xbf, 0xf7, 0xdf, 0xf7, 0xf0, 0x83, 0x41, 0x08, 0x41, 0x08,
    0x21, 0x08, 0x21, 0x08, 0x41, 0x08, 0x41, 0x08, 0x41, 0x08, 0x41, 0x08,
    0x41, 0x00, 0x41, 0x00, 0x42, 0x08, 0x21, 0x00, 0x41, 0x08, 0x41, 0x00,
    0x41, 0x08, 0x21, 0x08, 0x41, 0x08, 0x41, 0x00, 0x21, 0x00, 0x21, 0x08,
    0x41, 0x08, 0x41, 0x08, 0x21, 0x00, 0x41, 0x08, 0x21, 0x08, 0x41, 0x08,
    0x41, 0x08, 0xd7, 0xbd, 0xbf, 0xf7, 0xbe, 0xff, 0xbf, 0xff, 0xbe, 0xf7,
    0xdf, 0xff, 0xbf, 0xff, 0xbe, 0xff, 0xbf, 0xff, 0xbf, 0xf7, 0xde, 0xf7,
    0xbf, 0xff, 0xf7, 0xbd, 0x21, 0x08, 0x21, 0x00, 0x41, 0x08, 0x41, 0x08,
    0x21, 0x08, 0x41, 0x00, 0x42, 0x08, 0x41, 0x08, 0x41, 0x08, 0x41, 0x00,
    0x41, 0x08, 0x41, 0x08, 0x41, 0x08, 0x41, 0x00, 0x42, 0x08, 0x41, 0x08,
    0x41, 0x08, 0x42, 0x00, 0x21, 0x08, 0x41, 0x08, 0x41, 0x00, 0x21, 0x08,
    0x41, 0x00, 0x41, 0x08, 0x41, 0x08, 0x21, 0x00, 0x21, 0x08, 0x10, 0x84,
    0xde, 0xf7, 0xbf, 0xff, 0xbe, 0xff, 0xdf, 0xff, 0xbf, 0xf7, 0xbe, 0xff,
    0xdf, 0xf7, 0xbe, 0xff, 0xbf, 0xff, 0xdf, 0xf7, 0xbe, 0xff, 0xbf, 0xff,
    0xbf, 0xf7, 0xbe, 0xff, 0xbf, 0xff, 0xbf, 0xf7, 0xbf, 0xff, 0xbe, 0xff,
    0xbf, 0xf7, 0xbe, 0xff, 0xde, 0xf7, 0xbf, 0xf7, 0x28, 0x42, 0x41, 0x08,
    0x21, 0x08, 0x41, 0x08, 0x41, 0x08, 0x21, 0x00, 0x41, 0x08, 0x41, 0x08,
    0xbf, 0xf7, 0xbf, 0xff, 0xbe, 0xff, 0xbf, 0xf7, 0xbf, 0xff, 0xde, 0xf7,
    0xdf, 0xff, 0xbf, 0xff, 0xbe, 0xff, 0xbf, 0xf7, 0xde, 0xff, 0xbf, 0xf7,
    0xbf, 0xff, 0xbe, 0xf7, 0xdf, 0xff, 0xbf, 0xf7, 0xbe, 0xff, 0xdf, 0xf7,
    0xbf, 0xf7, 0xdf, 0xff, 0xdf, 0xff, 0xbe, 0xff, 0xbf, 0xff, 0x10, 0x7c,
    0x41, 0x08, 0x41, 0x08, 0x21, 0x00, 0x21, 0x08, 0x41, 0x08, 0x42, 0x08,
    0x41, 0x08, 0x41, 0x08, 0x21, 0x00, 0x41, 0x08, 0x42, 0x08, 0x41, 0x08,
    0x41, 0x08, 0x41, 0x08, 0x21, 0x00, 0x41, 0x08, 0x41, 0x08, 0x42, 0x00,
    0x21, 0x00, 0x41, 0x08, 0x41, 0x08, 0x41, 0x08, 0x21, 0x00, 0x41, 0x08,
    0x21, 0x08, 0x42, 0x08, 0x41, 0x08, 0xd7, 0xbd, 0xdf, 0xf7, 0xdf, 0xff,
    0xbe, 0xff, 0xbf, 0xff, 0xdf, 0xf7, 0xde, 0xff, 0xbf, 0xf7, 0xdf, 0xff,
    0xbf, 0xff, 0xbe, 0xf7, 0xbf, 0xff, 0xf7, 0xbd, 0x21, 0x08, 0x41, 0x08,
    0x41, 0x08, 0x21, 0x00, 0x41, 0x08, 0x41, 0x08, 0x41, 0x08, 0x21, 0x08,
    0x42, 0x00, 0x41, 0x08, 0x41, 0x08, 0x22, 0x08, 0x41, 0x00, 0x41, 0x08,
    0x22, 0x08, 0x41, 0x08, 0x41, 0x00, 0x21, 0x08, 0x41, 0x08, 0x41, 0x00,
    0x21, 0x08, 0x41, 0x00, 0x21, 0x08, 0x22, 0x08, 0x41, 0x08, 0x41, 0x00,
    0x21, 0x08, 0x10, 0x84, 0xbf, 0xf7, 0xbf, 0xff, 0xbe, 0xff, 0xbf, 0xf7,
    0xdf, 0xf7, 0xbe, 0xff, 0xbf, 0xf7, 0xbf, 0xff, 0xde, 0xf7, 0xbe, 0xff,
    0xbf, 0xf7, 0xbf, 0xff, 0xde, 0xf7, 0xbf, 0xff, 0xbf, 0xff, 0xbe, 0xf7,
    0xbf, 0xff, 0xde, 0xf7, 0xbf, 0xf7, 0xbf, 0xff, 0xbe, 0xff, 0xdf, 0xf7,
    0x28, 0x42, 0x41, 0x08, 0x41, 0x08, 0x21, 0x00, 0x41, 0x08, 0x41, 0x00,
    0x29, 0x42, 0xdf, 0xf7, 0xde, 0xff, 0xbf, 0xff, 0xdf, 0xff, 0xbe, 0xf7,
    0xbf, 0xff, 0xbe, 0xff, 0xbf, 0xf7, 0xdf, 0xff, 0xde, 0xff, 0xbf, 0xf7,
    0xbf, 0xff, 0xbe, 0xff, 0xbf, 0xf7, 0xbf, 0xff, 0xbe, 0xf7, 0xdf, 0xff,
    0xbf, 0xff, 0xbf, 0xf7, 0xbe, 0xff, 0xbf, 0xff, 0xbf, 0xff, 0xdf, 0xf7,
    0x28, 0x42, 0x41, 0x08, 0x21, 0x08, 0x41, 0x00, 0x41, 0x08, 0x41, 0x08,
    0x21, 0x00, 0x41, 0x08, 0x41, 0x08, 0x22, 0x08, 0x41, 0x08, 0x41, 0x08,
    0x22, 0x00, 0x41, 0x08, 0x41, 0x08, 0x42, 0x08, 0x41, 0x08, 0x41, 0x08,
    0x41, 0x08, 0x21, 0x08, 0x41, 0x08, 0x41, 0x00, 0x21, 0x08, 0x21, 0x08,
    0x41, 0x00, 0x42, 0x08, 0x21, 0x08, 0x41, 0x08, 0xdf, 0xf7, 0xde, 0xff,
    0xbf, 0xf7, 0xbf, 0xf7, 0xbe, 0xff, 0xbf, 0xf7, 0xbf, 0xff, 0xde, 0xff,
    0xbf, 0xff, 0xbf, 0xf7, 0xbe, 0xff, 0xdf, 0xf7, 0xf0, 0x83, 0x41, 0x00,
    0x41, 0x08, 0x21, 0x00, 0x41, 0x00, 0x42, 0x08, 0x21, 0x00, 0x21, 0x08,
    0x42, 0x08, 0x21, 0x08, 0x41, 0x08, 0x41, 0x08, 0x41, 0x08, 0x41, 0x00,
    0x42, 0x08, 0x41, 0x08, 0x41, 0x00, 0x41, 0x08, 0x42, 0x08, 0x41, 0x08,
    0x41, 0x08, 0x41, 0x00, 0x22, 0x08, 0x21, 0x08, 0x41, 0x08, 0x41, 0x00,
    0x41, 0x08, 0x41, 0x08, 0xd7, 0xbd, 0xdf, 0xff, 0xbf, 0xff, 0xbf, 0xf7,
    0xbe, 0xff, 0xbf, 0xf7, 0xdf, 0xf7, 0xbe, 0xff, 0xbf, 0xff, 0xbf, 0xff,
    0xbe, 0xff, 0xdf, 0xf7, 0xf7, 0xbd, 0x21, 0x08, 0x41, 0x00, 0x21, 0x00,
    0x41, 0x08, 0x21, 0x08, 0x21, 0x00, 0x41, 0x08, 0x41, 0x08, 0x21, 0x08,
    0x42, 0x08, 0x21, 0x00, 0x41, 0x08, 0x21, 0x08, 0x41, 0x08, 0x41, 0x00,
    0x21, 0x08, 0x41, 0x08, 0x41, 0x08, 0x41, 0x08, 0x41, 0x08, 0x42, 0x08,
    0x21, 0x08, 0x41, 0x08, 0x22, 0x00, 0x41, 0x08, 0x41, 0x08, 0x21, 0x00,
    0x10, 0x84, 0xdf, 0xf7, 0xbe, 0xf7, 0xbf, 0xff, 0xbe, 0xff, 0xbf, 0xff,
    0xbf, 0xf7, 0xbe, 0xff, 0xdf, 0xff, 0xbe, 0xf7, 0xbf, 0xff, 0xbe, 0xf7,
    0xdf, 0xff, 0xde, 0xf7, 0xbf, 0xff, 0xbe, 0xf7, 0xdf, 0xff, 0xbe, 0xff,
    0xdf, 0xf7, 0xbf, 0xff, 0xbf, 0xff, 0xdf, 0xf7, 0xbf, 0xff, 0x28, 0x42,
    0x41, 0x08, 0x21, 0x00, 0x41, 0x08, 0x41, 0x08, 0x41, 0x08, 0x41, 0x08,
    0x41, 0x08, 0xbf, 0xf7, 0xdf, 0xf7, 0xbe, 0xff, 0xbf, 0xff, 0xbe, 0xff,
    0xdf, 0xf7, 0xdf, 0xf7, 0xbe, 0xff, 0xbf, 0xff, 0xbf, 0xf7, 0xbe, 0xff,
    0xdf, 0xff, 0xbe, 0xf7, 0xbf, 0xff, 0xbe, 0xff, 0xdf, 0xf7, 0xbf, 0xff,
    0xdf, 0xff, 0xde, 0xff, 0xbf, 0xf7, 0xbe, 0xf7, 0xbf, 0xff, 0xbf, 0xff,
    0x10, 0x7c, 0x21, 0x08, 0x41, 0x08, 0x41, 0x00, 0x21, 0x00, 0x41, 0x08,
    0x41, 0x08, 0x21, 0x00, 0x41, 0x08, 0x42, 0x08, 0x21, 0x08, 0x41, 0x00,
    0x21, 0x08, 0x41, 0x08, 0x42, 0x00, 0x41, 0x08, 0x21, 0x08, 0x41, 0x08,
    0x41, 0x08, 0x41, 0x08, 0x22, 0x00, 0x41, 0x08, 0x41, 0x08, 0x42, 0x08,
    0x41, 0x08, 0x21, 0x00, 0x41, 0x08, 0x41, 0x08, 0xd7, 0xbd, 0xbf, 0xf7,
    0xdf, 0xf7, 0xbe, 0xff, 0xbf, 0xff, 0xbf, 0xf7, 0xbe, 0xff, 0xbe, 0xff,
    0xbf, 0xf7, 0xdf, 0xff, 0xbf, 0xf7, 0xbf, 0xff, 0xf7, 0xbd, 0x21, 0x00,
    0x41, 0x08, 0x41, 0x08, 0x21, 0x00, 0x41, 0x08, 0x41, 0x08, 0x41, 0x00,
    0x21, 0x08, 0x41, 0x08, 0x41, 0x00, 0x41, 0x08, 0x41, 0x08, 0x21, 0x08,
    0x41, 0x00, 0x41, 0x08, 0x41, 0x08, 0x41, 0x08, 0x21, 0x08, 0x41, 0x00,
    0x41, 0x08, 0x41, 0x08, 0x42, 0x08, 0x41, 0x00, 0x21, 0x00, 0x41, 0x08,
    0x21, 0x08, 0x41, 0x08, 0xf0, 0x7b, 0xdf, 0xf7, 0xbe, 0xff, 0xbf, 0xff,
    0xbe, 0xf7, 0xbf, 0xff, 0xdf, 0xff, 0xbe, 0xff, 0xbf, 0xf7, 0xdf, 0xff,
    0xbe, 0xff, 0xbf, 0xff, 0xbf, 0xf7, 0xbe, 0xff, 0xdf, 0xf7, 0xbf, 0xff,
    0xbe, 0xff, 0xdf, 0xff, 0xbf, 0xff, 0xdf, 0xff, 0xbf, 0xff, 0xde, 0xf7,
    0xbf, 0xff, 0x29, 0x42, 0x41, 0x08, 0x41, 0x08, 0x21, 0x08, 0x42, 0x08,
    0x21, 0x00, 0x28, 0x42, 0xbf, 0xff, 0xbf, 0xff, 0xbe, 0xf7, 0xbf, 0xff,
    0xdf, 0xf7, 0xde, 0xf7, 0xbf, 0xff, 0xbe, 0xf7, 0xbf, 0xff, 0xbf, 0xff,
    0xde, 0xf7, 0xbf, 0xff, 0xbf, 0xff, 0xde, 0xf7, 0xdf, 0xff, 0xbf, 0xff,
    0xbe, 0xf7, 0xbf, 0xff, 0xdf, 0xff, 0xbe, 0xf7, 0xbf, 0xff, 0xde, 0xf7,
    0xdf, 0xff, 0x28, 0x42, 0x41, 0x08, 0x21, 0x08, 0x21, 0x00, 0x41, 0x08,
    0x41, 0x08, 0x21, 0x00, 0x41, 0x08, 0x41, 0x08, 0x41, 0x00, 0x41, 0x08,
    0x21, 0x08, 0x41, 0x08, 0x41, 0x00, 0x21, 0x08, 0x41, 0x00, 0x21, 0x08,
    0x41, 0x00, 0x42, 0x08, 0x41, 0x08, 0x21, 0x08, 0x41, 0x08, 0x41, 0x08,
    0x21, 0x00, 0x21, 0x08, 0x41, 0x08, 0x21, 0x00, 0x41, 0x08, 0xbf, 0xff,
    0xbf, 0xf7, 0xbe, 0xff, 0xdf, 0xff, 0xbe, 0xf7, 0xbf, 0xf7, 0xbf, 0xff,
    0xbe, 0xf7, 0xbf, 0xff, 0xde, 0xff, 0xbf, 0xff, 0xde, 0xf7, 0xf0, 0x83,
    0x41, 0x08, 0x41, 0x08, 0x21, 0x00, 0x21, 0x08, 0x41, 0x08, 0x41, 0x08,
    0x41, 0x00, 0x41, 0x08, 0x41, 0x08, 0x21, 0x00, 0x41, 0x08, 0x21, 0x08,
    0x41, 0x08, 0x21, 0x08, 0x21, 0x08, 0x41, 0x00, 0x21, 0x08, 0x41, 0x08,
    0x41, 0x08, 0x41, 0x08, 0x41, 0x00, 0x41, 0x08, 0x21, 0x00, 0x41, 0x08,
    0x21, 0x00, 0x42, 0x08, 0x41, 0x08, 0xd7, 0xbd, 0xdf, 0xff, 0xbf, 0xf7,
    0xde, 0xff, 0xbf, 0xff, 0xbe, 0xff, 0xdf, 0xf7, 0xbf, 0xf7, 0xde, 0xff,
    0xbf, 0xf7, 0xbf, 0xff, 0xde, 0xf7, 0xd7, 0xbd, 0x41, 0x08, 0x21, 0x08,
    0x41, 0x00, 0x41, 0x08, 0x21, 0x08, 0x41, 0x00, 0x41, 0x08, 0x21, 0x08,
    0x41, 0x00, 0x41, 0x08, 0x41, 0x08, 0x22, 0x00, 0x41, 0x08, 0x41, 0x08,
    0x21, 0x08, 0x41, 0x00, 0x41, 0x08, 0x21, 0x00, 0x41, 0x08, 0x41, 0x00,
    0x21, 0x08, 0x41, 0x08, 0x41, 0x08, 0x41, 0x08, 0x41, 0x08, 0x21, 0x00,
    0x21, 0x08, 0x10, 0x84, 0xbf, 0xf7, 0xbf, 0xff, 0xbe, 0xf7, 0xdf, 0xf7,
    0xbe, 0xff, 0xbf, 0xff, 0xdf, 0xf7, 0xbe, 0xff, 0xbf, 0xff, 0xbf, 0xf7,
    0xbf, 0xff, 0xbe, 0xff, 0xbf, 0xff, 0xbf, 0xf7, 0xde, 0xff, 0xbf, 0xff,
    0xbf, 0xf7, 0xbe, 0xff, 0xdf, 0xff, 0xbe, 0xf7, 0xdf, 0xff, 0xbf, 0xf7,
    0x28, 0x42, 0x41, 0x08, 0x21, 0x00, 0x41, 0x08, 0x41, 0x08, 0x21, 0x00,
    0x41, 0x08, 0x41, 0x08, 0xbf, 0xf7, 0xdf, 0xf7, 0xdf, 0xff, 0xbe, 0xff,
    0xbf, 0xf7, 0xdf, 0xff, 0xbe, 0xf7, 0xbe, 0xff, 0xdf, 0xf7, 0xbf, 0xff,
    0xbe, 0xff, 0xbf, 0xf7, 0xdf, 0xff, 0xbe, 0xff, 0xbf, 0xf7, 0xbe, 0xff,
    0xbf, 0xff, 0xbe, 0xff, 0xbf, 0xff, 0xdf, 0xff, 0xdf, 0xff, 0xbe, 0xf7,
    0xbe, 0xff, 0x10, 0x7c, 0x21, 0x08, 0x41, 0x08, 0x21, 0x08, 0x41, 0x00,
    0x41, 0x08, 0x41, 0x08, 0x21, 0x00, 0x41, 0x08, 0x41, 0x08, 0x41, 0x08,
    0x41, 0x00, 0x21, 0x08, 0x41, 0x08, 0x41, 0x08, 0x41, 0x08, 0x42, 0x00,
    0x21, 0x08, 0x41, 0x08, 0x41, 0x08, 0x41, 0x08, 0x21, 0x00, 0x41, 0x08,
    0x41, 0x08, 0x41, 0x00, 0x21, 0x00, 0x21, 0x08, 0x41, 0x08, 0xf7, 0xbd,
    0xbf, 0xf7, 0xdf, 0xff, 0xde, 0xf7, 0xbf, 0xff, 0xbf, 0xff, 0xbe, 0xf7,
    0xbf, 0xff, 0xbe, 0xff, 0xbe, 0xf7, 0xbf, 0xff, 0xbf, 0xff, 0xf7, 0xbd,
    0x41, 0x08, 0x22, 0x08, 0x41, 0x08, 0x42, 0x00, 0x41, 0x08, 0x41, 0x08,
    0x22, 0x08, 0x41, 0x08, 0x41, 0x08, 0x21, 0x08, 0x41, 0x00, 0x41, 0x08,
    0x42, 0x08, 0x21, 0x08, 0x41, 0x00, 0x41, 0x08, 0x22, 0x08, 0x41, 0x00,
    0x41, 0x08, 0x42, 0x08, 0x21, 0x08, 0x21, 0x08, 0x41, 0x08, 0x41, 0x00,
    0x41, 0x08, 0x41, 0x00, 0x41, 0x08, 0xf0, 0x83, 0xdf, 0xf7, 0xdf, 0xf7,
    0xbe, 0xff, 0xdf, 0xff, 0xbf, 0xf7, 0xbe, 0xff, 0xdf, 0xff, 0xbf, 0xf7,
    0xbf, 0xff, 0xbe, 0xf7, 0xdf, 0xff, 0xbe, 0xff, 0xbf, 0xf7, 0xbe, 0xff,
    0xdf, 0xf7, 0xbf, 0xf7, 0xbe, 0xff, 0xbe, 0xf7, 0xbf, 0xff, 0xbe, 0xf7,
    0xbf, 0xff, 0xdf, 0xff, 0x28, 0x42, 0x21, 0x08, 0x41, 0x00, 0x41, 0x08,
    0x41, 0x08, 0x41, 0x08, 0x28, 0x42, 0xdf, 0xff, 0xdf, 0xf7, 0xbe, 0xff,
    0xdf, 0xff, 0xdf, 0xf7, 0xbe, 0xff, 0xbf, 0xff, 0xdf, 0xf7, 0xbe, 0xff,
    0xbf, 0xf7, 0xbe, 0xff, 0xdf, 0xf7, 0xbf, 0xff, 0xbe, 0xff, 0xbf, 0xf7,
    0xbf, 0xff, 0xbe, 0xf7, 0xdf, 0xff, 0xbe, 0xf7, 0xbf, 0xff, 0xbf, 0xf7,
    0xbe, 0xff, 0xbf, 0xf7, 0x28, 0x42, 0x41, 0x08, 0x21, 0x08, 0x21, 0x00,
    0x41, 0x08, 0x42, 0x08, 0x21, 0x08, 0x41, 0x08, 0x41, 0x08, 0x21, 0x00,
    0x41, 0x08, 0x41, 0x08, 0x41, 0x08, 0x42, 0x08, 0x41, 0x08, 0x21, 0x08,
    0x41, 0x00, 0x41, 0x08, 0x21, 0x08, 0x41, 0x00, 0x42, 0x00, 0x41, 0x08,
    0x41, 0x08, 0x21, 0x00, 0x41, 0x08, 0x41, 0x08, 0x21, 0x00, 0x41, 0x08,
    0xdf, 0xf7, 0xbf, 0xf7, 0xbe, 0xff, 0xdf, 0xff, 0xbf, 0xff, 0xde, 0xff,
    0xbf, 0xf7, 0xbf, 0xff, 0xde, 0xf7, 0xbf, 0xff, 0xbf, 0xf7, 0xdf, 0xf7,
    0xf0, 0x83, 0x41, 0x08, 0x41, 0x08, 0x21, 0x08, 0x41, 0x00, 0x41, 0x08,
    0x41, 0x08, 0x41, 0x08, 0x41, 0x00, 0x41, 0x08, 0x42, 0x08, 0x41, 0x00,
    0x41, 0x08, 0x42, 0x08, 0x41, 0x00, 0x41, 0x08, 0x42, 0x08, 0x41, 0x08,
    0x21, 0x00, 0x21, 0x08, 0x42, 0x08, 0x41, 0x08, 0x41, 0x08, 0x21, 0x00,
    0x41, 0x08, 0x21, 0x08, 0x41, 0x00, 0x41, 0x08, 0xd7, 0xbd, 0xdf, 0xf7,
    0xdf, 0xff, 0xbe, 0xf7, 0xbf, 0xff, 0xbf, 0xff, 0xbe, 0xff, 0xbf, 0xff,
    0xbe, 0xf7, 0xdf, 0xff, 0xbf, 0xff, 0xdf, 0xf7, 0xd7, 0xbd, 0x21, 0x08,
    0x41, 0x08, 0x21, 0x08, 0x41, 0x08, 0x41, 0x00, 0x21, 0x08, 0x41, 0x08,
    0x42, 0x08, 0x41, 0x00, 0x41, 0x08, 0x41, 0x08, 0x41, 0x08, 0x41, 0x00,
    0x41, 0x08, 0x42, 0x08, 0x41, 0x08, 0x41, 0x08, 0x22, 0x08, 0x41, 0x00,
    0x41, 0x08, 0x41, 0x08, 0x41, 0x00, 0x21, 0x00, 0x41, 0x08, 0x41, 0x08,
    0x21, 0x00, 0x41, 0x08, 0x10, 0x84, 0xde, 0xf7, 0xbf, 0xff, 0xbf, 0xff,
    0xde, 0xf7, 0xbf, 0xff, 0xbf, 0xff, 0xbe, 0xf7, 0xbf, 0xff, 0xdf, 0xff,
    0xde, 0xf7, 0xbf, 0xff, 0xbe, 0xf7, 0xbf, 0xff, 0xdf, 0xff, 0xbe, 0xf7,
    0xbf, 0xff, 0xbf, 0xf7, 0xbe, 0xff, 0xbf, 0xf7, 0xbe, 0xff, 0xde, 0xf7,
    0xbf, 0xff, 0x28, 0x42, 0x41, 0x08, 0x21, 0x08, 0x41, 0x08, 0x41, 0x08,
    0x41, 0x08, 0x21, 0x00, 0x21, 0x08, 0xdf, 0xff, 0xbe, 0xf7, 0xbf, 0xff,
    0xbf, 0xf7, 0xbe, 0xff, 0xdf, 0xf7, 0xbf, 0xff, 0xbe, 0xff, 0xbf, 0xf7,
    0xdf, 0xff, 0xbe, 0xff, 0xbf, 0xf7, 0xbf, 0xff, 0xde, 0xff, 0xbf, 0xf7,
    0xbf, 0xff, 0xde, 0xf7, 0xdf, 0xf7, 0xbf, 0xff, 0xbe, 0xff, 0xbf, 0xf7,
    0xbf, 0xff, 0xdf, 0xf7, 0x10, 0x84, 0x21, 0x00, 0x41, 0x08, 0x21, 0x08,
    0x21, 0x08, 0x41, 0x08, 0x42, 0x08, 0x41, 0x08, 0x41, 0x00, 0x21, 0x08,
    0x41, 0x08, 0x42, 0x08, 0x41, 0x00, 0x21, 0x08, 0x41, 0x08, 0x41, 0x00,
    0x21, 0x08, 0x41, 0x00, 0x41, 0x08, 0x21, 0x08, 0x41, 0x00, 0x41, 0x08,
    0x21, 0x08, 0x41, 0x08, 0x42, 0x08, 0x41, 0x00, 0x41, 0x08, 0x41, 0x08,
    0xf7, 0xbd, 0xbf, 0xff, 0xbf, 0xff, 0xbe, 0xf7, 0xbf, 0xff, 0xdf, 0xff,
    0xdf, 0xf7, 0xbf, 0xff, 0xdf, 0xff, 0xbe, 0xf7, 0xbf, 0xff, 0xdf, 0xf7,
    0xf7, 0xbd, 0x21, 0x08, 0x21, 0x00, 0x41, 0x08, 0x41, 0x08, 0x21, 0x08,
    0x41, 0x08, 0x41, 0x00, 0x41, 0x08, 0x41, 0x08, 0x22, 0x08, 0x41, 0x08,
    0x41, 0x00, 0x41, 0x08, 0x21, 0x08, 0x41, 0x08, 0x41, 0x00, 0x41, 0x08,
    0x41, 0x08, 0x41, 0x08, 0x42, 0x08, 0x41, 0x08, 0x41, 0x00, 0x21, 0x08,
    0x21, 0x08, 0x41, 0x08, 0x21, 0x00, 0x21, 0x08, 0x10, 0x84, 0xbf, 0xf7,
    0xbe, 0xff, 0xbf, 0xff, 0xbf, 0xf7, 0xbe, 0xff, 0xbf, 0xf7, 0xbe, 0xff,
    0xde, 0xff, 0xbf, 0xf7, 0xbf, 0xff, 0xbe, 0xf7, 0xdf, 0xff, 0xbf, 0xff,
    0xbe, 0xff, 0xbf, 0xff, 0xbf, 0xf7, 0xbe, 0xff, 0xdf, 0xff, 0xdf, 0xff,
    0xdf, 0xff, 0xde, 0xf7, 0xbf, 0xf7, 0x28, 0x42, 0x41, 0x08, 0x22, 0x08,
    0x21, 0x00, 0x41, 0x08, 0x21, 0x08, 0x28, 0x42, 0xbf, 0xff, 0xbf, 0xff,
    0xbe, 0xf7, 0xbf, 0xff, 0xdf, 0xf7, 0xbe, 0xf7, 0xbf, 0xff, 0xbf, 0xff,
    0xde, 0xf7, 0xbf, 0xff, 0xbf, 0xff, 0xbe, 0xf7, 0xbf, 0xff, 0xbe, 0xf7,
    0xdf, 0xff, 0xbe, 0xff, 0xbf, 0xf7, 0xbf, 0xff, 0xde, 0xff, 0xbf, 0xf7,
    0xdf, 0xff, 0xbf, 0xff, 0xbf, 0xf7, 0x28, 0x42, 0x41, 0x08, 0x21, 0x08,
    0x41, 0x00, 0x41, 0x08, 0x41, 0x08, 0x21, 0x00, 0x41, 0x08, 0x42, 0x08,
    0x21, 0x08, 0x41, 0x00, 0x42, 0x08, 0x21, 0x00, 0x41, 0x08, 0x41, 0x08,
    0x41, 0x08, 0x42, 0x08, 0x41, 0x08, 0x41, 0x08, 0x21, 0x08, 0x41, 0x08,
    0x41, 0x08, 0x41, 0x08, 0x21, 0x00, 0x41, 0x08, 0x41, 0x08, 0x21, 0x00,
    0x41, 0x08, 0xdf, 0xff, 0xde, 0xf7, 0xbf, 0xff, 0xbf, 0xf7, 0xbe, 0xff,
    0xbe, 0xff, 0xdf, 0xf7, 0xbf, 0xff, 0xbe, 0xff, 0xbf, 0xf7, 0xbe, 0xff,
    0xdf, 0xff, 0xf0, 0x7b, 0x41, 0x08, 0x41, 0x08, 0x21, 0x00, 0x21, 0x08,
    0x41, 0x08, 0x42, 0x08, 0x21, 0x08, 0x21, 0x08, 0x41, 0x08, 0x21, 0x08,
    0x41, 0x08, 0x41, 0x00, 0x21, 0x08, 0x41, 0x08, 0x41, 0x00, 0x41, 0x08,
    0x41, 0x08, 0x41, 0x00, 0x41, 0x08, 0x21, 0x08, 0x41, 0x00, 0x41, 0x08,
    0x21, 0x08, 0x41, 0x08, 0x41, 0x00, 0x41, 0x08, 0x41, 0x08, 0xd7, 0xbd,
    0xbf, 0xf7, 0xbf, 0xff, 0xbe, 0xf7, 0xdf, 0xf7, 0xbf, 0xff, 0xbe, 0xf7,
    0xdf, 0xff, 0xbf, 0xff, 0xbe, 0xf7, 0xbe, 0xff, 0xdf, 0xf7, 0xf7, 0xbd,
    0x21, 0x00, 0x41, 0x00, 0x21, 0x08, 0x41, 0x08, 0x21, 0x00, 0x21, 0x00,
    0x41, 0x08, 0x41, 0x08, 0x21, 0x08, 0x41, 0x08, 0x21, 0x08, 0x41, 0x08,
    0x21, 0x08, 0x41, 0x00, 0x21, 0x08, 0x41, 0x08, 0x41, 0x00, 0x41, 0x08,
    0x21, 0x08, 0x42, 0x08, 0x41, 0x08, 0x21, 0x08, 0x42, 0x08, 0x41, 0x08,
    0x41, 0x08, 0x21, 0x00, 0x21, 0x08, 0x10, 0x7c, 0xde, 0xf7, 0xbf, 0xff,
    0xbf, 0xff, 0xbe, 0xff, 0xdf, 0xf7, 0xbf, 0xff, 0xbe, 0xf7, 0xbf, 0xf7,
    0xbe, 0xff, 0xbf, 0xff, 0xdf, 0xf7, 0xbe, 0xff, 0xbf, 0xf7, 0xdf, 0xff,
    0xbe, 0xff, 0xbf, 0xf7, 0xde, 0xff, 0xdf, 0xff, 0xbf, 0xff, 0xbf, 0xf7,
    0xdf, 0xff, 0xbf, 0xf7, 0x28, 0x42, 0x41, 0x08, 0x21, 0x00, 0x41, 0x08,
    0x21, 0x00, 0x41, 0x08, 0x41, 0x08, 0x41, 0x08, 0xdf, 0xf7, 0xdf, 0xff,
    0xde, 0xf7, 0xbf, 0xff, 0xbe, 0xff, 0xdf, 0xf7, 0xdf, 0xf7, 0xbe, 0xff,
    0xbf, 0xff, 0xbf, 0xf7, 0xde, 0xff, 0xbf, 0xf7, 0xbf, 0xff, 0xbe, 0xf7,
    0xdf, 0xff, 0xbf, 0xff, 0xbe, 0xf7, 0xbf, 0xff, 0xbe, 0xf7, 0xdf, 0xff,
    0xdf, 0xff, 0xbe, 0xff, 0xbf, 0xff, 0x10, 0x7c, 0x21, 0x08, 0x41, 0x08,
    0x41, 0x00, 0x21, 0x00, 0x41, 0x08, 0x41, 0x08, 0x21, 0x08, 0x41, 0x08,
    0x41, 0x00, 0x21, 0x08, 0x41, 0x08, 0x41, 0x08, 0x41, 0x00, 0x22, 0x08,
    0x41, 0x08, 0x41, 0x08, 0x41, 0x08, 0x42, 0x00, 0x41, 0x08, 0x41, 0x08,
    0x42, 0x08, 0x41, 0x00, 0x21, 0x08, 0x41, 0x08, 0x21, 0x00, 0x42, 0x08,
    0x41, 0x08, 0xf7, 0xbd, 0xbf, 0xf7, 0xdf, 0xf7, 0xbe, 0xff, 0xdf, 0xff,
    0xbe, 0xf7, 0xbe, 0xf7, 0xbf, 0xff, 0xdf, 0xf7, 0xbe, 0xff, 0xbf, 0xff,
    0xde, 0xf7, 0xf7, 0xbd, 0x21, 0x08, 0x41, 0x00, 0x41, 0x08, 0x21, 0x00,
    0x21, 0x08, 0x42, 0x08, 0x41, 0x00, 0x41, 0x08, 0x21, 0x00, 0x41, 0x08,
    0x41, 0x08, 0x21, 0x08, 0x41, 0x00, 0x41, 0x08, 0x42, 0x08, 0x21, 0x08,
    0x41, 0x00, 0x21, 0x08, 0x41, 0x00, 0x41, 0x08, 0x41, 0x08, 0x41, 0x08,
    0x22, 0x08, 0x41, 0x08, 0x41, 0x08, 0x21, 0x00, 0x41, 0x08, 0x10, 0x84,
    0xbf, 0xf7, 0xde, 0xf7, 0xbf, 0xff, 0xbe, 0xff, 0xdf, 0xf7, 0xbf, 0xff,
    0xbf, 0xff, 0xbe, 0xf7, 0xdf, 0xff, 0xbf, 0xff, 0xbe, 0xf7, 0xbf, 0xf7,
    0xdf, 0xff, 0xbe, 0xf7, 0xbf, 0xff, 0xde, 0xff, 0xbf, 0xf7, 0xbf, 0xf7,
    0xbe, 0xff, 0xbf, 0xff, 0xdf, 0xff, 0xbf, 0xf7, 0x28, 0x42, 0x41, 0x08,
    0x41, 0x08, 0x41, 0x00, 0x41, 0x08, 0x41, 0x00, 0x28, 0x42, 0xdf, 0xff,
    0xbf, 0xf7, 0xbe, 0xff, 0xdf, 0xff, 0xdf, 0xf7, 0xde, 0xff, 0xbf, 0xff,
    0xbe, 0xf7, 0xbf, 0xff, 0xdf, 0xff, 0xbe, 0xf7, 0xbf, 0xff, 0xdf, 0xff,
    0xbe, 0xf7, 0xbf, 0xff, 0xdf, 0xff, 0xbe, 0xf7, 0xbf, 0xff, 0xbf, 0xff,
    0xbe, 0xf7, 0xbe, 0xff, 0xdf, 0xff, 0xdf, 0xf7, 0x28, 0x42, 0x41, 0x08,
    0x21, 0x08, 0x21, 0x00, 0x41, 0x08, 0x41, 0x08, 0x21, 0x00, 0x41, 0x08,
    0x41, 0x08, 0x41, 0x00, 0x41, 0x08, 0x41, 0x08, 0x21, 0x08, 0x41, 0x00,
    0x41, 0x00, 0x21, 0x08, 0x41, 0x08, 0x41, 0x00, 0x21, 0x08, 0x41, 0x08,
    0x41, 0x00, 0x22, 0x08, 0x41, 0x08, 0x21, 0x00, 0x21, 0x08, 0x41, 0x08,
    0x41, 0x00, 0x41, 0x08, 0xbf, 0xff, 0xbf, 0xf7, 0xbe, 0xff, 0xbf, 0xff,
    0xbf, 0xf7, 0xbe, 0xff, 0xbf, 0xff, 0xde, 0xf7, 0xbf, 0xff, 0xbf, 0xff,
    0xbe, 0xff, 0xdf, 0xf7, 0x10, 0x84, 0x41, 0x08, 0x41, 0x00, 0x21, 0x00,
    0x41, 0x08, 0x41, 0x08, 0x41, 0x00, 0x41, 0x00, 0x41, 0x08, 0x42, 0x00,
    0x21, 0x08, 0x41, 0x08, 0x41, 0x08, 0x21, 0x08, 0x41, 0x08, 0x21, 0x08,
    0x21, 0x08, 0x41, 0x08, 0x42, 0x08, 0x41, 0x08, 0x41, 0x00, 0x21, 0x08,
    0x42, 0x08, 0x21, 0x00, 0x41, 0x08, 0x21, 0x08, 0x41, 0x08, 0x41, 0x08,
    0xd7, 0xbd, 0xdf, 0xff, 0xbf, 0xff, 0xbe, 0xff, 0xdf, 0xff, 0xbe, 0xf7,
    0xbf, 0xff, 0xdf, 0xf7, 0xbe, 0xff, 0xbf, 0xff, 0xbf, 0xf7, 0xde, 0xff,
    0xd7, 0xbd, 0x41, 0x08, 0x21, 0x08, 0x41, 0x00, 0x41, 0x08, 0x21, 0x08,
    0x41, 0x08, 0x41, 0x08, 0x41, 0x00, 0x41, 0x08, 0x22, 0x00, 0x41, 0x00,
    0x41, 0x08, 0x42, 0x08, 0x21, 0x08, 0x41, 0x00, 0x41, 0x08, 0x21, 0x08,
    0x41, 0x00, 0x41, 0x08, 0x41, 0x08, 0x21, 0x00, 0x41, 0x08, 0x41, 0x08,
    0x41, 0x00, 0x41, 0x08, 0x21, 0x08, 0x41, 0x00, 0x10, 0x84, 0xbf, 0xff,
    0xbe, 0xf7, 0xbf, 0xff, 0xbe, 0xf7, 0xbf, 0xff, 0xde, 0xff, 0xdf, 0xff,
    0xbf, 0xf7, 0xbe, 0xff, 0xbf, 0xff, 0xbf, 0xf7, 0xde, 0xff, 0xbf, 0xff,
    0xbe, 0xf7, 0xbf, 0xff, 0xbf, 0xf7, 0xbe, 0xff, 0xbf, 0xf7, 0xbe, 0xff,
    0xbe, 0xff, 0xdf, 0xf7, 0xbf, 0xff, 0x28, 0x42, 0x41, 0x08, 0x21, 0x08,
    0x41, 0x08, 0x41, 0x08, 0x41, 0x08, 0x42, 0x08, 0x41, 0x00, 0xbf, 0xf7,
    0xdf, 0xff, 0xbe, 0xff, 0xbf, 0xf7, 0xbf, 0xff, 0xde, 0xff, 0xdf, 0xf7,
    0xbf, 0xff, 0xbe, 0xff, 0xbf, 0xf7, 0xbe, 0xff, 0xdf, 0xff, 0xbe, 0xf7,
    0xbf, 0xff, 0xbf, 0xff, 0xbe, 0xf7, 0xbf, 0xff, 0xdf, 0xff, 0xdf, 0xff,
    0xbe, 0xf7, 0xbf, 0xff, 0xbe, 0xf7, 0xbf, 0xff, 0x10, 0x84, 0x21, 0x00,
    0x41, 0x08, 0x41, 0x08, 0x21, 0x00, 0x41, 0x08, 0x41, 0x00, 0x41, 0x08,
    0x42, 0x08, 0x41, 0x08, 0x41, 0x00, 0x21, 0x08, 0x41, 0x08, 0x41, 0x08,
    0x41, 0x08, 0x21, 0x08, 0x41, 0x00, 0x41, 0x08, 0x21, 0x08, 0x41, 0x08,
    0x21, 0x08, 0x41, 0x00, 0x41, 0x08, 0x42, 0x00, 0x41, 0x08, 0x21, 0x08,
    0x41, 0x08, 0x41, 0x08, 0xf7, 0xbd, 0xbf, 0xff, 0xdf, 0xf7, 0xbf, 0xff,
    0xbe, 0xff, 0xbf, 0xf7, 0xbe, 0xff, 0xbf, 0xff, 0xbe, 0xf7, 0xbf, 0xff,
    0xbf, 0xff, 0xdf, 0xf7, 0xd7, 0xbd, 0x41, 0x08, 0x41, 0x08, 0x41, 0x08,
    0x42, 0x00, 0x41, 0x08, 0x41, 0x08, 0x41, 0x08, 0x41, 0x08, 0x41, 0x08,
    0x41, 0x00, 0x42, 0x08, 0x21, 0x08, 0x41, 0x08, 0x41, 0x00, 0x21, 0x08,
    0x41, 0x08, 0x41, 0x08, 0x42, 0x08, 0x22, 0x08, 0x41, 0x00, 0x21, 0x08,
    0x41, 0x08, 0x41, 0x00, 0x41, 0x00, 0x42, 0x08, 0x41, 0x00, 0x41, 0x08,
    0xf0, 0x83, 0xbf, 0xff, 0xbf, 0xff, 0xde, 0xf7, 0xbf, 0xff, 0xbe, 0xff,
    0xdf, 0xf7, 0xbf, 0xff, 0xbe, 0xf7, 0xbf, 0xff, 0xdf, 0xff, 0xbe, 0xff,
    0xbf, 0xff, 0xbe, 0xf7, 0xdf, 0xff, 0xbf, 0xf7, 0xbe, 0xff, 0xdf, 0xff,
    0xbe, 0xf7, 0xbf, 0xf7, 0xbe, 0xff, 0xdf, 0xf7, 0xdf, 0xff, 0x28, 0x42,
    0x21, 0x08, 0x41, 0x08, 0x41, 0x08, 0x41, 0x08, 0x21, 0x00, 0x28, 0x42,
    0xbf, 0xff, 0xdf, 0xff, 0xbe, 0xf7, 0xbf, 0xff, 0xbe, 0xf7, 0xdf, 0xff,
    0xbf, 0xff, 0xbe, 0xf7, 0xbf, 0xff, 0xbe, 0xff, 0xdf, 0xf7, 0xbf, 0xff,
    0xbe, 0xff, 0xdf, 0xf7, 0xbf, 0xff, 0xbe, 0xf7, 0xde, 0xff, 0xbf, 0xff,
    0xbf, 0xf7, 0xde, 0xff, 0xbf, 0xff, 0xbe, 0xf7, 0xbf, 0xff, 0x28, 0x42,
    0x41, 0x08, 0x21, 0x00, 0x41, 0x08, 0x41, 0x08, 0x42, 0x08, 0x21, 0x00,
    0x41, 0x08, 0x41, 0x08, 0x21, 0x08, 0x41, 0x08, 0x41, 0x08, 0x41, 0x08,
    0x42, 0x08, 0x21, 0x08, 0x41, 0x08, 0x41, 0x00, 0x21, 0x08, 0x42, 0x08,
    0x41, 0x00, 0x41, 0x08, 0x41, 0x08, 0x41, 0x00, 0x21, 0x08, 0x41, 0x00,
    0x41, 0x08, 0x21, 0x08, 0x41, 0x08, 0xbf, 0xf7, 0xdf, 0xf7, 0xbe, 0xff,
    0xdf, 0xff, 0xdf, 0xf7, 0xbf, 0xff, 0xbe, 0xf7, 0xbf, 0xff, 0xdf, 0xf7,
    0xbe, 0xff, 0xbf, 0xf7, 0xdf, 0xf7, 0xf0, 0x83, 0x41, 0x08, 0x41, 0x08,
    0x21, 0x08, 0x21, 0x00, 0x41, 0x08, 0x41, 0x08, 0x21, 0x08, 0x41, 0x08,
    0x41, 0x00, 0x41, 0x08, 0x41, 0x08, 0x42, 0x00, 0x41, 0x00, 0x41, 0x08,
    0x42, 0x08, 0x41, 0x00, 0x21, 0x00, 0x41, 0x08, 0x41, 0x08, 0x21, 0x08,
    0x41, 0x08, 0x41, 0x08, 0x21, 0x00, 0x41, 0x08, 0x21, 0x00, 0x42, 0x08,
    0x41, 0x08, 0xd7, 0xbd, 0xdf, 0xf7, 0xbf, 0xf7, 0xbe, 0xff, 0xbf, 0xff,
    0xbf, 0xff, 0xbe, 0xf7, 0xbf, 0xff, 0xde, 0xf7, 0xbf, 0xff, 0xdf, 0xf7,
    0xbf, 0xf7, 0xf7, 0xbd, 0x21, 0x08, 0x41, 0x08, 0x21, 0x00, 0x41, 0x08,
    0x41, 0x08, 0x21, 0x00, 0x41, 0x08, 0x41, 0x08, 0x41, 0x08, 0x41, 0x08,
    0x41, 0x08, 0x41, 0x08, 0x41, 0x00, 0x41, 0x08, 0x42, 0x08, 0x41, 0x08,
    0x21, 0x08, 0x42, 0x08, 0x41, 0x08, 0x41, 0x00, 0x41, 0x08, 0x41, 0x08,
    0x21, 0x00, 0x41, 0x08, 0x41, 0x08, 0x21, 0x00, 0x21, 0x08, 0x10, 0x84,
    0xdf, 0xf7, 0xbe, 0xff, 0xdf, 0xff, 0xbf, 0xf7, 0xbe, 0xff, 0xbf, 0xff,
    0xbf, 0xf7, 0xde, 0xff, 0xbf, 0xff, 0xbe, 0xf7, 0xdf, 0xff, 0xbf, 0xff,
    0xbe, 0xf7, 0xbf, 0xff, 0xdf, 0xff, 0xbe, 0xff, 0xbf, 0xf7, 0xdf, 0xff,
    0xbe, 0xf7, 0xbf, 0xff, 0xde, 0xf7, 0xdf, 0xf7, 0x28, 0x42, 0x41, 0x08,
    0x21, 0x00, 0x41, 0x08, 0x41, 0x08, 0x41, 0x08, 0x41, 0x08, 0x41, 0x08,
    0xbf, 0xf7, 0xbf, 0xff, 0xde, 0xf7, 0xbf, 0xff, 0xbf, 0xff, 0xde, 0xf7,
    0xbf, 0xf7, 0xbe, 0xff, 0xdf, 0xff, 0xbf, 0xf7, 0xbe, 0xff, 0xbf, 0xff,
    0xdf, 0xf7, 0xbe, 0xff, 0xbf, 0xff, 0xde, 0xf7, 0xbf, 0xff, 0xbf, 0xff,
    0xbe, 0xf7, 0xdf, 0xff, 0xdf, 0xff, 0xbf, 0xf7, 0xbe, 0xff, 0x10, 0x84,
    0x21, 0x00, 0x41, 0x08, 0x21, 0x08, 0x21, 0x08, 0x41, 0x08, 0x41, 0x08,
    0x21, 0x00, 0x41, 0x08, 0x41, 0x08, 0x22, 0x08, 0x41, 0x00, 0x41, 0x08,
    0x42, 0x08, 0x41, 0x00, 0x41, 0x08, 0x21, 0x08, 0x42, 0x00, 0x41, 0x08,
    0x21, 0x08, 0x41, 0x00, 0x41, 0x08, 0x21, 0x08, 0x41, 0x08, 0x41, 0x08,
    0x21, 0x08, 0x41, 0x00, 0x41, 0x08, 0xf7, 0xbd, 0xbf, 0xf7, 0xbf, 0xff,
    0xdf, 0xff, 0xbf, 0xf7, 0xbf, 0xff, 0xdf, 0xff, 0xbe, 0xff, 0xbf, 0xf7,
    0xde, 0xff, 0xbf, 0xff, 0xbf, 0xf7, 0xf7, 0xbd, 0x21, 0x08, 0x41, 0x08,
    0x41, 0x08, 0x21, 0x00, 0x41, 0x08, 0x21, 0x00, 0x41, 0x08, 0x41, 0x08,
    0x21, 0x08, 0x41, 0x00, 0x41, 0x08, 0x41, 0x08, 0x41, 0x00, 0x42, 0x08,
    0x41, 0x08, 0x41, 0x00, 0x41, 0x08, 0x21, 0x08, 0x41, 0x08, 0x41, 0x08,
    0x41, 0x00, 0x41, 0x08, 0x41, 0x00, 0x21, 0x08, 0x41, 0x08, 0x41, 0x08,
    0x21, 0x00, 0x10, 0x7c, 0xdf, 0xf7, 0xdf, 0xff, 0xdf, 0xff, 0xbf, 0xf7,
    0xbe, 0xff, 0xbe, 0xff, 0xdf, 0xf7, 0xbf, 0xff, 0xbe, 0xf7, 0xbf, 0xf7,
    0xdf, 0xff, 0xbe, 0xff, 0xbf, 0xf7, 0xbf, 0xff, 0xbe, 0xff, 0xbf, 0xf7,
    0xbf, 0xff, 0xbf, 0xff, 0xbe, 0xff, 0xbf, 0xf7, 0xde, 0xff, 0xbf, 0xf7,
    0x28, 0x42, 0x21, 0x08, 0x42, 0x08, 0x21, 0x00, 0x41, 0x08, 0x41, 0x08,
    0x29, 0x42, 0xdf, 0xff, 0xbe, 0xf7, 0xbf, 0xff, 0xdf, 0xff, 0xbe, 0xf7,
    0xdf, 0xf7, 0xbf, 0xff, 0xbe, 0xf7, 0xdf, 0xff, 0xbf, 0xf7, 0xbe, 0xff,
    0xbf, 0xf7, 0xbe, 0xff, 0xbf, 0xff, 0xbf, 0xf7, 0xbe, 0xff, 0xbf, 0xff,
    0xdf, 0xf7, 0xbe, 0xf7, 0xbf, 0xff, 0xbf, 0xff, 0xbe, 0xf7, 0xdf, 0xf7,
    0x28, 0x42, 0x41, 0x08, 0x21, 0x08, 0x21, 0x00, 0x41, 0x08, 0x41, 0x08,
    0x21, 0x00, 0x41, 0x08, 0x42, 0x08, 0x21, 0x00, 0x41, 0x00, 0x42, 0x08,
    0x21, 0x00, 0x41, 0x08, 0x41, 0x08, 0x41, 0x00, 0x41, 0x08, 0x41, 0x08,
    0x41, 0x08, 0x21, 0x00, 0x41, 0x08, 0x41, 0x08, 0x41, 0x08, 0x21, 0x00,
    0x21, 0x08, 0x41, 0x08, 0x21, 0x00, 0x41, 0x08, 0xdf, 0xf7, 0xde, 0xff,
    0xbf, 0xff, 0xbe, 0xf7, 0xbe, 0xff, 0xdf, 0xff, 0xbf, 0xf7, 0xbe, 0xff,
    0xbf, 0xff, 0xde, 0xf7, 0xbf, 0xff, 0xbe, 0xf7, 0xf0, 0x83, 0x41, 0x08,
    0x41, 0x08, 0x21, 0x00, 0x41, 0x08, 0x42, 0x08, 0x21, 0x08, 0x41, 0x08,
    0x42, 0x08, 0x21, 0x08, 0x41, 0x08, 0x21, 0x08, 0x41, 0x08, 0x41, 0x08,
    0x21, 0x00, 0x41, 0x08, 0x41, 0x08, 0x41, 0x08, 0x21, 0x00, 0x41, 0x08,
    0x42, 0x08, 0x41, 0x00, 0x41, 0x08, 0x21, 0x08, 0x41, 0x08, 0x41, 0x00,
    0x41, 0x08, 0x41, 0x08, 0xd7, 0xbd, 0xdf, 0xf7, 0xdf, 0xff, 0xbe, 0xf7,
    0xbf, 0xff, 0xdf, 0xf7, 0xbe, 0xff, 0xbf, 0xff, 0xbf, 0xff, 0xbe, 0xff,
    0xbf, 0xff, 0xdf, 0xf7, 0xd7, 0xbd, 0x41, 0x08, 0x21, 0x00, 0x21, 0x08,
    0x41, 0x08, 0x21, 0x00, 0x21, 0x00, 0x42, 0x08, 0x21, 0x08, 0x41, 0x00,
    0x41, 0x08, 0x21, 0x08, 0x21, 0x08, 0x41, 0x08, 0x41, 0x00, 0x21, 0x08,
    0x41, 0x08, 0x41, 0x00, 0x21, 0x08, 0x41, 0x08, 0x21, 0x08, 0x42, 0x08,
    0x41, 0x08, 0x21, 0x08, 0x42, 0x08, 0x41, 0x08, 0x21, 0x00, 0x41, 0x08,
    0x10, 0x84, 0xbf, 0xf7, 0xbe, 0xff, 0xbf, 0xf7, 0xdf, 0xff, 0xbe, 0xf7,
    0xbf, 0xf7, 0xbf, 0xff, 0xbe, 0xff, 0xdf, 0xf7, 0xbf, 0xff, 0xbe, 0xf7,
    0xbf, 0xff, 0xbe, 0xf7, 0xdf, 0xf7, 0xbe, 0xff, 0xbf, 0xf7, 0xdf, 0xff,
    0xbe, 0xff, 0xbf, 0xff, 0xbf, 0xf7, 0xdf, 0xff, 0xbe, 0xff, 0x28, 0x42,
    0x41, 0x08, 0x21, 0x00, 0x41, 0x08, 0x41, 0x08, 0x21, 0x00, 0x41, 0x08,
    0x41, 0x08, 0xbf, 0xf7, 0xdf, 0xff, 0xbe, 0xff, 0xbf, 0xf7, 0xbe, 0xff,
    0xdf, 0xf7, 0xbf, 0xf7, 0xbe, 0xff, 0xdf, 0xff, 0xbf, 0xf7, 0xbe, 0xff,
    0xbf, 0xf7, 0xdf, 0xff, 0xbe, 0xf7, 0xbf, 0xff, 0xdf, 0xf7, 0xbe, 0xff,
    0xdf, 0xff, 0xbf, 0xff, 0xbe, 0xf7, 0xbf, 0xff, 0xbf, 0xff, 0xde, 0xf7,
    0x10, 0x84, 0x21, 0x00, 0x41, 0x08, 0x41, 0x00, 0x21, 0x00, 0x41, 0x08,
    0x42, 0x08, 0x21, 0x08, 0x41, 0x00, 0x41, 0x08, 0x41, 0x08, 0x41, 0x08,
    0x21, 0x00, 0x21, 0x08, 0x41, 0x08, 0x41, 0x08, 0x41, 0x08, 0x41, 0x08,
    0x41, 0x00, 0x41, 0x08, 0x42, 0x08, 0x41, 0x08, 0x41, 0x08, 0x41, 0x08,
    0x42, 0x08, 0x41, 0x00, 0x41, 0x08, 0x41, 0x08, 0xf7, 0xbd, 0xbf, 0xf7,
    0xbe, 0xff, 0xdf, 0xff, 0xbe, 0xf7, 0xbe, 0xff, 0xdf, 0xff, 0xbf, 0xf7,
    0xbf, 0xff, 0xde, 0xf7, 0xbe, 0xff, 0xbf, 0xff, 0xf7, 0xbd, 0x21, 0x00,
    0x41, 0x08, 0x41, 0x08, 0x21, 0x08, 0x41, 0x08, 0x41, 0x08, 0x42, 0x00,
    0x21, 0x08, 0x41, 0x08, 0x42, 0x08, 0x21, 0x08, 0x41, 0x00, 0x21, 0x08,
    0x41, 0x08, 0x21, 0x08, 0x41, 0x00, 0x41, 0x08, 0x41, 0x00, 0x41, 0x08,
    0x22, 0x08, 0x41, 0x08, 0x41, 0x08, 0x41, 0x08, 0x21, 0x08, 0x41, 0x08,
    0x21, 0x08, 0x21, 0x08, 0x10, 0x84, 0xbe, 0xff, 0xbe, 0xff, 0xbf, 0xf7,
    0xbf, 0xff, 0xbf, 0xff, 0xbe, 0xf7, 0xbf, 0xff, 0xdf, 0xff, 0xbe, 0xff,
    0xbe, 0xf7, 0xbf, 0xff, 0xdf, 0xf7, 0xbe, 0xff, 0xdf, 0xff, 0xbe, 0xf7,
    0xdf, 0xff, 0xbe, 0xf7, 0xdf, 0xff, 0xbf, 0xff, 0xbe, 0xff, 0xdf, 0xf7,
    0xbf, 0xff, 0x28, 0x42, 0x41, 0x00, 0x41, 0x08, 0x41, 0x08, 0x41, 0x08,
    0x21, 0x00, 0x28, 0x42, 0xbf, 0xff, 0xdf, 0xff, 0xbf, 0xf7, 0xbe, 0xff,
    0xdf, 0xff, 0xdf, 0xf7, 0xbe, 0xff, 0xbf, 0xff, 0xbf, 0xf7, 0xde, 0xff,
    0xbf, 0xff, 0xbf, 0xf7, 0xde, 0xff, 0xbf, 0xff, 0xdf, 0xf7, 0xbe, 0xff,
    0xbf, 0xff, 0xbf, 0xf7, 0xde, 0xff, 0xbf, 0xff, 0xbf, 0xf7, 0xdf, 0xff,
    0xbf, 0xff, 0x28, 0x42, 0x41, 0x08, 0x21, 0x08, 0x41, 0x00, 0x41, 0x08,
    0x41, 0x08, 0x21, 0x00, 0x41, 0x08, 0x41, 0x08, 0x41, 0x08, 0x41, 0x08,
    0x21, 0x08, 0x41, 0x08, 0x41, 0x00, 0x21, 0x08, 0x42, 0x08, 0x21, 0x08,
    0x41, 0x08, 0x41, 0x00, 0x22, 0x08, 0x41, 0x08, 0x41, 0x08, 0x42, 0x08,
    0x21, 0x00, 0x41, 0x08, 0x41, 0x08, 0x21, 0x00, 0x41, 0x08, 0xbf, 0xff,
    0xbf, 0xf7, 0xbf, 0xff, 0xbf, 0xf7, 0xbe, 0xff, 0xbf, 0xff, 0xdf, 0xf7,
    0xbe, 0xff, 0xbf, 0xff, 0xbf, 0xff, 0xde, 0xff, 0xdf, 0xf7, 0xf0, 0x7b,
    0x41, 0x08, 0x41, 0x08, 0x21, 0x00, 0x41, 0x00, 0x41, 0x08, 0x41, 0x00,
    0x41, 0x00, 0x41, 0x08, 0x41, 0x00, 0x21, 0x08, 0x41, 0x00, 0x41, 0x08,
    0x21, 0x08, 0x41, 0x08, 0x41, 0x08, 0x42, 0x08, 0x41, 0x08, 0x41, 0x08,
    0x21, 0x00, 0x41, 0x08, 0x41, 0x08, 0x41, 0x00, 0x21, 0x08, 0x41, 0x08,
    0x21, 0x00, 0x41, 0x08, 0x41, 0x08, 0xd7, 0xbd, 0xbf, 0xf7, 0xbf, 0xff,
    0xbe, 0xff, 0xdf, 0xf7, 0xbe, 0xff, 0xbf, 0xf7, 0xdf, 0xf7, 0xbe, 0xff,
    0xbe, 0xf7, 0xbf, 0xff, 0xde, 0xff, 0xf7, 0xbd, 0x21, 0x08, 0x41, 0x00,
    0x41, 0x08, 0x41, 0x08, 0x21, 0x00, 0x41, 0x08, 0x41, 0x08, 0x41, 0x08,
    0x22, 0x00, 0x41, 0x08, 0x41, 0x00, 0x42, 0x08, 0x41, 0x08, 0x21, 0x08,
    0x41, 0x00, 0x41, 0x08, 0x41, 0x08, 0x41, 0x00, 0x41, 0x08, 0x41, 0x00,
    0x21, 0x00, 0x41, 0x08, 0x41, 0x00, 0x41, 0x08, 0x41, 0x08, 0x21, 0x00,
    0x21, 0x08, 0x10, 0x7c, 0xde, 0xf7, 0xbf, 0xff, 0xbf, 0xff, 0xbe, 0xff,
    0xdf, 0xff, 0xbe, 0xf7, 0xbf, 0xff, 0xdf, 0xff, 0xbe, 0xf7, 0xbf, 0xff,
    0xdf, 0xff, 0xbe, 0xff, 0xbf, 0xff, 0xdf, 0xff, 0xbe, 0xf7, 0xbf, 0xff,
    0xbf, 0xf7, 0xde, 0xff, 0xbf, 0xff, 0xbf, 0xf7, 0xde, 0xff, 0xbf, 0xf7,
    0x28, 0x42, 0x41, 0x08, 0x21, 0x08, 0x41, 0x08, 0x22, 0x08, 0x41, 0x08,
    0x41, 0x08, 0x41, 0x08, 0xbf, 0xf7, 0xde, 0xf7, 0xdf, 0xff, 0xbf, 0xff,
    0xbe, 0xff, 0xdf, 0xf7, 0xdf, 0xff, 0xbe, 0xff, 0xbf, 0xf7, 0xbe, 0xff,
    0xdf, 0xff, 0xbe, 0xf7, 0xbf, 0xff, 0xbf, 0xff, 0xbe, 0xf7, 0xbf, 0xff,
    0xbe, 0xf7, 0xbf, 0xff, 0xbf, 0xf7, 0xdf, 0xff, 0xdf, 0xff, 0xbe, 0xf7,
    0xbf, 0xff, 0x10, 0x84, 0x21, 0x08, 0x41, 0x08, 0x41, 0x08, 0x21, 0x00,
    0x41, 0x08, 0x41, 0x08, 0x41, 0x08, 0x21, 0x00, 0x41, 0x08, 0x41, 0x08,
    0x41, 0x08, 0x41, 0x08, 0x41, 0x00, 0x21, 0x08, 0x42, 0x00, 0x21, 0x08,
    0x41, 0x08, 0x21, 0x08, 0x41, 0x08, 0x21, 0x00, 0x41, 0x08, 0x41, 0x00,
    0x21, 0x08, 0x41, 0x08, 0x21, 0x00, 0x41, 0x08, 0x42, 0x08, 0xf7, 0xbd,
    0xbf, 0xf7, 0xdf, 0xff, 0xde, 0xf7, 0xbf, 0xff, 0xdf, 0xff, 0xbe, 0xf7,
    0xbf, 0xff, 0xbf, 0xff, 0xbf, 0xf7, 0xbe, 0xf7, 0xbf, 0xff, 0xf7, 0xbd,
    0x21, 0x00, 0x41, 0x08, 0x41, 0x08, 0x21, 0x00, 0x41, 0x08, 0x41, 0x08,
    0x41, 0x08, 0x41, 0x00, 0x41, 0x08, 0x41, 0x08, 0x21, 0x00, 0x41, 0x08,
    0x41, 0x08, 0x41, 0x08, 0x21, 0x08, 0x42, 0x08, 0x41, 0x08, 0x21, 0x08,
    0x41, 0x00, 0x21, 0x08, 0x41, 0x08, 0x41, 0x08, 0x22, 0x08, 0x41, 0x08,
    0x41, 0x00, 0x41, 0x08, 0x21, 0x08, 0x10, 0x7c, 0xbf, 0xf7, 0xbf, 0xff,
    0xdf, 0xff, 0xbe, 0xf7, 0xdf, 0xff, 0xbf, 0xf7, 0xbe, 0xff, 0xbf, 0xff,
    0xdf, 0xf7, 0xbe, 0xff, 0xbf, 0xff, 0xbf, 0xf7, 0xbe, 0xff, 0xbf, 0xff,
    0xdf, 0xf7, 0xbe, 0xff, 0xbf, 0xff, 0xbe, 0xf7, 0xdf, 0xf7, 0xbf, 0xff,
    0xde, 0xf7, 0xdf, 0xff, 0x28, 0x42, 0x21, 0x08, 0x41, 0x08, 0x21, 0x00,
    0x41, 0x08, 0x21, 0x08, 0x28, 0x42, 0xdf, 0xf7, 0xbf, 0xf7, 0xbe, 0xff,
    0xdf, 0xff, 0xbf, 0xf7, 0xbe, 0xf7, 0xbf, 0xff, 0xbf, 0xff, 0xbe, 0xf7,
    0xbe, 0xff, 0xdf, 0xff, 0xbf, 0xf7, 0xbe, 0xff, 0xdf, 0xf7, 0xbe, 0xff,
    0xbf, 0xf7, 0xdf, 0xff, 0xbe, 0xff, 0xbf, 0xf7, 0xde, 0xff, 0xbe, 0xff,
    0xbf, 0xf7, 0xde, 0xff, 0x28, 0x42, 0x41, 0x08, 0x21, 0x00, 0x21, 0x08,
    0x41, 0x08, 0x41, 0x08, 0x21, 0x00, 0x41, 0x08, 0x41, 0x08, 0x21, 0x00,
    0x41, 0x08, 0x41, 0x08, 0x41, 0x08, 0x41, 0x08, 0x41, 0x00, 0x21, 0x08,
    0x41, 0x08, 0x41, 0x00, 0x41, 0x08, 0x41, 0x08, 0x21, 0x00, 0x41, 0x08,
    0x41, 0x08, 0x21, 0x00, 0x41, 0x08, 0x41, 0x08, 0x21, 0x00, 0x41, 0x08,
    0xdf, 0xf7, 0xde, 0xf7, 0xbf, 0xff, 0xbf, 0xff, 0xde, 0xf7, 0xbf, 0xff,
    0xbf, 0xf7, 0xde, 0xf7, 0xbf, 0xff, 0xbf, 0xf7, 0xbe, 0xff, 0xdf, 0xf7,
    0x10, 0x84, 0x41, 0x08, 0x41, 0x08, 0x21, 0x08, 0x21, 0x08, 0x41, 0x08,
    0x41, 0x08, 0x21, 0x08, 0x41, 0x08, 0x41, 0x08, 0x42, 0x00, 0x41, 0x08,
    0x41, 0x08, 0x42, 0x00, 0x21, 0x08, 0x41, 0x00, 0x21, 0x00, 0x41, 0x08,
    0x41, 0x08, 0x42, 0x08, 0x21, 0x08, 0x41, 0x08, 0x41, 0x00, 0x21, 0x08,
    0x42, 0x08, 0x21, 0x00, 0x41, 0x08, 0x41, 0x08, 0xd7, 0xbd, 0xdf, 0xff,
    0xbf, 0xff, 0xbe, 0xff, 0xbf, 0xf7, 0xbf, 0xff, 0xbe, 0xff, 0xdf, 0xff,
    0xbf, 0xf7, 0xbf, 0xff, 0xdf, 0xf7, 0xbe, 0xf7, 0xd7, 0xbd, 0x41, 0x08,
    0x21, 0x08, 0x41, 0x00, 0x41, 0x08, 0x21, 0x08, 0x41, 0x00, 0x41, 0x08,
    0x41, 0x08, 0x41, 0x08, 0x21, 0x08, 0x41, 0x08, 0x41, 0x00, 0x41, 0x08,
    0x42, 0x08, 0x21, 0x08, 0x41, 0x08, 0x42, 0x08, 0x21, 0x08, 0x41, 0x08,
    0x42, 0x08, 0x41, 0x08, 0x41, 0x08, 0x21, 0x08, 0x41, 0x00, 0x41, 0x08,
    0x21, 0x08, 0x41, 0x00, 0x10, 0x84, 0xbf, 0xf7, 0xbe, 0xff, 0xbf, 0xf7,
    0xbf, 0xff, 0xde, 0xff, 0xbf, 0xf7, 0xbe, 0xff, 0xbf, 0xf7, 0xbe, 0xff,
    0xbf, 0xf7, 0xdf, 0xf7, 0xbe, 0xff, 0xbf, 0xf7, 0xbf, 0xff, 0xde, 0xff,
    0xbf, 0xff, 0xbe, 0xf7, 0xbf, 0xf7, 0xbe, 0xff, 0xbf, 0xff, 0xdf, 0xf7,
    0xbf, 0xf7, 0x28, 0x42, 0x41, 0x08, 0x21, 0x08, 0x41, 0x08, 0x41, 0x08,
    0x41, 0x08, 0x41, 0x00, 0x41, 0x08, 0xbf, 0xff, 0xbf, 0xff, 0xbe, 0xf7,
    0xbf, 0xff, 0xbf, 0xf7, 0xde, 0xf7, 0xdf, 0xff, 0xbf, 0xff, 0xbe, 0xf7,
    0xbf, 0xff, 0xdf, 0xff, 0xbe, 0xf7, 0xbf, 0xff, 0xde, 0xff, 0xbf, 0xf7,
    0xbf, 0xff, 0xde, 0xff, 0xbe, 0xf7, 0xbf, 0xff, 0xbe, 0xff, 0xbe, 0xf7,
    0xbf, 0xff, 0xbf, 0xf7, 0x10, 0x7c, 0x21, 0x08, 0x41, 0x08, 0x21, 0x00,
    0x21, 0x08, 0x41, 0x08, 0x41, 0x00, 0x41, 0x08, 0x42, 0x08, 0x21, 0x00,
    0x21, 0x08, 0x42, 0x08, 0x41, 0x00, 0x41, 0x08, 0x41, 0x08, 0x41, 0x08,
    0x41, 0x00, 0x21, 0x08, 0x42, 0x08, 0x41, 0x00, 0x41, 0x08, 0x21, 0x08,
    0x42, 0x08, 0x41, 0x00, 0x41, 0x08, 0x21, 0x00, 0x41, 0x08, 0x41, 0x08,
    0xd7, 0xbd, 0xbf, 0xff, 0xdf, 0xff, 0xbf, 0xff, 0xbf, 0xf7, 0xbe, 0xff,
    0xbf, 0xf7, 0xde, 0xff, 0xbe, 0xff, 0xbf, 0xff, 0xdf, 0xf7, 0xde, 0xff,
    0xd7, 0xbd, 0x41, 0x08, 0x41, 0x08, 0x41, 0x00, 0x21, 0x00, 0x41, 0x08,
    0x41, 0x08, 0x21, 0x08, 0x41, 0x08, 0x41, 0x00, 0x21, 0x08, 0x41, 0x08,
    0x42, 0x08, 0x41, 0x00, 0x41, 0x08, 0x41, 0x00, 0x41, 0x08, 0x21, 0x08,
    0x22, 0x08, 0x41, 0x08, 0x41, 0x08, 0x41, 0x08, 0x41, 0x00, 0x41, 0x08,
    0x41, 0x08, 0x21, 0x00, 0x41, 0x00, 0x41, 0x08, 0xf0, 0x83, 0xdf, 0xff,
    0xbf, 0xf7, 0xbe, 0xff, 0xbe, 0xff, 0xdf, 0xf7, 0xbf, 0xff, 0xbe, 0xf7,
    0xdf, 0xff, 0xbf, 0xf7, 0xbe, 0xff, 0xdf, 0xff, 0xbf, 0xf7, 0xbe, 0xff,
    0xbf, 0xf7, 0xbf, 0xff, 0xbe, 0xff, 0xbf, 0xff, 0xbf, 0xf7, 0xbe, 0xff,
    0xdf, 0xf7, 0xbf, 0xff, 0xdf, 0xff, 0x28, 0x42, 0x41, 0x08, 0x41, 0x08,
    0x21, 0x00, 0x41, 0x08, 0x41, 0x08, 0x28, 0x42, 0xbf, 0xff, 0xdf, 0xff,
    0xbe, 0xff, 0xbf, 0xff, 0xde, 0xf7, 0xdf, 0xff, 0xbe, 0xff, 0xdf, 0xf7,
    0xbf, 0xff, 0xbe, 0xff, 0xbf, 0xf7, 0xbf, 0xff, 0xbe, 0xff, 0xbf, 0xf7,
    0xbf, 0xff, 0xbe, 0xff, 0xdf, 0xf7, 0xbf, 0xff, 0xbe, 0xf7, 0xbf, 0xff,
    0xbf, 0xff, 0xbe, 0xf7, 0xdf, 0xf7, 0x28, 0x42, 0x41, 0x08, 0x21, 0x08,
    0x21, 0x00, 0x41, 0x08, 0x42, 0x08, 0x21, 0x00, 0x41, 0x08, 0x42, 0x08,
    0x21, 0x00, 0x41, 0x08, 0x42, 0x00, 0x21, 0x08, 0x41, 0x08, 0x42, 0x08,
    0x41, 0x00, 0x41, 0x08, 0x22, 0x08, 0x41, 0x08, 0x41, 0x08, 0x21, 0x00,
    0x41, 0x08, 0x41, 0x08, 0x21, 0x00, 0x21, 0x08, 0x41, 0x08, 0x21, 0x08,
    0x41, 0x08, 0xbf, 0xf7, 0xde, 0xff, 0xbe, 0xff, 0xbf, 0xf7, 0xde, 0xff,
    0xbf, 0xff, 0xbe, 0xff, 0xbf, 0xff, 0xdf, 0xf7, 0xbe, 0xff, 0xbf, 0xff,
    0xbf, 0xf7, 0xf0, 0x83, 0x41, 0x08, 0x41, 0x00, 0x21, 0x00, 0x21, 0x08,
    0x41, 0x08, 0x42, 0x08, 0x21, 0x00, 0x41, 0x08, 0x41, 0x08, 0x21, 0x08,
    0x41, 0x08, 0x41, 0x08, 0x21, 0x08, 0x41, 0x08, 0x41, 0x08, 0x41, 0x08,
    0x21, 0x08, 0x41, 0x00, 0x41, 0x08, 0x41, 0x08, 0x21, 0x00, 0x41, 0x08,
    0x21, 0x08, 0x41, 0x08, 0x21, 0x00, 0x41, 0x08, 0x41, 0x08, 0xd7, 0xbd,
    0xdf, 0xff, 0xbf, 0xf7, 0xbe, 0xf7, 0xdf, 0xff, 0xbf, 0xff, 0xbe, 0xff,
    0xbe, 0xf7, 0xdf, 0xff, 0xbf, 0xff, 0xbe, 0xff, 0xdf, 0xf7, 0xf7, 0xbd,
    0x21, 0x08, 0x21, 0x00, 0x21, 0x08, 0x41, 0x08, 0x21, 0x00, 0x21, 0x08,
    0x41, 0x08, 0x41, 0x00, 0x41, 0x08, 0x41, 0x08, 0x21, 0x08, 0x41, 0x08,
    0x41, 0x00, 0x21, 0x08, 0x41, 0x00, 0x41, 0x08, 0x21, 0x00, 0x41, 0x08,
    0x41, 0x08, 0x21, 0x00, 0x41, 0x08, 0x41, 0x08, 0x22, 0x08, 0x41, 0x08,
    0x41, 0x08, 0x21, 0x00, 0x41, 0x08, 0x10, 0x84, 0xbf, 0xf7, 0xbe, 0xff,
    0xdf, 0xf7, 0xbf, 0xf7, 0xbe, 0xff, 0xdf, 0xff, 0xbf, 0xf7, 0xbe, 0xff,
    0xdf, 0xff, 0xbe, 0xff, 0xbf, 0xf7, 0xbe, 0xff, 0xbf, 0xf7, 0xbe, 0xf7,
    0xbf, 0xff, 0xdf, 0xff, 0xbe, 0xff, 0xdf, 0xf7, 0xbf, 0xff, 0xbe, 0xff,
    0xdf, 0xf7, 0xbf, 0xff, 0x28, 0x42, 0x41, 0x08, 0x21, 0x00, 0x41, 0x08,
    0x41, 0x00, 0x41, 0x08, 0x21, 0x08, 0x41, 0x08, 0xbf, 0xf7, 0xdf, 0xf7,
    0xbe, 0xff, 0xbf, 0xff, 0xbf, 0xff, 0xde, 0xf7, 0xbe, 0xf7, 0xbf, 0xff,
    0xbf, 0xf7, 0xbe, 0xff, 0xbf, 0xf7, 0xbf, 0xff, 0xde, 0xff, 0xbf, 0xf7,
    0xbf, 0xff, 0xde, 0xff, 0xbf, 0xf7, 0xbf, 0xff, 0xdf, 0xff, 0xbe, 0xf7,
    0xdf, 0xff, 0xdf, 0xff, 0xbe, 0xff, 0x10, 0x7c, 0x21, 0x08, 0x41, 0x08,
    0x41, 0x00, 0x21, 0x08, 0x41, 0x08, 0x41, 0x08, 0x21, 0x08, 0x41, 0x08,
    0x41, 0x08, 0x41, 0x00, 0x21, 0x08, 0x41, 0x08, 0x22, 0x08, 0x41, 0x08,
    0x41, 0x08, 0x41, 0x00, 0x41, 0x08, 0x41, 0x08, 0x41, 0x08, 0x41, 0x08,
    0x41, 0x08, 0x41, 0x08, 0x41, 0x08, 0x41, 0x08, 0x21, 0x08, 0x41, 0x08,
    0x41, 0x08, 0xf7, 0xbd, 0xbf, 0xf7, 0xde, 0xf7, 0xde, 0xf7, 0xbf, 0xff,
    0xdf, 0xff, 0xbf, 0xf7, 0xbf, 0xf7, 0xde, 0xff, 0xbf, 0xff, 0xbf, 0xff,
    0xbf, 0xf7, 0xd7, 0xbd, 0x41, 0x08, 0x41, 0x08, 0x41, 0x08, 0x21, 0x08,
    0x42, 0x08, 0x41, 0x00, 0x21, 0x08, 0x42, 0x08, 0x41, 0x08, 0x41, 0x00,
    0x41, 0x08, 0x21, 0x08, 0x21, 0x08, 0x42, 0x00, 0x41, 0x08, 0x41, 0x08,
    0x41, 0x00, 0x41, 0x08, 0x41, 0x08, 0x42, 0x08, 0x41, 0x00, 0x41, 0x08,
    0x22, 0x08, 0x41, 0x08, 0x21, 0x08, 0x41, 0x08, 0x21, 0x00, 0x10, 0x84,
    0xdf, 0xf7, 0xbf, 0xff, 0xbe, 0xff, 0xbf, 0xf7, 0xbf, 0xff, 0xbe, 0xff,
    0xdf, 0xff, 0xbe, 0xf7, 0xbf, 0xff, 0xbf, 0xff, 0xde, 0xf7, 0xbf, 0xff,
    0xde, 0xff, 0xdf, 0xf7, 0xbf, 0xf7, 0xde, 0xff, 0xdf, 0xf7, 0xbf, 0xff,
    0xbe, 0xff, 0xbe, 0xff, 0xbf, 0xf7, 0xbf, 0xf7, 0x28, 0x42, 0x41, 0x08,
    0x42, 0x08, 0x21, 0x08, 0x41, 0x08, 0x21, 0x00, 0x28, 0x42, 0xbf, 0xff,
    0xdf, 0xf7, 0xbe, 0xf7, 0xdf, 0xff, 0xdf, 0xf7, 0xbe, 0xf7, 0xbf, 0xff,
    0xdf, 0xff, 0xbe, 0xf7, 0xbf, 0xff, 0xdf, 0xf7, 0xde, 0xff, 0xbf, 0xff,
    0xbf, 0xf7, 0xde, 0xff, 0xbe, 0xff, 0xbf, 0xf7, 0xbf, 0xff, 0xbe, 0xff,
    0xdf, 0xf7, 0xbf, 0xff, 0xbf, 0xff, 0xbf, 0xf7, 0x28, 0x42, 0x41, 0x08,
    0x21, 0x08, 0x41, 0x00, 0x41, 0x08, 0x41, 0x08, 0x21, 0x00, 0x41, 0x08,
    0x41, 0x08, 0x41, 0x08, 0x41, 0x08, 0x21, 0x08, 0x41, 0x00, 0x41, 0x08,
    0x21, 0x08, 0x41, 0x08, 0x41, 0x08, 0x21, 0x00, 0x41, 0x08, 0x41, 0x08,
    0x42, 0x08, 0x41, 0x08, 0x41, 0x08, 0x21, 0x00, 0x41, 0x00, 0x42, 0x08,
    0x21, 0x08, 0x41, 0x08, 0xbf, 0xf7, 0xdf, 0xff, 0xbf, 0xff, 0xbf, 0xf7,
    0xbf, 0xff, 0xbe, 0xf7, 0xbf, 0xff, 0xbf, 0xff, 0xbe, 0xf7, 0xdf, 0xff,
    0xbf, 0xff, 0xde, 0xf7, 0xf0, 0x7b, 0x41, 0x08, 0x41, 0x08, 0x21, 0x00,
    0x41, 0x00, 0x41, 0x08, 0x41, 0x08, 0x41, 0x00, 0x41, 0x08, 0x22, 0x08,
    0x41, 0x00, 0x41, 0x08, 0x21, 0x00, 0x41, 0x08, 0x42, 0x08, 0x41, 0x00,
    0x41, 0x08, 0x22, 0x08, 0x41, 0x00, 0x41, 0x08, 0x41, 0x08, 0x42, 0x08,
    0x41, 0x00, 0x21, 0x00, 0x41, 0x08, 0x41, 0x08, 0x41, 0x08, 0x41, 0x00,
    0xd7, 0xbd, 0xdf, 0xf7, 0xdf, 0xff, 0xbe, 0xff, 0xbf, 0xf7, 0xdf, 0xff,
    0xbe, 0xf7, 0xbf, 0xf7, 0xbf, 0xff, 0xbe, 0xff, 0xbf, 0xf7, 0xdf, 0xff,
    0xf7, 0xbd, 0x21, 0x00, 0x41, 0x08, 0x41, 0x08, 0x41, 0x08, 0x21, 0x00,
    0x41, 0x08, 0x41, 0x08, 0x22, 0x08, 0x41, 0x00, 0x41, 0x08, 0x22, 0x08,
    0x41, 0x00, 0x41, 0x08, 0x41, 0x08, 0x41, 0x08, 0x41, 0x00, 0x41, 0x08,
    0x42, 0x08, 0x41, 0x00, 0x21, 0x08, 0x41, 0x08, 0x41, 0x00, 0x41, 0x00,
    0x41, 0x08, 0x41, 0x08, 0x21, 0x00, 0x21, 0x08, 0x10, 0x84, 0xde, 0xf7,
    0xbf, 0xff, 0xbe, 0xff, 0xbf, 0xff, 0xbf, 0xf7, 0xbe, 0xff, 0xdf, 0xff,
    0xbf, 0xf7, 0xbe, 0xff, 0xdf, 0xff, 0xbf, 0xff, 0xdf, 0xff, 0xde, 0xff,
    0xbf, 0xf7, 0xbf, 0xff, 0xbe, 0xf7, 0xbf, 0xff, 0xdf, 0xff, 0xbe, 0xf7,
    0xbe, 0xff, 0xdf, 0xf7, 0xde, 0xff, 0x28, 0x42, 0x41, 0x08, 0x21, 0x00,
    0x41, 0x08, 0x41, 0x08, 0x41, 0x08, 0x41, 0x08, 0x41, 0x08, 0xbf, 0xf7,
    0xdf, 0xf7, 0xbe, 0xff, 0xbf, 0xff, 0xbf, 0xff, 0xde, 0xf7, 0xdf, 0xff,
    0xbf, 0xff, 0xde, 0xff, 0xbf, 0xf7, 0xbe, 0xff, 0xdf, 0xff, 0xbf, 0xf7,
    0xbe, 0xff, 0xbf, 0xff, 0xbf, 0xf7, 0xbe, 0xff, 0xdf, 0xff, 0xdf, 0xff,
    0xdf, 0xff, 0xbf, 0xf7, 0xbf, 0xff, 0xde, 0xf7, 0xf0, 0x83, 0x41, 0x08,
    0x41, 0x08, 0x21, 0x00, 0x41, 0x00, 0x41, 0x08, 0x42, 0x08, 0x41, 0x00,
    0x41, 0x08, 0x41, 0x08, 0x41, 0x08, 0x41, 0x00, 0x41, 0x08, 0x21, 0x00,
    0x41, 0x08, 0x21, 0x08, 0x22, 0x08, 0x41, 0x00, 0x21, 0x08, 0x21, 0x08,
    0x42, 0x00, 0x41, 0x00, 0x21, 0x08, 0x41, 0x08, 0x42, 0x08, 0x41, 0x00,
    0x41, 0x08, 0x41, 0x08, 0xf7, 0xbd, 0xbf, 0xf7, 0xbf, 0xff, 0xdf, 0xff,
    0xbe, 0xff, 0xbe, 0xff, 0xbf, 0xff, 0xbf, 0xf7, 0xbe, 0xff, 0xbf, 0xf7,
    0xbe, 0xff, 0xdf, 0xf7, 0xf7, 0xbd, 0x21, 0x00, 0x41, 0x08, 0x41, 0x08,
    0x21, 0x00, 0x41, 0x08, 0x41, 0x08, 0x41, 0x00, 0x41, 0x08, 0x21, 0x08,
    0x42, 0x08, 0x41, 0x00, 0x41, 0x08, 0x41, 0x08, 0x21, 0x08, 0x41, 0x08,
    0x21, 0x08, 0x41, 0x00, 0x41, 0x08, 0x41, 0x08, 0x41, 0x00, 0x41, 0x08,
    0x41, 0x08, 0x41, 0x00, 0x41, 0x08, 0x21, 0x08, 0x21, 0x08, 0x41, 0x08,
    0xf0, 0x7b, 0xbf, 0xf7, 0xbf, 0xff, 0xde, 0xff, 0xbf, 0xf7, 0xbf, 0xff,
    0xde, 0xff, 0xbf, 0xf7, 0xbf, 0xff, 0xbe, 0xff, 0xbf, 0xf7, 0xbf, 0xff,
    0xbe, 0xff, 0xbf, 0xf7, 0xbe, 0xff, 0xbf, 0xff, 0xbe, 0xf7, 0xbf, 0xff,
    0xbf, 0xff, 0xde, 0xf7, 0xdf, 0xf7, 0xdf, 0xff, 0xbe, 0xff, 0x28, 0x42,
    0x41, 0x08, 0x41, 0x08, 0x21, 0x00, 0x41, 0x08, 0x41, 0x08, 0x28, 0x42,
    0xbf, 0xff, 0xbf, 0xff, 0xbf, 0xff, 0xbe, 0xff, 0xdf, 0xf7, 0xbf, 0xf7,
    0xbe, 0xff, 0xbf, 0xff, 0xbe, 0xf7, 0xbf, 0xff, 0xbf, 0xff, 0xbe, 0xf7,
    0xbf, 0xff, 0xdf, 0xf7, 0xbe, 0xff, 0xbf, 0xf7, 0xdf, 0xff, 0xbe, 0xff,
    0xbf, 0xf7, 0xde, 0xff, 0xbe, 0xff, 0xbf, 0xff, 0xdf, 0xf7, 0x28, 0x42,
    0x41, 0x08, 0x21, 0x00, 0x21, 0x08, 0x41, 0x08, 0x41, 0x08, 0x21, 0x00,
    0x41, 0x08, 0x41, 0x08, 0x21, 0x00, 0x41, 0x08, 0x41, 0x08, 0x41, 0x08,
    0x41, 0x00, 0x21, 0x08, 0x41, 0x08, 0x41, 0x00, 0x41, 0x08, 0x21, 0x08,
    0x41, 0x00, 0x41, 0x08, 0x21, 0x08, 0x41, 0x08, 0x21, 0x08, 0x41, 0x00,
    0x41, 0x08, 0x21, 0x00, 0x41, 0x08, 0xdf, 0xf7, 0xbf, 0xf7, 0xbe, 0xff,
    0xdf, 0xff, 0xbe, 0xf7, 0xbf, 0xf7, 0xdf, 0xff, 0xbe, 0xf7, 0xbe, 0xff,
    0xbf, 0xf7, 0xbf, 0xff, 0xde, 0xf7, 0x10, 0x84, 0x41, 0x08, 0x41, 0x08,
    0x21, 0x08, 0x21, 0x08, 0x41, 0x08, 0x41, 0x08, 0x21, 0x08, 0x41, 0x08,
    0x41, 0x00, 0x41, 0x08, 0x41, 0x08, 0x42, 0x08, 0x41, 0x00, 0x21, 0x08,
    0x41, 0x08, 0x41, 0x00, 0x41, 0x08, 0x21, 0x08, 0x41, 0x00, 0x21, 0x08,
    0x41, 0x08, 0x41, 0x08, 0x21, 0x00, 0x41, 0x08, 0x21, 0x08, 0x42, 0x08,
    0x41, 0x08, 0xd7, 0xbd, 0xbf, 0xf7, 0xbf, 0xff, 0xbe, 0xff, 0xbf, 0xf7,
    0xdf, 0xff, 0xbe, 0xff, 0xbf, 0xff, 0xdf, 0xf7, 0xbe, 0xff, 0xdf, 0xf7,
    0xbf, 0xf7, 0xd7, 0xbd, 0x41, 0x08, 0x21, 0x00, 0x41, 0x08, 0x41, 0x08,
    0x21, 0x00, 0x41, 0x00, 0x41, 0x08, 0x21, 0x08, 0x41, 0x08, 0x41, 0x00,
    0x41, 0x08, 0x21, 0x08, 0x42, 0x08, 0x41, 0x08, 0x21, 0x08, 0x42, 0x08,
    0x21, 0x08, 0x41, 0x08, 0x41, 0x08, 0x41, 0x08, 0x22, 0x08, 0x41, 0x08,
    0x41, 0x08, 0x21, 0x08, 0x41, 0x08, 0x21, 0x00, 0x21, 0x08, 0x10, 0x84,
    0xdf, 0xf7, 0xbf, 0xff, 0xbe, 0xff, 0xdf, 0xf7, 0xbf, 0xff, 0xbe, 0xff,
    0xbf, 0xf7, 0xbf, 0xff, 0xbe, 0xf7, 0xbf, 0xf7, 0xbf, 0xff, 0xbe, 0xf7,
    0xbf, 0xff, 0xdf, 0xff, 0xbe, 0xf7, 0xbf, 0xff, 0xbf, 0xf7, 0xbe, 0xff,
    0xbf, 0xff, 0xbf, 0xf7, 0xdf, 0xff, 0xbf, 0xf7, 0x28, 0x42, 0x41, 0x08,
    0x21, 0x08, 0x41, 0x08, 0x41, 0x08, 0x41, 0x08, 0x41, 0x00, 0x41, 0x08,
    0xbf, 0xff, 0xde, 0xf7, 0xdf, 0xf7, 0xbe, 0xff, 0xbf, 0xf7, 0xdf, 0xf7,
    0xbe, 0xff, 0xbf, 0xff, 0xbf, 0xf7, 0xde, 0xff, 0xbf, 0xff, 0xbf, 0xf7,
    0xbe, 0xf7, 0xde, 0xff, 0xbf, 0xf7, 0xbf, 0xff, 0xbe, 0xf7, 0xbe, 0xf7,
    0xbf, 0xff, 0xbe, 0xf7, 0xbf, 0xff, 0xdf, 0xff, 0xbf, 0xf7, 0xf0, 0x83,
    0x41, 0x08, 0x41, 0x08, 0x21, 0x00, 0x21, 0x08, 0x41, 0x08, 0x41, 0x00,
    0x21, 0x08, 0x41, 0x08, 0x22, 0x00, 0x41, 0x08, 0x41, 0x08, 0x42, 0x08,
    0x41, 0x08, 0x41, 0x00, 0x41, 0x08, 0x41, 0x08, 0x41, 0x08, 0x41, 0x00,
    0x41, 0x08, 0x41, 0x08, 0x21, 0x08, 0x41, 0x00, 0x41, 0x08, 0x21, 0x00,
    0x21, 0x00, 0x42, 0x08, 0x41, 0x08, 0xf7, 0xbd, 0xbf, 0xff, 0xbf, 0xf7,
    0xbf, 0xff, 0xdf, 0xff, 0xdf, 0xff, 0xbe, 0xf7, 0xdf, 0xff, 0xbf, 0xff,
    0xbe, 0xf7, 0xdf, 0xff, 0xbf, 0xff, 0xd7, 0xbd, 0x21, 0x08, 0x41, 0x08,
    0x41, 0x00, 0x21, 0x00, 0x41, 0x08, 0x41, 0x08, 0x21, 0x08, 0x41, 0x00,
    0x41, 0x08, 0x21, 0x08, 0x41, 0x08, 0x41, 0x00, 0x41, 0x08, 0x41, 0x08,
    0x42, 0x00, 0x41, 0x08, 0x21, 0x08, 0x42, 0x08, 0x41, 0x00, 0x21, 0x08,
    0x41, 0x08, 0x41, 0x08, 0x42, 0x08, 0x21, 0x00, 0x41, 0x08, 0x41, 0x00,
    0x41, 0x08, 0xf0, 0x83, 0xdf, 0xf7, 0xbe, 0xff, 0xbf, 0xf7, 0xdf, 0xff,
    0xbe, 0xf7, 0xbf, 0xf7, 0xbf, 0xff, 0xde, 0xff, 0xbe, 0xf7, 0xdf, 0xf7,
    0xbf, 0xff, 0xbe, 0xff, 0xbf, 0xf7, 0xbf, 0xff, 0xde, 0xff, 0xbf, 0xf7,
    0xbe, 0xff, 0xbf, 0xff, 0xbf, 0xf7, 0xbe, 0xff, 0xbf, 0xff, 0xdf, 0xff,
    0x29, 0x42, 0x21, 0x00, 0x41, 0x08, 0x41, 0x00, 0x41, 0x08, 0x21, 0x08,
    0x28, 0x42, 0xdf, 0xf7, 0xdf, 0xf7, 0xbe, 0xff, 0xdf, 0xff, 0xbf, 0xff,
    0xde, 0xf7, 0xbf, 0xff, 0xbf, 0xff, 0xde, 0xf7, 0xdf, 0xff, 0xbe, 0xff,
    0xbf, 0xf7, 0xbe, 0xff, 0xbf, 0xff, 0xbf, 0xf7, 0xbe, 0xff, 0xdf, 0xff,
    0xbf, 0xf7, 0xbf, 0xf7, 0xbf, 0xff, 0xbe, 0xf7, 0xbf, 0xff, 0xdf, 0xf7,
    0x28, 0x42, 0x41, 0x08, 0x21, 0x08, 0x41, 0x00, 0x41, 0x08, 0x42, 0x08,
    0x21, 0x00, 0x41, 0x08, 0x42, 0x08, 0x21, 0x08, 0x41, 0x00, 0x42, 0x08,
    0x21, 0x08, 0x41, 0x08, 0x42, 0x00, 0x21, 0x08, 0x41, 0x08, 0x42, 0x08,
    0x41, 0x08, 0x21, 0x00, 0x41, 0x08, 0x42, 0x00, 0x41, 0x08, 0x21, 0x08,
    0x21, 0x08, 0x41, 0x08, 0x21, 0x00, 0x41, 0x08, 0xdf, 0xff, 0xbe, 0xf7,
    0xbf, 0xff, 0xbe, 0xff, 0xdf, 0xff, 0xbf, 0xff, 0xbe, 0xf7, 0xdf, 0xff,
    0xbf, 0xff, 0xbe, 0xff, 0xbf, 0xf7, 0xdf, 0xff, 0xf0, 0x83, 0x41, 0x08,
    0x41, 0x00, 0x21, 0x08, 0x41, 0x00, 0x42, 0x08, 0x41, 0x00, 0x21, 0x08,
    0x42, 0x08, 0x41, 0x08, 0x21, 0x08, 0x21, 0x08, 0x41, 0x08, 0x41, 0x00,
    0x21, 0x08, 0x41, 0x08, 0x41, 0x08, 0x21, 0x08, 0x42, 0x08, 0x41, 0x08,
    0x41, 0x00, 0x21, 0x08, 0x41, 0x08, 0x21, 0x08, 0x41, 0x08, 0x21, 0x00,
    0x41, 0x08, 0x41, 0x08, 0xd7, 0xbd, 0xdf, 0xff, 0xbf, 0xff, 0xbe, 0xf7,
    0xdf, 0xff, 0xbe, 0xff, 0xbf, 0xf7, 0xde, 0xff, 0xbf, 0xff, 0xbe, 0xf7,
    0xbe, 0xff, 0xdf, 0xff, 0xf7, 0xbd, 0x21, 0x08, 0x21, 0x00, 0x21, 0x08,
    0x41, 0x08, 0x21, 0x08, 0x21, 0x08, 0x41, 0x08, 0x41, 0x00, 0x41, 0x08,
    0x42, 0x08, 0x41, 0x00, 0x21, 0x08, 0x41, 0x00, 0x41, 0x08, 0x21, 0x00,
    0x41, 0x08, 0x41, 0x00, 0x21, 0x08, 0x41, 0x00, 0x41, 0x08, 0x41, 0x00,
    0x21, 0x08, 0x41, 0x08, 0x42, 0x00, 0x41, 0x08, 0x41, 0x00, 0x21, 0x08,
    0x10, 0x7c, 0xdf, 0xf7, 0xbe, 0xff, 0xbf, 0xf7, 0xde, 0xff, 0xbf, 0xff,
    0xbe, 0xf7, 0xdf, 0xff, 0xbf, 0xff, 0xde, 0xff, 0xbf, 0xf7, 0xbe, 0xff,
    0xbe, 0xf7, 0xbf, 0xff, 0xbe, 0xff, 0xdf, 0xf7, 0xbe, 0xff, 0xdf, 0xff,
    0xbe, 0xf7, 0xbf, 0xff, 0xdf, 0xff, 0xbe, 0xf7, 0xbf, 0xff, 0x28, 0x42,
    0x41, 0x08, 0x21, 0x00, 0x41, 0x08, 0x41, 0x08, 0x21, 0x08, 0x41, 0x00,
    0x41, 0x08, 0xbf, 0xff, 0xbf, 0xf7, 0xbe, 0xff, 0xbf, 0xff, 0xbf, 0xff,
    0xde, 0xf7, 0xdf, 0xf7, 0xbe, 0xff, 0xbf, 0xf7, 0xbf, 0xff, 0xbe, 0xff,
    0xbf, 0xf7, 0xdf, 0xff, 0xbf, 0xff, 0xde, 0xff, 0xbf, 0xff, 0xdf, 0xf7,
    0xbf, 0xff, 0xdf, 0xff, 0xdf, 0xff, 0xbe, 0xf7, 0xbe, 0xff, 0xbf, 0xff,
    0x10, 0x7c, 0x21, 0x00, 0x41, 0x08, 0x21, 0x08, 0x21, 0x08, 0x41, 0x08,
    0x41, 0x08, 0x41, 0x08, 0x21, 0x08, 0x41, 0x00, 0x41, 0x08, 0x21, 0x08,
    0x21, 0x08, 0x41, 0x08, 0x41, 0x00, 0x41, 0x08, 0x41, 0x08, 0x22, 0x00,
    0x41, 0x08, 0x41, 0x08, 0x41, 0x08, 0x41, 0x08, 0x42, 0x08, 0x41, 0x00,
    0x41, 0x08, 0x21, 0x08, 0x41, 0x08, 0x41, 0x08, 0xf7, 0xbd, 0xbf, 0xf7,
    0xdf, 0xff, 0xde, 0xff, 0xbf, 0xf7, 0xbf, 0xf7, 0xbe, 0xff, 0xbf, 0xff,
    0xdf, 0xf7, 0xbe, 0xff, 0xbf, 0xff, 0xde, 0xf7, 0xf7, 0xbd, 0x21, 0x08,
    0x41, 0x08, 0x41, 0x08, 0x21, 0x08, 0x42, 0x08, 0x41, 0x08, 0x21, 0x08,
    0x42, 0x08, 0x41, 0x00, 0x41, 0x08, 0x21, 0x08, 0x42, 0x08, 0x21, 0x00,
    0x41, 0x08, 0x41, 0x08, 0x41, 0x00, 0x41, 0x08, 0x21, 0x08, 0x41, 0x08,
    0x41, 0x08, 0x21, 0x00, 0x41, 0x08, 0x41, 0x08, 0x21, 0x00, 0x21, 0x08,
    0x41, 0x00, 0x21, 0x08, 0x10, 0x84, 0xdf, 0xf7, 0xbf, 0xff, 0xbe, 0xff,
    0xbf, 0xff, 0xde, 0xff, 0xbf, 0xf7, 0xbf, 0xff, 0xbe, 0xff, 0xdf, 0xf7,
    0xbf, 0xff, 0xbe, 0xff, 0xdf, 0xf7, 0xdf, 0xff, 0xbe, 0xff, 0xbf, 0xf7,
    0xdf, 0xff, 0xbe, 0xff, 0xdf, 0xf7, 0xbf, 0xff, 0xdf, 0xff, 0xde, 0xf7,
    0xdf, 0xff, 0x28, 0x42, 0x21, 0x08, 0x41, 0x08, 0x21, 0x08, 0x41, 0x08,
    0x21, 0x00, 0x28, 0x42, 0xbf, 0xff, 0xbf, 0xff, 0xbe, 0xf7, 0xbf, 0xff,
    0xdf, 0xf7, 0xde, 0xf7, 0xbf, 0xff, 0xbf, 0xff, 0xbe, 0xf7, 0xbf, 0xff,
    0xdf, 0xf7, 0xbe, 0xff, 0xdf, 0xff, 0xbe, 0xf7, 0xbf, 0xff, 0xde, 0xff,
    0xbe, 0xf7, 0xbf, 0xff, 0xde, 0xff, 0xbf, 0xf7, 0xbf, 0xff, 0xde, 0xf7,
    0xbf, 0xff, 0x28, 0x42, 0x41, 0x08, 0x21, 0x08, 0x21, 0x00, 0x41, 0x08,
    0x41, 0x08, 0x21, 0x00, 0x41, 0x08, 0x41, 0x08, 0x41, 0x08, 0x41, 0x08,
    0x41, 0x00, 0x21, 0x08, 0x41, 0x08, 0x41, 0x08, 0x41, 0x00, 0x21, 0x08,
    0x41, 0x08, 0x41, 0x00, 0x41, 0x08, 0x21, 0x08, 0x41, 0x08, 0x41, 0x00,
    0x21, 0x00, 0x41, 0x08, 0x41, 0x08, 0x21, 0x00, 0x41, 0x08, 0xdf, 0xf7,
    0xdf, 0xf7, 0xbe, 0xff, 0xbf, 0xf7, 0xbf, 0xff, 0xbe, 0xff, 0xbf, 0xf7,
    0xdf, 0xff, 0xbe, 0xff, 0xbf, 0xf7, 0xdf, 0xff, 0xbe, 0xf7, 0xf0, 0x7b,
    0x41, 0x08, 0x41, 0x08, 0x21, 0x00, 0x21, 0x08, 0x41, 0x08, 0x41, 0x00,
    0x41, 0x08, 0x41, 0x08, 0x41, 0x00, 0x41, 0x00, 0x41, 0x08, 0x41, 0x08,
    0x41, 0x08, 0x42, 0x08, 0x41, 0x00, 0x21, 0x08, 0x41, 0x08, 0x41, 0x00,
    0x41, 0x08, 0x42, 0x08, 0x41, 0x08, 0x41, 0x00, 0x21, 0x00, 0x42, 0x08,
    0x41, 0x00, 0x41, 0x08, 0x41, 0x08, 0xd7, 0xbd, 0xdf, 0xff, 0xbf, 0xf7,
    0xbe, 0xff, 0xbf, 0xff, 0xbf, 0xf7, 0xbe, 0xf7, 0xbf, 0xff, 0xbf, 0xff,
    0xbf, 0xf7, 0xbf, 0xff, 0xde, 0xf7, 0xf7, 0xbd, 0x21, 0x08, 0x41, 0x08,
    0x41, 0x00, 0x41, 0x08, 0x21, 0x00, 0x41, 0x08, 0x42, 0x08, 0x41, 0x08,
    0x21, 0x08, 0x41, 0x08, 0x41, 0x08, 0x41, 0x08, 0x41, 0x08, 0x41, 0x00,
    0x41, 0x08, 0x41, 0x08, 0x41, 0x08, 0x42, 0x00, 0x21, 0x08, 0x41, 0x08,
    0x41, 0x08, 0x41, 0x00, 0x21, 0x08, 0x41, 0x08, 0x41, 0x08, 0x21, 0x08,
    0x41, 0x00, 0x10, 0x84, 0xbe, 0xff, 0xbf, 0xff, 0xbf, 0xf7, 0xbe, 0xff,
    0xbf, 0xf7, 0xdf, 0xff, 0xbe, 0xf7, 0xbf, 0xff, 0xdf, 0xff, 0xbe, 0xff,
    0xdf, 0xf7, 0xdf, 0xff, 0xbf, 0xff, 0xbf, 0xf7, 0xbe, 0xff, 0xbf, 0xff,
    0xdf, 0xf7, 0xbe, 0xff, 0xbf, 0xf7, 0xbe, 0xff, 0xde, 0xf7, 0xdf, 0xf7,
    0x28, 0x42, 0x41, 0x08, 0x21, 0x08, 0x41, 0x08, 0x22, 0x08, 0x41, 0x08,
    0x41, 0x08, 0x41, 0x08, 0xbf, 0xf7, 0xdf, 0xf7, 0xde, 0xff, 0xbf, 0xff,
    0xbe, 0xf7, 0xdf, 0xff, 0xdf, 0xff, 0xbe, 0xf7, 0xbf, 0xff, 0xdf, 0xf7,
    0xbe, 0xff, 0xbe, 0xff, 0xbf, 0xf7, 0xbf, 0xff, 0xbe, 0xf7, 0xbe, 0xff,
    0xbf, 0xff, 0xbe, 0xf7, 0xbe, 0xff, 0xbf, 0xff, 0xdf, 0xff, 0xdf, 0xff,
    0xbe, 0xf7, 0x10, 0x84, 0x21, 0x08, 0x41, 0x08, 0x41, 0x00, 0x41, 0x00,
    0x41, 0x08, 0x42, 0x00, 0x41, 0x08, 0x41, 0x08, 0x41, 0x08, 0x41, 0x00,
    0x41, 0x08, 0x41, 0x00, 0x21, 0x08, 0x42, 0x08, 0x21, 0x08, 0x41, 0x08,
    0x41, 0x08, 0x21, 0x08, 0x41, 0x00, 0x22, 0x08, 0x41, 0x08, 0x41, 0x08,
    0x41, 0x08, 0x41, 0x08, 0x21, 0x08, 0x41, 0x00, 0x41, 0x08, 0xf7, 0xbd,
    0xbf, 0xf7, 0xde, 0xff, 0xbe, 0xff, 0xbf, 0xf7, 0xbe, 0xff, 0xbf, 0xff,
    0xbe, 0xf7, 0xbf, 0xff, 0xbf, 0xff, 0xbe, 0xf7, 0xbf, 0xf7, 0xd7, 0xbd,
    0x41, 0x08, 0x41, 0x00, 0x41, 0x08, 0x21, 0x00, 0x41, 0x08, 0x41, 0x00,
    0x41, 0x08, 0x41, 0x08, 0x41, 0x08, 0x21, 0x00, 0x41, 0x08, 0x41, 0x08,
    0x41, 0x08, 0x21, 0x08, 0x21, 0x08, 0x41, 0x08, 0x41, 0x00, 0x41, 0x08,
    0x41, 0x08, 0x42, 0x00, 0x41, 0x08, 0x41, 0x08, 0x41, 0x08, 0x41, 0x00,
    0x42, 0x08, 0x21, 0x08, 0x41, 0x00, 0x10, 0x84, 0xbf, 0xf7, 0xde, 0xf7,
    0xbf, 0xff, 0xbf, 0xf7, 0xbe, 0xff, 0xdf, 0xff, 0xbf, 0xf7, 0xbe, 0xff,
    0xbf, 0xff, 0xbf, 0xf7, 0xbe, 0xff, 0xbf, 0xf7, 0xbe, 0xff, 0xbf, 0xff,
    0xbf, 0xf7, 0xbe, 0xff, 0xbf, 0xf7, 0xbe, 0xff, 0xbe, 0xff, 0xdf, 0xff,
    0xbf, 0xf7, 0xbe, 0xf7, 0x29, 0x42, 0x41, 0x08, 0x41, 0x08, 0x41, 0x00,
    0x41, 0x08, 0x21, 0x08, 0x28, 0x42, 0xbf, 0xf7, 0xbf, 0xff, 0xdf, 0xff,
    0xdf, 0xff, 0xbe, 0xf7, 0xbf, 0xff, 0xbe, 0xff, 0xdf, 0xf7, 0xbf, 0xff,
    0xbe, 0xff, 0xbf, 0xf7, 0xbf, 0xff, 0xde, 0xf7, 0xbf, 0xff, 0xbf, 0xff,
    0xbf, 0xf7, 0xbf, 0xff, 0xbe, 0xff, 0xdf, 0xff, 0xbe, 0xff, 0xbf, 0xff,
    0xbf, 0xff, 0xde, 0xf7, 0x28, 0x42, 0x41, 0x08, 0x21, 0x08, 0x21, 0x00,
    0x41, 0x08, 0x41, 0x08, 0x21, 0x08, 0x41, 0x08, 0x41, 0x00, 0x21, 0x08,
    0x41, 0x08, 0x41, 0x08, 0x41, 0x00, 0x42, 0x08, 0x41, 0x08, 0x41, 0x08,
    0x41, 0x00, 0x21, 0x08, 0x42, 0x08, 0x41, 0x08, 0x41, 0x08, 0x41, 0x08,
    0x41, 0x08, 0x21, 0x00, 0x41, 0x08, 0x41, 0x08, 0x21, 0x08, 0x41, 0x08,
    0xbf, 0xf7, 0xbf, 0xff, 0xbe, 0xff, 0xdf, 0xf7, 0xbe, 0xf7, 0xbf, 0xff,
    0xdf, 0xff, 0xbe, 0xf7, 0xbf, 0xf7, 0xbf, 0xff, 0xde, 0xff, 0xdf, 0xf7,
    0xf0, 0x83, 0x41, 0x08, 0x41, 0x08, 0x21, 0x00, 0x41, 0x08, 0x41, 0x08,
    0x21, 0x08, 0x41, 0x08, 0x21, 0x08, 0x41, 0x08, 0x42, 0x08, 0x21, 0x00,
    0x41, 0x08, 0x21, 0x08, 0x41, 0x00, 0x41, 0x08, 0x41, 0x08, 0x42, 0x00,
    0x21, 0x08, 0x41, 0x08, 0x21, 0x08, 0x41, 0x08, 0x41, 0x08, 0x21, 0x08,
    0x41, 0x08, 0x21, 0x00, 0x41, 0x08, 0x41, 0x08, 0xd7, 0xbd, 0xdf, 0xf7,
    0xdf, 0xff, 0xbe, 0xf7, 0xbf, 0xff, 0xdf, 0xff, 0xbe, 0xff, 0xdf, 0xf7,
    0xde, 0xff, 0xbf, 0xff, 0xbf, 0xf7, 0xdf, 0xff, 0xd7, 0xbd, 0x41, 0x00,
    0x21, 0x08, 0x41, 0x08, 0x41, 0x08, 0x21, 0x00, 0x21, 0x00, 0x41, 0x08,
    0x41, 0x00, 0x21, 0x08, 0x41, 0x00, 0x21, 0x08, 0x41, 0x08, 0x22, 0x08,
    0x41, 0x08, 0x21, 0x08, 0x42, 0x08, 0x41, 0x08, 0x21, 0x08, 0x41, 0x08,
    0x41, 0x08, 0x22, 0x08, 0x41, 0x08, 0x41, 0x00, 0x41, 0x08, 0x41, 0x08,
    0x21, 0x00, 0x21, 0x08, 0x10, 0x84, 0xdf, 0xf7, 0xbe, 0xff, 0xbf, 0xff,
    0xdf, 0xf7, 0xbe, 0xff, 0xbf, 0xff, 0xbe, 0xf7, 0xbf, 0xf7, 0xbf, 0xff,
    0xbe, 0xf7, 0xbf, 0xff, 0xbf, 0xff, 0xbe, 0xf7, 0xdf, 0xff, 0xbf, 0xff,
    0xbe, 0xf7, 0xbf, 0xff, 0xdf, 0xff, 0xbe, 0xff, 0xbf, 0xf7, 0xdf, 0xff,
    0xbf, 0xff, 0x28, 0x42, 0x41, 0x08, 0x21, 0x00, 0x41, 0x08, 0x41, 0x08,
    0x41, 0x00, 0x21, 0x08, 0x41, 0x08, 0xbf, 0xf7, 0xdf, 0xff, 0xbf, 0xff,
    0xbe, 0xf7, 0xbf, 0xff, 0xdf, 0xf7, 0xbe, 0xf7, 0xbf, 0xff, 0xbe, 0xff,
    0xdf, 0xf7, 0xbf, 0xff, 0xbe, 0xff, 0xdf, 0xf7, 0xbf, 0xff, 0xbf, 0xf7,
    0xdf, 0xff, 0xbf, 0xff, 0xbe, 0xf7, 0xbf, 0xf7, 0xbf, 0xff, 0xbe, 0xf7,
    0xbf, 0xf7, 0xdf, 0xff, 0xf0, 0x83, 0x41, 0x00, 0x41, 0x08, 0x21, 0x08,
    0x21, 0x00, 0x41, 0x08, 0x21, 0x08, 0x21, 0x00, 0x42, 0x08, 0x21, 0x08,
    0x41, 0x08, 0x42, 0x08, 0x41, 0x08, 0x41, 0x00, 0x41, 0x08, 0x41, 0x00,
    0x21, 0x08, 0x41, 0x08, 0x41, 0x00, 0x41, 0x08, 0x21, 0x00, 0x41, 0x08,
    0x21, 0x00, 0x41, 0x08, 0x42, 0x08, 0x41, 0x00, 0x41, 0x08, 0x21, 0x08,
    0xf7, 0xbd, 0xbf, 0xf7, 0xbf, 0xf7, 0xbf, 0xff, 0xbf, 0xff, 0xde, 0xf7,
    0xbf, 0xff, 0xdf, 0xf7, 0xbe, 0xff, 0xdf, 0xff, 0xbf, 0xf7, 0xbf, 0xff,
    0xf7, 0xbd, 0x21, 0x08, 0x41, 0x08, 0x41, 0x08, 0x21, 0x00, 0x41, 0x08,
    0x41, 0x08, 0x21, 0x00, 0x41, 0x08, 0x41, 0x08, 0x42, 0x08, 0x41, 0x00,
    0x41, 0x08, 0x41, 0x08, 0x42, 0x00, 0x41, 0x08, 0x21, 0x08, 0x42, 0x08,
    0x41, 0x00, 0x21, 0x08, 0x41, 0x08, 0x21, 0x08, 0x42, 0x08, 0x41, 0x08,
    0x41, 0x00, 0x41, 0x08, 0x21, 0x08, 0x41, 0x08, 0xf0, 0x83, 0xbf, 0xf7,
    0xbe, 0xff, 0xdf, 0xff, 0xbf, 0xf7, 0xbe, 0xff, 0xbf, 0xff, 0xde, 0xf7,
    0xbf, 0xff, 0xbf, 0xff, 0xde, 0xf7, 0xbf, 0xff, 0xbf, 0xff, 0xde, 0xf7,
    0xbf, 0xff, 0xdf, 0xff, 0xbe, 0xf7, 0xbf, 0xff, 0xdf, 0xff, 0xdf, 0xf7,
    0xbf, 0xff, 0xde, 0xf7, 0xdf, 0xff, 0x28, 0x42, 0x21, 0x00, 0x41, 0x08,
    0x21, 0x00, 0x41, 0x08, 0x21, 0x08, 0x28, 0x42, 0xdf, 0xff, 0xdf, 0xff,
    0xbe, 0xf7, 0xbe, 0xff, 0xdf, 0xf7, 0xdf, 0xf7, 0xbe, 0xff, 0xbf, 0xf7,
    0xdf, 0xff, 0xbe, 0xff, 0xbf, 0xf7, 0xbf, 0xff, 0xbe, 0xff, 0xdf, 0xf7,
    0xbe, 0xff, 0xdf, 0xf7, 0xbf, 0xf7, 0xbf, 0xff, 0xbe, 0xf7, 0xdf, 0xf7,
    0xbe, 0xff, 0xbf, 0xff, 0xdf, 0xf7, 0x28, 0x42, 0x41, 0x08, 0x21, 0x08,
    0x41, 0x00, 0x41, 0x08, 0x41, 0x08, 0x21, 0x00, 0x41, 0x08, 0x42, 0x08,
    0x21, 0x00, 0x41, 0x08, 0x42, 0x08, 0x21, 0x08, 0x21, 0x00, 0x41, 0x08,
    0x41, 0x08, 0x22, 0x08, 0x41, 0x08, 0x41, 0x00, 0x21, 0x08, 0x42, 0x00,
    0x41, 0x08, 0x21, 0x08, 0x21, 0x00, 0x41, 0x08, 0x41, 0x08, 0x21, 0x00,
    0x41, 0x08, 0xdf, 0xf7, 0xbe, 0xff, 0xbf, 0xff, 0xdf, 0xff, 0xbe, 0xf7,
    0xbf, 0xff, 0xbe, 0xff, 0xde, 0xf7, 0xbf, 0xff, 0xbe, 0xff, 0xbf, 0xf7,
    0xdf, 0xf7, 0xf0, 0x83, 0x41, 0x08, 0x41, 0x08, 0x21, 0x00, 0x41, 0x00,
    0x41, 0x08, 0x42, 0x08, 0x41, 0x00, 0x21, 0x00, 0x41, 0x08, 0x41, 0x08,
    0x21, 0x08, 0x41, 0x00, 0x42, 0x08, 0x21, 0x08, 0x41, 0x08, 0x41, 0x08,
    0x21, 0x08, 0x41, 0x08, 0x41, 0x00, 0x41, 0x00, 0x41, 0x08, 0x42, 0x08,
    0x21, 0x00, 0x41, 0x08, 0x21, 0x08, 0x41, 0x08, 0x41, 0x08, 0xd7, 0xbd,
    0xbf, 0xf7, 0xbf, 0xff, 0xbe, 0xff, 0xdf, 0xf7, 0xbf, 0xff, 0xbe, 0xff,
    0xbf, 0xf7, 0xbe, 0xff, 0xbe, 0xff, 0xbf, 0xf7, 0xde, 0xff, 0xd7, 0xbd,
    0x21, 0x00, 0x41, 0x08, 0x21, 0x00, 0x41, 0x08, 0x41, 0x08, 0x21, 0x08,
    0x41, 0x08, 0x41, 0x08, 0x42, 0x00, 0x41, 0x08, 0x41, 0x08, 0x21, 0x00,
    0x41, 0x00, 0x41, 0x08, 0x41, 0x00, 0x21, 0x08, 0x41, 0x00, 0x41, 0x08,
    0x41, 0x00, 0x41, 0x00, 0x41, 0x08, 0x21, 0x08, 0x42, 0x08, 0x41, 0x00,
    0x41, 0x08, 0x21, 0x00, 0x21, 0x08, 0x10, 0x7c, 0xdf, 0xf7, 0xbe, 0xff,
    0xbf, 0xff, 0xbf, 0xf7, 0xde, 0xff, 0xbf, 0xff, 0xbf, 0xff, 0xde, 0xf7,
    0xbf, 0xff, 0xbe, 0xff, 0xdf, 0xf7, 0xbe, 0xff, 0xbe, 0xf7, 0xdf, 0xff,
    0xbf, 0xf7, 0xbe, 0xff, 0xbf, 0xf7, 0xbf, 0xff, 0xde, 0xff, 0xbf, 0xf7,
    0xbf, 0xf7, 0xbf, 0xff, 0x28, 0x42, 0x41, 0x08, 0x21, 0x00, 0x41, 0x08,
    0x41, 0x00, 0x41, 0x08, 0x41, 0x08, 0x41, 0x08, 0xbf, 0xf7, 0xbe, 0xff,
    0xbf, 0xff, 0xbf, 0xf7, 0xbe, 0xff, 0xdf, 0xff, 0xdf, 0xf7, 0xbe, 0xff,
    0xbf, 0xff, 0xbf, 0xf7, 0xbe, 0xff, 0xdf, 0xf7, 0xbe, 0xff, 0xbe, 0xff,
    0xdf, 0xf7, 0xbe, 0xff, 0xdf, 0xff, 0xbf, 0xf7, 0xde, 0xff, 0xbf, 0xff,
    0xbe, 0xf7, 0xdf, 0xff, 0xbf, 0xff, 0xf0, 0x7b, 0x41, 0x08, 0x41, 0x08,
    0x21, 0x00, 0x21, 0x08, 0x41, 0x08, 0x41, 0x08, 0x41, 0x08, 0x41, 0x00,
    0x41, 0x08, 0x21, 0x08, 0x41, 0x00, 0x21, 0x08, 0x41, 0x08, 0x41, 0x08,
    0x41, 0x08, 0x42, 0x00, 0x21, 0x08, 0x41, 0x08, 0x42, 0x08, 0x41, 0x08,
    0x41, 0x08, 0x41, 0x08, 0x21, 0x00, 0x41, 0x08, 0x21, 0x00, 0x41, 0x08,
    0x42, 0x08, 0xf7, 0xbd, 0xdf, 0xff, 0xdf, 0xf7, 0xbe, 0xff, 0xbf, 0xff,
    0xbf, 0xf7, 0xde, 0xff, 0xbf, 0xff, 0xbe, 0xf7, 0xbe, 0xff, 0xdf, 0xff,
    0xbe, 0xff, 0xf7, 0xbd, 0x21, 0x00, 0x41, 0x08, 0x41, 0x08, 0x21, 0x00,
    0x42, 0x08, 0x41, 0x08, 0x21, 0x08, 0x42, 0x00, 0x41, 0x08, 0x21, 0x08,
    0x21, 0x08, 0x41, 0x00, 0x21, 0x08, 0x41, 0x08, 0x41, 0x00, 0x41, 0x08,
    0x21, 0x08, 0x41, 0x08, 0x41, 0x00, 0x41, 0x08, 0x41, 0x08, 0x21, 0x00,
    0x41, 0x08, 0x21, 0x08, 0x41, 0x08, 0x41, 0x00, 0x21, 0x00, 0x10, 0x84,
    0xdf, 0xf7, 0xbf, 0xff, 0xbe, 0xff, 0xbf, 0xf7, 0xbf, 0xff, 0xbe, 0xf7,
    0xbf, 0xff, 0xde, 0xf7, 0xbf, 0xff, 0xbe, 0xff, 0xdf, 0xf7, 0xbf, 0xff,
    0xbe, 0xf7, 0xbf, 0xff, 0xde, 0xff, 0xbf, 0xf7, 0xbf, 0xff, 0xbe, 0xf7,
    0xbf, 0xff, 0xdf, 0xff, 0xbe, 0xff, 0xdf, 0xf7, 0x29, 0x42, 0x41, 0x08,
    0x41, 0x08, 0x41, 0x00, 0x42, 0x08, 0x41, 0x00, 0x28, 0x42, 0xbf, 0xf7,
    0xbf, 0xf7, 0xbe, 0xff, 0xdf, 0xff, 0xbf, 0xf7, 0xde, 0xff, 0xbf, 0xff,
    0xbe, 0xf7, 0xbf, 0xff, 0xde, 0xff, 0xbf, 0xf7, 0xbe, 0xff, 0xdf, 0xff,
    0xbf, 0xf7, 0xbe, 0xff, 0xbe, 0xff, 0xdf, 0xff, 0xbe, 0xf7, 0xbf, 0xff,
    0xbf, 0xf7, 0xbe, 0xff, 0xbf, 0xf7, 0xdf, 0xf7, 0x28, 0x42, 0x21, 0x08,
    0x41, 0x08, 0x21, 0x00, 0x42, 0x08, 0x41, 0x08, 0x21, 0x00, 0x41, 0x08,
    0x41, 0x08, 0x41, 0x08, 0x41, 0x00, 0x41, 0x08, 0x41, 0x08, 0x41, 0x08,
    0x21, 0x00, 0x41, 0x08, 0x41, 0x08, 0x41, 0x00, 0x41, 0x08, 0x21, 0x08,
    0x41, 0x08, 0x41, 0x00, 0x41, 0x08, 0x21, 0x08, 0x21, 0x00, 0x42, 0x08,
    0x21, 0x00, 0x41, 0x08, 0xdf, 0xf7, 0xdf, 0xf7, 0xbe, 0xff, 0xbf, 0xff,
    0xbf, 0xf7, 0xde, 0xff, 0xbf, 0xff, 0xbf, 0xf7, 0xdf, 0xff, 0xbe, 0xff,
    0xbf, 0xff, 0xdf, 0xf7, 0xf0, 0x83, 0x41, 0x08, 0x41, 0x08, 0x21, 0x08,
    0x21, 0x00, 0x41, 0x08, 0x41, 0x08, 0x41, 0x08, 0x41, 0x08, 0x42, 0x00,
    0x41, 0x08, 0x41, 0x08, 0x41, 0x08, 0x41, 0x00, 0x41, 0x08, 0x21, 0x08,
    0x41, 0x00, 0x41, 0x08, 0x41, 0x08, 0x22, 0x08, 0x41, 0x08, 0x41, 0x08,
    0x21, 0x00, 0x21, 0x00, 0x41, 0x08, 0x41, 0x00, 0x41, 0x08, 0x41, 0x00,
    0xd7, 0xbd, 0xdf, 0xff, 0xbf, 0xf7, 0xbe, 0xff, 0xbf, 0xf7, 0xbe, 0xf7,
    0xbf, 0xff, 0xdf, 0xf7, 0xbf, 0xff, 0xbf, 0xf7, 0xde, 0xff, 0xdf, 0xf7,
    0xd7, 0xbd, 0x41, 0x08, 0x41, 0x08, 0x21, 0x00, 0x41, 0x08, 0x21, 0x00,
    0x41, 0x00, 0x41, 0x08, 0x21, 0x08, 0x41, 0x08, 0x41, 0x08, 0x41, 0x08,
    0x42, 0x08, 0x41, 0x08, 0x41, 0x08, 0x41, 0x08, 0x41, 0x08, 0x21, 0x08,
    0x41, 0x08, 0x22, 0x08, 0x41, 0x08, 0x41, 0x00, 0x41, 0x08, 0x21, 0x08,
    0x41, 0x08, 0x41, 0x08, 0x21, 0x08, 0x41, 0x08, 0x10, 0x84, 0xbf, 0xf7,
    0xbe, 0xff, 0xbf, 0xf7, 0xbe, 0xff, 0xbf, 0xf7, 0xdf, 0xff, 0xbe, 0xff,
    0xbf, 0xf7, 0xdf, 0xff, 0xbe, 0xff, 0xbf, 0xf7, 0xbf, 0xff, 0xbf, 0xff,
    0xbe, 0xf7, 0xdf, 0xff, 0xbe, 0xff, 0xbf, 0xf7, 0xde, 0xf7, 0xbf, 0xff,
    0xbe, 0xff, 0xde, 0xf7, 0xdf, 0xf7, 0x28, 0x42, 0x41, 0x08, 0x21, 0x08,
    0x41, 0x08, 0x41, 0x08, 0x41, 0x08, 0x41, 0x08, 0x41, 0x08, 0xbf, 0xf7,
    0xdf, 0xf7, 0xde, 0xff, 0xbf, 0xff, 0xbe, 0xf7, 0xdf, 0xf7, 0xbf, 0xff,
    0xbe, 0xff, 0xdf, 0xf7, 0xbf, 0xff, 0xbe, 0xff, 0xbf, 0xf7, 0xbf, 0xff,
    0xbf, 0xff, 0xbe, 0xf7, 0xbf, 0xff, 0xbe, 0xf7, 0xbf, 0xff, 0xbf, 0xff,
    0xdf, 0xff, 0xdf, 0xff, 0xbe, 0xff, 0xbf, 0xf7, 0x10, 0x84, 0x21, 0x08,
    0x41, 0x08, 0x41, 0x00, 0x21, 0x08, 0x41, 0x08, 0x41, 0x00, 0x41, 0x08,
    0x41, 0x08, 0x41, 0x00, 0x41, 0x08, 0x21, 0x08, 0x42, 0x00, 0x21, 0x08,
    0x41, 0x08, 0x21, 0x08, 0x41, 0x08, 0x41, 0x00, 0x41, 0x08, 0x21, 0x08,
    0x41, 0x00, 0x41, 0x08, 0x42, 0x08, 0x41, 0x00, 0x41, 0x08, 0x21, 0x08,
    0x41, 0x08, 0x41, 0x08, 0xf7, 0xbd, 0xbf, 0xf7, 0xde, 0xff, 0xbe, 0xff,
    0xbf, 0xf7, 0xbf, 0xff, 0xbe, 0xff, 0xbf, 0xf7, 0xbf, 0xff, 0xbf, 0xf7,
    0xbf, 0xf7, 0xbf, 0xff, 0xf7, 0xbd, 0x21, 0x00, 0x41, 0x08, 0x41, 0x08,
    0x21, 0x00, 0x41, 0x08, 0x41, 0x08, 0x41, 0x08, 0x41, 0x08, 0x41, 0x00,
    0x41, 0x08, 0x41, 0x08, 0x41, 0x08, 0x42, 0x08, 0x21, 0x08, 0x41, 0x00,
    0x41, 0x08, 0x41, 0x08, 0x21, 0x08, 0x42, 0x08, 0x41, 0x00, 0x41, 0x08,
    0x41, 0x08, 0x41, 0x00, 0x21, 0x08, 0x41, 0x08, 0x41, 0x00, 0x21, 0x08,
    0x10, 0x84, 0xdf, 0xf7, 0xbe, 0xff, 0xbf, 0xf7, 0xde, 0xff, 0xdf, 0xff,
    0xbf, 0xf7, 0xbe, 0xff, 0xbf, 0xff, 0xbf, 0xf7, 0xbe, 0xff, 0xdf, 0xff,
    0xbe, 0xf7, 0xbf, 0xff, 0xbf, 0xf7, 0xbe, 0xff, 0xdf, 0xff, 0xbf, 0xf7,
    0xde, 0xff, 0xbf, 0xff, 0xbf, 0xf7, 0xdf, 0xff, 0xbe, 0xff, 0x28, 0x42,
    0x41, 0x08, 0x41, 0x08, 0x21, 0x08, 0x41, 0x08, 0x21, 0x08, 0x28, 0x42,
    0xbf, 0xff, 0xdf, 0xff, 0xbf, 0xff, 0xbf, 0xff, 0xde, 0xf7, 0xbf, 0xff,
    0xbf, 0xff, 0xbe, 0xf7, 0xbf, 0xff, 0xbf, 0xf7, 0xde, 0xff, 0xbf, 0xf7,
    0xbf, 0xff, 0xbf, 0xff, 0xbf, 0xf7, 0xbf, 0xff, 0xbe, 0xff, 0xdf, 0xff,
    0xbf, 0xff, 0xde, 0xff, 0xbf, 0xff, 0xbf, 0xff, 0xde, 0xf7, 0x28, 0x42,
    0x41, 0x08, 0x21, 0x08, 0x21, 0x00, 0x41, 0x08, 0x41, 0x08, 0x21, 0x00,
    0x41, 0x08, 0x41, 0x08, 0x21, 0x08, 0x21, 0x08, 0x41, 0x00, 0x41, 0x08,
    0x42, 0x08, 0x41, 0x08, 0x21, 0x00, 0x41, 0x08, 0x41, 0x08, 0x41, 0x08,
    0x41, 0x08, 0x21, 0x08, 0x42, 0x08, 0x41, 0x08, 0x21, 0x00, 0x41, 0x08,
    0x41, 0x08, 0x21, 0x08, 0x41, 0x08, 0xbf, 0xff, 0xbf, 0xf7, 0xbe, 0xff,
    0xbf, 0xf7, 0xdf, 0xff, 0xbe, 0xf7, 0xbf, 0xff, 0xbf, 0xff, 0xbe, 0xf7,
    0xbf, 0xff, 0xbe, 0xff, 0xdf, 0xf7, 0xf0, 0x7b, 0x41, 0x08, 0x41, 0x08,
    0x21, 0x00, 0x21, 0x08, 0x41, 0x08, 0x41, 0x08, 0x21, 0x08, 0x41, 0x08,
    0x21, 0x08, 0x41, 0x00, 0x21, 0x08, 0x42, 0x08, 0x41, 0x08, 0x21, 0x00,
    0x42, 0x08, 0x41, 0x08, 0x41, 0x00, 0x21, 0x08, 0x41, 0x08, 0x41, 0x08,
    0x41, 0x08, 0x41, 0x08, 0x21, 0x08, 0x41, 0x08, 0x21, 0x00, 0x41, 0x08,
    0x41, 0x08, 0xd7, 0xbd, 0xdf, 0xff, 0xbf, 0xff, 0xbe, 0xf7, 0xdf, 0xff,
    0xbf, 0xff, 0xbe, 0xff, 0xdf, 0xff, 0xbf, 0xf7, 0xbe, 0xff, 0xdf, 0xf7,
    0xbf, 0xff, 0xf7, 0xbd, 0x21, 0x08, 0x21, 0x00, 0x41, 0x08, 0x41, 0x08,
    0x21, 0x08, 0x21, 0x00, 0x41, 0x08, 0x41, 0x08, 0x21, 0x00, 0x41, 0x08,
    0x21, 0x08, 0x41, 0x00, 0x21, 0x08, 0x21, 0x08, 0x42, 0x00, 0x41, 0x08,
    0x41, 0x08, 0x41, 0x00, 0x41, 0x08, 0x21, 0x08, 0x41, 0x08, 0x41, 0x00,
    0x41, 0x08, 0x21, 0x08, 0x41, 0x00, 0x21, 0x00, 0x41, 0x08, 0x10, 0x84,
    0xbe, 0xf7, 0xbf, 0xff, 0xdf, 0xff, 0xbe, 0xf7, 0xbf, 0xff, 0xbe, 0xf7,
    0xbe, 0xff, 0xbf, 0xf7, 0xbf, 0xff, 0xde, 0xf7, 0xbf, 0xff, 0xdf, 0xff,
    0xbe, 0xf7, 0xbf, 0xff, 0xdf, 0xff, 0xbe, 0xf7, 0xbf, 0xff, 0xbf, 0xff,
    0xbf, 0xff, 0xbf, 0xff, 0xde, 0xf7, 0xbf, 0xff, 0x28, 0x42, 0x41, 0x08,
    0x21, 0x00, 0x41, 0x08, 0x41, 0x08, 0x42, 0x08, 0x21, 0x00, 0x41, 0x08,
    0xbf, 0xf7, 0xdf, 0xf7, 0xbe, 0xff, 0xbf, 0xff, 0xbf, 0xff, 0xde, 0xf7,
    0xdf, 0xf7, 0xbe, 0xff, 0xbf, 0xff, 0xde, 0xf7, 0xbf, 0xff, 0xdf, 0xff,
    0xbe, 0xf7, 0xdf, 0xff, 0xbf, 0xff, 0xbe, 0xf7, 0xdf, 0xff, 0xbe, 0xf7,
    0xbe, 0xf7, 0xbf, 0xff, 0xbf, 0xf7, 0xdf, 0xff, 0xdf, 0xff, 0xf0, 0x7b,
    0x21, 0x08, 0x41, 0x08, 0x41, 0x00, 0x21, 0x08, 0x41, 0x08, 0x42, 0x00,
    0x21, 0x08, 0x21, 0x08, 0x42, 0x08, 0x41, 0x08, 0x41, 0x08, 0x41, 0x08,
    0x41, 0x00, 0x41, 0x08, 0x42, 0x08, 0x21, 0x00, 0x41, 0x08, 0x41, 0x08,
    0x41, 0x00, 0x21, 0x08, 0x41, 0x08, 0x41, 0x08, 0x41, 0x08, 0x41, 0x08,
    0x21, 0x08, 0x41, 0x00, 0x41, 0x08, 0xd7, 0xbd, 0xbf, 0xf7, 0xdf, 0xff,
    0xdf, 0xf7, 0xbe, 0xf7, 0xdf, 0xff, 0xbf, 0xff, 0xde, 0xf7, 0xdf, 0xff,
    0xbe, 0xff, 0xbe, 0xf7, 0xbf, 0xff, 0xf7, 0xbd, 0x21, 0x08, 0x41, 0x08,
    0x41, 0x08, 0x21, 0x00, 0x41, 0x08, 0x41, 0x08, 0x21, 0x00, 0x21, 0x08,
    0x41, 0x08, 0x42, 0x00, 0x21, 0x08, 0x41, 0x00, 0x41, 0x08, 0x41, 0x08,
    0x21, 0x08, 0x42, 0x00, 0x41, 0x08, 0x41, 0x08, 0x21, 0x00, 0x41, 0x08,
    0x21, 0x08, 0x42, 0x08, 0x41, 0x08, 0x21, 0x00, 0x41, 0x08, 0x21, 0x08,
    0x21, 0x08, 0xf0, 0x7b, 0xdf, 0xf7, 0xbf, 0xff, 0xbe, 0xff, 0xbf, 0xf7,
    0xbe, 0xff, 0xdf, 0xff, 0xbf, 0xf7, 0xde, 0xff, 0xbf, 0xf7, 0xbf, 0xff,
    0xbe, 0xff, 0xdf, 0xf7, 0xbf, 0xff, 0xbe, 0xff, 0xdf, 0xf7, 0xbe, 0xff,
    0xbf, 0xff, 0xbe, 0xf7, 0xbe, 0xff, 0xdf, 0xff, 0xbf, 0xf7, 0xdf, 0xf7,
    0x28, 0x42, 0x21, 0x08, 0x41, 0x08, 0x21, 0x00, 0x41, 0x08, 0x41, 0x00,
    0x28, 0x42, 0xdf, 0xff, 0xde, 0xf7, 0xbe, 0xff, 0xbf, 0xff, 0xdf, 0xf7,
    0xde, 0xf7, 0xbf, 0xff, 0xdf, 0xff, 0xbe, 0xf7, 0xbf, 0xff, 0xbf, 0xff,
    0xde, 0xf7, 0xbe, 0xff, 0xde, 0xf7, 0xdf, 0xf7, 0xbf, 0xff, 0xbe, 0xf7,
    0xbf, 0xf7, 0xbf, 0xf7, 0xbe, 0xff, 0xdf, 0xf7, 0xbf, 0xff, 0xbf, 0xff,
    0x28, 0x42, 0x41, 0x08, 0x21, 0x08, 0x41, 0x00, 0x41, 0x08, 0x41, 0x08,
    0x21, 0x00, 0x42, 0x08, 0x41, 0x08, 0x41, 0x00, 0x42, 0x08, 0x21, 0x08,
    0x41, 0x00, 0x41, 0x08, 0x21, 0x08, 0x41, 0x08, 0x42, 0x08, 0x21, 0x00,
    0x41, 0x08, 0x41, 0x00, 0x41, 0x00, 0x41, 0x08, 0x41, 0x08, 0x21, 0x00,
    0x41, 0x08, 0x41, 0x08, 0x21, 0x00, 0x41, 0x08, 0xdf, 0xf7, 0xde, 0xff,
    0xbf, 0xff, 0xbe, 0xf7, 0xbf, 0xff, 0xbf, 0xff, 0xde, 0xf7, 0xbf, 0xff,
    0xbf, 0xf7, 0xde, 0xf7, 0xbf, 0xff, 0xde, 0xf7, 0xf0, 0x83, 0x41, 0x08,
    0x41, 0x00, 0x41, 0x08, 0x21, 0x00, 0x42, 0x08, 0x41, 0x00, 0x41, 0x00,
    0x22, 0x08, 0x41, 0x08, 0x41, 0x08, 0x21, 0x00, 0x41, 0x08, 0x41, 0x08,
    0x41, 0x08, 0x41, 0x08, 0x21, 0x08, 0x41, 0x00, 0x42, 0x08, 0x41, 0x00,
    0x21, 0x00, 0x41, 0x08, 0x41, 0x08, 0x21, 0x00, 0x42, 0x08, 0x21, 0x08,
    0x41, 0x08, 0x41, 0x08, 0xd7, 0xbd, 0xdf, 0xf7, 0xdf, 0xff, 0xbe, 0xff,
    0xbf, 0xf7, 0xdf, 0xff, 0xbe, 0xf7, 0xbe, 0xff, 0xbf, 0xff, 0xbe, 0xff,
    0xbf, 0xff, 0xdf, 0xf7, 0xd7, 0xbd, 0x41, 0x08, 0x21, 0x00, 0x41, 0x08,
    0x41, 0x08, 0x21, 0x00, 0x41, 0x08, 0x42, 0x08, 0x41, 0x08, 0x41, 0x00,
    0x42, 0x08, 0x41, 0x08, 0x41, 0x00, 0x41, 0x08, 0x41, 0x08, 0x21, 0x00,
    0x41, 0x08, 0x41, 0x08, 0x22, 0x00, 0x41, 0x08, 0x41, 0x08, 0x22, 0x08,
    0x41, 0x08, 0x41, 0x00, 0x42, 0x08, 0x41, 0x08, 0x21, 0x00, 0x21, 0x08,
    0x10, 0x7c, 0xdf, 0xf7, 0xbe, 0xff, 0xbf, 0xff, 0xdf, 0xf7, 0xbf, 0xff,
    0xdf, 0xff, 0xbf, 0xf7, 0xbe, 0xff, 0xdf, 0xff, 0xbf, 0xf7, 0xbe, 0xff,
    0xbe, 0xf7, 0xdf, 0xff, 0xbf, 0xff, 0xbe, 0xf7, 0xbf, 0xff, 0xde, 0xff,
    0xbf, 0xf7, 0xbe, 0xf7, 0xdf, 0xff, 0xbf, 0xf7, 0xbf, 0xff, 0x28, 0x42,
    0x41, 0x08, 0x21, 0x08, 0x41, 0x08, 0x41, 0x08, 0x21, 0x08, 0x41, 0x08,
    0x41, 0x08, 0xbf, 0xff, 0xde, 0xf7, 0xbf, 0xff, 0xbf, 0xf7, 0xbe, 0xff,
    0xdf, 0xff, 0xbf, 0xf7, 0xbf, 0xff, 0xbe, 0xff, 0xbf, 0xf7, 0xbf, 0xff,
    0xbe, 0xf7, 0xde, 0xff, 0xbf, 0xf7, 0xbf, 0xff, 0xde, 0xff, 0xbf, 0xff,
    0xbf, 0xff, 0xde, 0xf7, 0xdf, 0xff, 0xbf, 0xff, 0xbe, 0xf7, 0xde, 0xf7,
    0x10, 0x84, 0x21, 0x00, 0x41, 0x08, 0x21, 0x00, 0x21, 0x08, 0x41, 0x08,
    0x41, 0x08, 0x41, 0x08, 0x41, 0x00, 0x21, 0x08, 0x41, 0x08, 0x41, 0x00,
    0x21, 0x08, 0x41, 0x08, 0x41, 0x00, 0x41, 0x08, 0x41, 0x08, 0x21, 0x08,
    0x42, 0x08, 0x41, 0x08, 0x41, 0x08, 0x21, 0x00, 0x41, 0x08, 0x21, 0x08,
    0x42, 0x08, 0x41, 0x00, 0x41, 0x08, 0x41, 0x08, 0xf7, 0xbd, 0xbf, 0xff,
    0xbf, 0xff, 0xbf, 0xff, 0xbe, 0xf7, 0xbf, 0xff, 0xbf, 0xff, 0xbe, 0xf7,
    0xbf, 0xff, 0xdf, 0xff, 0xbe, 0xff, 0xbf, 0xf7, 0xf7, 0xbd, 0x41, 0x08,
    0x41, 0x08, 0x41, 0x08, 0x21, 0x00, 0x42, 0x08, 0x41, 0x08, 0x41, 0x08,
    0x41, 0x08, 0x21, 0x08, 0x41, 0x08, 0x41, 0x08, 0x21, 0x00, 0x41, 0x08,
    0x41, 0x08, 0x41, 0x00, 0x21, 0x08, 0x41, 0x08, 0x41, 0x00, 0x41, 0x08,
    0x41, 0x08, 0x21, 0x00, 0x41, 0x08, 0x41, 0x08, 0x21, 0x00, 0x41, 0x08,
    0x41, 0x08, 0x21, 0x00, 0x10, 0x84, 0xbf, 0xff, 0xbe, 0xff, 0xbf, 0xf7,
    0xbf, 0xff, 0xbe, 0xf7, 0xbf, 0xff, 0xbf, 0xff, 0xbe, 0xf7, 0xdf, 0xff,
    0xbf, 0xf7, 0xbe, 0xff, 0xbf, 0xff, 0xde, 0xf7, 0xbf, 0xff, 0xbf, 0xf7,
    0xbf, 0xff, 0xbe, 0xff, 0xdf, 0xf7, 0xbf, 0xff, 0xde, 0xf7, 0xdf, 0xff,
    0xbf, 0xff, 0x28, 0x42, 0x41, 0x08, 0x41, 0x08, 0x21, 0x08, 0x41, 0x08,
    0x21, 0x00, 0x28, 0x42, 0xbf, 0xff, 0xbf, 0xff, 0xbf, 0xf7, 0xbe, 0xff,
    0xdf, 0xf7, 0xbe, 0xf7, 0xbf, 0xff, 0xbf, 0xff, 0xde, 0xf7, 0xbf, 0xff,
    0xbf, 0xff, 0xbf, 0xf7, 0xbf, 0xff, 0xbe, 0xff, 0xbf, 0xff, 0xbe, 0xff,
    0xdf, 0xff, 0xbe, 0xf7, 0xbf, 0xff, 0xbe, 0xff, 0xbe, 0xf7, 0xdf, 0xf7,
    0xbf, 0xff, 0x28, 0x42, 0x41, 0x08, 0x21, 0x00, 0x21, 0x08, 0x41, 0x08,
    0x41, 0x08, 0x21, 0x00, 0x41, 0x08, 0x41, 0x08, 0x41, 0x00, 0x41, 0x08,
    0x41, 0x08, 0x21, 0x08, 0x41, 0x00, 0x41, 0x08, 0x41, 0x08, 0x41, 0x00,
    0x21, 0x08, 0x42, 0x08, 0x41, 0x08, 0x21, 0x08, 0x41, 0x08, 0x41, 0x08,
    0x21, 0x00, 0x21, 0x08, 0x41, 0x08, 0x21, 0x00, 0x41, 0x08, 0xdf, 0xf7,
    0xbf, 0xf7, 0xbe, 0xff, 0xdf, 0xff, 0xbe, 0xf7, 0xbf, 0xff, 0xde, 0xff,
    0xbf, 0xf7, 0xbf, 0xff, 0xbe, 0xff, 0xbf, 0xff, 0xdf, 0xf7, 0x10, 0x84,
    0x41, 0x08, 0x41, 0x08, 0x21, 0x00, 0x41, 0x08, 0x41, 0x08, 0x41, 0x08,
    0x41, 0x08, 0x41, 0x08, 0x41, 0x00, 0x41, 0x08, 0x41, 0x08, 0x21, 0x00,
    0x41, 0x08, 0x41, 0x08, 0x21, 0x00, 0x41, 0x08, 0x41, 0x08, 0x41, 0x08,
    0x21, 0x08, 0x41, 0x08, 0x42, 0x08, 0x41, 0x00, 0x21, 0x00, 0x41, 0x08,
    0x41, 0x08, 0x41, 0x08, 0x41, 0x08, 0xd7, 0xbd, 0xbf, 0xf7, 0xbf, 0xff,
    0xbe, 0xff, 0xbf, 0xf7, 0xbf, 0xff, 0xde, 0xf7, 0xbf, 0xf7, 0xbf, 0xff,
    0xde, 0xf7, 0xbf, 0xff, 0xde, 0xf7, 0xf7, 0xbd, 0x21, 0x08, 0x41, 0x08,
    0x21, 0x00, 0x41, 0x08, 0x21, 0x08, 0x21, 0x00, 0x41, 0x08, 0x41, 0x08,
    0x21, 0x08, 0x41, 0x08, 0x41, 0x08, 0x21, 0x08, 0x42, 0x08, 0x41, 0x08,
    0x41, 0x08, 0x21, 0x08, 0x41, 0x08, 0x41, 0x08, 0x41, 0x00, 0x41, 0x08,
    0x41, 0x08, 0x21, 0x08, 0x41, 0x08, 0x41, 0x08, 0x41, 0x08, 0x21, 0x08,
    0x41, 0x08, 0x10, 0x84, 0xbf, 0xf7, 0xbe, 0xff, 0xbe, 0xf7, 0xbf, 0xff,
    0xde, 0xff, 0xbf, 0xf7, 0xbf, 0xff, 0xde, 0xff, 0xbf, 0xf7, 0xbf, 0xff,
    0xbe, 0xff, 0xbf, 0xf7, 0xbf, 0xff, 0xbe, 0xf7, 0xbf, 0xff, 0xdf, 0xff,
    0xbe, 0xf7, 0xbf, 0xff, 0xde, 0xff, 0xbe, 0xf7, 0xdf, 0xff, 0xbf, 0xf7,
    0x28, 0x42, 0x41, 0x08, 0x21, 0x00, 0x41, 0x08, 0x21, 0x08, 0x41, 0x00,
    0x41, 0x08, 0x41, 0x08, 0xbf, 0xf7, 0xdf, 0xff, 0xde, 0xf7, 0xbf, 0xff,
    0xbe, 0xf7, 0xde, 0xf7, 0xdf, 0xff, 0xbe, 0xff, 0xbf, 0xf7, 0xdf, 0xff,
    0xbe, 0xff, 0xbf, 0xf7, 0xbf, 0xff, 0xbe, 0xff, 0xbf, 0xf7, 0xbf, 0xf7,
    0xbf, 0xff, 0xbf, 0xff, 0xbe, 0xff, 0xbf, 0xf7, 0xbe, 0xff, 0xdf, 0xff,
    0xbf, 0xff, 0xf0, 0x83, 0x41, 0x08, 0x41, 0x08, 0x41, 0x00, 0x21, 0x08,
    0x41, 0x08, 0x41, 0x00, 0x41, 0x08, 0x41, 0x08, 0x41, 0x00, 0x22, 0x08,
    0x41, 0x08, 0x41, 0x08, 0x22, 0x08, 0x41, 0x08, 0x41, 0x00, 0x21, 0x08,
    0x41, 0x08, 0x41, 0x00, 0x21, 0x08, 0x42, 0x08, 0x41, 0x00, 0x41, 0x08,
    0x41, 0x08, 0x41, 0x00, 0x21, 0x00, 0x42, 0x08, 0x41, 0x08, 0xf7, 0xbd,
    0xbf, 0xf7, 0xdf, 0xf7, 0xbe, 0xff, 0xdf, 0xff, 0xbe, 0xf7, 0xbf, 0xff,
    0xbe, 0xff, 0xbf, 0xf7, 0xbf, 0xf7, 0xdf, 0xff, 0xbf, 0xff, 0xd7, 0xbd,
    0x21, 0x00, 0x41, 0x08, 0x41, 0x08, 0x21, 0x00, 0x41, 0x08, 0x41, 0x08,
    0x42, 0x00, 0x41, 0x08, 0x41, 0x00, 0x41, 0x08, 0x41, 0x08, 0x42, 0x08,
    0x21, 0x08, 0x41, 0x08, 0x42, 0x00, 0x41, 0x08, 0x21, 0x08, 0x42, 0x08,
    0x41, 0x08, 0x41, 0x08, 0x42, 0x08, 0x41, 0x00, 0x41, 0x08, 0x21, 0x08,
    0x41, 0x08, 0x41, 0x00, 0x21, 0x08, 0x10, 0x84, 0xdf, 0xf7, 0xde, 0xf7,
    0xbf, 0xff, 0xdf, 0xff, 0xde, 0xf7, 0xbf, 0xff, 0xbe, 0xff, 0xbf, 0xf7,
    0xde, 0xff, 0xbf, 0xff, 0xbf, 0xf7, 0xbe, 0xff, 0xbf, 0xff, 0xde, 0xf7,
    0xbf, 0xff, 0xbf, 0xf7, 0xde, 0xff, 0xbf, 0xff, 0xbf, 0xf7, 0xdf, 0xff,
    0xbe, 0xff, 0xbf, 0xf7, 0x29, 0x42, 0x41, 0x08, 0x41, 0x08, 0x41, 0x00,
    0x41, 0x08, 0x21, 0x08, 0x28, 0x42, 0xdf, 0xff, 0xdf, 0xf7, 0xbf, 0xff,
    0xdf, 0xff, 0xde, 0xf7, 0xbf, 0xff, 0xbf, 0xff, 0xbe, 0xf7, 0xbf, 0xff,
    0xde, 0xff, 0xbe, 0xf7, 0xbf, 0xff, 0xdf, 0xff, 0xbf, 0xf7, 0xbe, 0xf7,
    0xbf, 0xff, 0xdf, 0xff, 0xbe, 0xff, 0xdf, 0xff, 0xbf, 0xff, 0xbe, 0xf7,
    0xbf, 0xff, 0xdf, 0xf7, 0x28, 0x42, 0x41, 0x08, 0x21, 0x08, 0x41, 0x00,
    0x41, 0x08, 0x42, 0x08, 0x21, 0x00, 0x41, 0x08, 0x21, 0x08, 0x21, 0x08,
    0x41, 0x08, 0x41, 0x08, 0x42, 0x08, 0x21, 0x08, 0x41, 0x00, 0x42, 0x08,
    0x21, 0x08, 0x41, 0x08, 0x41, 0x08, 0x21, 0x00, 0x42, 0x08, 0x41, 0x08,
    0x41, 0x00, 0x21, 0x08, 0x41, 0x00, 0x41, 0x08, 0x21, 0x08, 0x41, 0x08,
    0xbf, 0xf7, 0xdf, 0xff, 0xbe, 0xff, 0xbf, 0xf7, 0xdf, 0xff, 0xbe, 0xf7,
    0xbf, 0xff, 0xbe, 0xff, 0xdf, 0xf7, 0xbf, 0xff, 0xbe, 0xff, 0xdf, 0xf7,
    0xf0, 0x7b, 0x41, 0x08, 0x41, 0x08, 0x21, 0x08, 0x21, 0x00, 0x41, 0x08,
    0x21, 0x08, 0x21, 0x08, 0x41, 0x08, 0x41, 0x00, 0x22, 0x08, 0x41, 0x08,
    0x41, 0x08, 0x42, 0x08, 0x21, 0x00, 0x41, 0x08, 0x42, 0x08, 0x41, 0x08,
    0x21, 0x00, 0x41, 0x08, 0x41, 0x08, 0x41, 0x08, 0x41, 0x08, 0x21, 0x08,
    0x41, 0x08, 0x21, 0x00, 0x41, 0x00, 0x41, 0x08, 0xd7, 0xbd, 0xdf, 0xff,
    0xbf, 0xf7, 0xbe, 0xff, 0xdf, 0xff, 0xbf, 0xff, 0xbe, 0xff, 0xbf, 0xff,
    0xdf, 0xf7, 0xbf, 0xff, 0xbe, 0xff, 0xbf, 0xf7, 0xf7, 0xbd, 0x21, 0x08,
    0x21, 0x00, 0x41, 0x08, 0x41, 0x08, 0x21, 0x00, 0x41, 0x08, 0x41, 0x08,
    0x41, 0x00, 0x21, 0x08, 0x41, 0x00, 0x41, 0x08, 0x21, 0x00, 0x41, 0x08,
    0x41, 0x00, 0x41, 0x08, 0x42, 0x00, 0x21, 0x08, 0x41, 0x08, 0x21, 0x00,
    0x41, 0x08, 0x41, 0x00, 0x41, 0x00, 0x21, 0x08, 0x41, 0x08, 0x41, 0x00,
    0x21, 0x00, 0x21, 0x08, 0x10, 0x84, 0xdf, 0xf7, 0xbf, 0xff, 0xbf, 0xff,
    0xbe, 0xf7, 0xbe, 0xff, 0xbf, 0xf7, 0xbe, 0xff, 0xbf, 0xff, 0xbe, 0xf7,
    0xdf, 0xff, 0xbf, 0xff, 0xde, 0xf7, 0xbf, 0xff, 0xbe, 0xff, 0xdf, 0xf7,
    0xbf, 0xff, 0xbf, 0xf7, 0xbf, 0xff, 0xbf, 0xff, 0xbe, 0xff, 0xdf, 0xf7,
    0xdf, 0xff, 0x28, 0x42, 0x41, 0x08, 0x21, 0x00, 0x41, 0x08, 0x41, 0x08,
    0x41, 0x08, 0x41, 0x00, 0x41, 0x08, 0xbf, 0xf7, 0xbf, 0xff, 0xbe, 0xff,
    0xbf, 0xff, 0xbf, 0xff, 0xdf, 0xf7, 0xde, 0xf7, 0xbf, 0xff, 0xbf, 0xf7,
    0xbe, 0xff, 0xdf, 0xff, 0xbf, 0xf7, 0xbf, 0xff, 0xde, 0xff, 0xde, 0xf7,
    0xbf, 0xff, 0xde, 0xf7, 0xbe, 0xf7, 0xbf, 0xff, 0xdf, 0xff, 0xdf, 0xff,
    0xbe, 0xf7, 0xbf, 0xff, 0x10, 0x7c, 0x21, 0x08, 0x41, 0x08, 0x21, 0x00,
    0x41, 0x08, 0x41, 0x08, 0x22, 0x00, 0x41, 0x08, 0x41, 0x08, 0x21, 0x08,
    0x41, 0x00, 0x41, 0x08, 0x41, 0x00, 0x41, 0x08, 0x21, 0x08, 0x42, 0x08,
    0x41, 0x00, 0x41, 0x08, 0x41, 0x08, 0x41, 0x00, 0x21, 0x08, 0x41, 0x08,
    0x42, 0x08, 0x41, 0x00, 0x41, 0x08, 0x21, 0x08, 0x41, 0x08, 0x41, 0x08,
    0xf7, 0xbd, 0xbf, 0xff, 0xdf, 0xf7, 0xbe, 0xff, 0xbf, 0xff, 0xdf, 0xf7,
    0xbe, 0xff, 0xdf, 0xff, 0xbe, 0xf7, 0xbe, 0xff, 0xbf, 0xff, 0xde, 0xf7,
    0xf7, 0xbd, 0x21, 0x00, 0x41, 0x08, 0x41, 0x08, 0x21, 0x00, 0x41, 0x08,
    0x21, 0x08, 0x21, 0x08, 0x41, 0x00, 0x22, 0x08, 0x41, 0x08, 0x41, 0x00,
    0x21, 0x08, 0x41, 0x08, 0x41, 0x00, 0x41, 0x08, 0x41, 0x08, 0x21, 0x08,
    0x41, 0x00, 0x21, 0x08, 0x21, 0x08, 0x41, 0x08, 0x41, 0x08, 0x41, 0x00,
    0x21, 0x08, 0x41, 0x08, 0x21, 0x00, 0x21, 0x08, 0x10, 0x7c, 0xbf, 0xf7,
    0xbf, 0xff, 0xbe, 0xff, 0xbf, 0xf7, 0xbf, 0xff, 0xde, 0xf7, 0xbf, 0xff,
    0xbf, 0xff, 0xbe, 0xf7, 0xdf, 0xff, 0xbf, 0xf7, 0xbe, 0xff, 0xdf, 0xff,
    0xbf, 0xf7, 0xbe, 0xff, 0xdf, 0xff, 0xbf, 0xf7, 0xdf, 0xff, 0xbe, 0xff,
    0xdf, 0xf7, 0xdf, 0xff, 0xde, 0xf7, 0x28, 0x42, 0x21, 0x08, 0x41, 0x08,
    0x21, 0x00, 0x41, 0x08, 0x41, 0x08, 0x28, 0x42, 0xbf, 0xf7, 0xdf, 0xff,
    0xbe, 0xff, 0xbf, 0xf7, 0xdf, 0xff, 0xde, 0xf7, 0xbf, 0xff, 0xbf, 0xf7,
    0xbe, 0xff, 0xdf, 0xf7, 0xbf, 0xff, 0xbe, 0xff, 0xde, 0xf7, 0xbf, 0xff,
    0xbf, 0xff, 0xde, 0xf7, 0xbf, 0xf7, 0xbf, 0xf7, 0xbe, 0xff, 0xdf, 0xf7,
    0xbf, 0xff, 0xbe, 0xff, 0xdf, 0xf7, 0x28, 0x42, 0x41, 0x08, 0x21, 0x08,
    0x21, 0x00, 0x41, 0x08, 0x41, 0x08, 0x21, 0x00, 0x41, 0x08, 0x42, 0x08,
    0x41, 0x00, 0x41, 0x08, 0x21, 0x00, 0x41, 0x08, 0x41, 0x08, 0x41, 0x08,
    0x21, 0x00, 0x41, 0x08, 0x41, 0x08, 0x41, 0x00, 0x41, 0x08, 0x21, 0x08,
    0x41, 0x00, 0x41, 0x08, 0x21, 0x08, 0x41, 0x00, 0x41, 0x08, 0x21, 0x08,
    0x41, 0x08, 0xdf, 0xf7, 0xbe, 0xf7, 0xbf, 0xff, 0xbf, 0xff, 0xbe, 0xf7,
    0xbf, 0xff, 0xbf, 0xff, 0xde, 0xf7, 0xbf, 0xff, 0xbf, 0xf7, 0xbe, 0xff,
    0xdf, 0xf7, 0xf0, 0x83, 0x41, 0x08, 0x41, 0x08, 0x21, 0x00, 0x21, 0x08,
    0x41, 0x08, 0x42, 0x00, 0x41, 0x08, 0x41, 0x08, 0x21, 0x08, 0x41, 0x08,
    0x41, 0x00, 0x41, 0x08, 0x21, 0x08, 0x41, 0x08, 0x41, 0x00, 0x41, 0x08,
    0x21, 0x08, 0x41, 0x00, 0x42, 0x08, 0x21, 0x08, 0x41, 0x00, 0x41, 0x08,
    0x21, 0x00, 0x41, 0x08, 0x21, 0x08, 0x42, 0x08, 0x41, 0x08, 0xd7, 0xbd,
    0xdf, 0xff, 0xbf, 0xf7, 0xbe, 0xf7, 0xdf, 0xff, 0xbf, 0xf7, 0xbe, 0xff,
    0xbf, 0xff, 0xbe, 0xf7, 0xbf, 0xff, 0xbf, 0xff, 0xdf, 0xf7, 0xf7, 0xbd,
    0x21, 0x08, 0x41, 0x00, 0x41, 0x08, 0x41, 0x08, 0x21, 0x00, 0x21, 0x08,
    0x41, 0x08, 0x42, 0x08, 0x41, 0x00, 0x41, 0x08, 0x42, 0x08, 0x41, 0x08,
    0x21, 0x00, 0x41, 0x08, 0x41, 0x08, 0x21, 0x00, 0x41, 0x08, 0x41, 0x08,
    0x42, 0x08, 0x21, 0x08, 0x41, 0x08, 0x42, 0x08, 0x41, 0x08, 0x21, 0x08,
    0x42, 0x08, 0x21, 0x00, 0x41, 0x00, 0x10, 0x84, 0xbe, 0xf7, 0xbf, 0xff,
    0xdf, 0xff, 0xdf, 0xf7, 0xbf, 0xff, 0xde, 0xff, 0xbf, 0xf7, 0xbf, 0xff,
    0xde, 0xf7, 0xbf, 0xff, 0xbf, 0xff, 0xbe, 0xf7, 0xdf, 0xff, 0xbf, 0xff,
    0xbe, 0xf7, 0xbe, 0xff, 0xdf, 0xff, 0xbe, 0xf7, 0xbf, 0xf7, 0xbf, 0xff,
    0xde, 0xf7, 0xbf, 0xf7, 0x28, 0x42, 0x41, 0x08, 0x21, 0x08, 0x41, 0x08,
    0x41, 0x08, 0x41, 0x08, 0x21, 0x08, 0x41, 0x08, 0xbf, 0xf7, 0xde, 0xf7,
    0xdf, 0xf7, 0xbf, 0xff, 0xbe, 0xff, 0xdf, 0xf7, 0xbf, 0xff, 0xbe, 0xff,
    0xbf, 0xf7, 0xbe, 0xff, 0xbe, 0xf7, 0xdf, 0xff, 0xbf, 0xff, 0xbf, 0xf7,
    0xbf, 0xff, 0xbe, 0xff, 0xbf, 0xff, 0xdf, 0xf7, 0xbe, 0xff, 0xbf, 0xff,
    0xbf, 0xf7, 0xdf, 0xff, 0xdf, 0xff, 0xf0, 0x7b, 0x41, 0x08, 0x41, 0x08,
    0x21, 0x00, 0x21, 0x08, 0x41, 0x08, 0x41, 0x08, 0x21, 0x08, 0x41, 0x08,
    0x42, 0x08, 0x41, 0x08, 0x21, 0x08, 0x41, 0x08, 0x41, 0x00, 0x41, 0x08,
    0x21, 0x08, 0x41, 0x08, 0x41, 0x08, 0x22, 0x08, 0x41, 0x08, 0x41, 0x00,
    0x21, 0x08, 0x41, 0x08, 0x41, 0x08, 0x21, 0x08, 0x21, 0x08, 0x41, 0x08,
    0x41, 0x00, 0xf7, 0xbd, 0xbf, 0xff, 0xdf, 0xf7, 0xdf, 0xff, 0xbe, 0xff,
    0xbf, 0xf7, 0xbf, 0xff, 0xdf, 0xf7, 0xbf, 0xff, 0xbe, 0xff, 0xbf, 0xf7,
    0xbf, 0xff, 0xf7, 0xbd, 0x21, 0x08, 0x41, 0x08, 0x41, 0x08, 0x21, 0x00,
    0x42, 0x08, 0x41, 0x08, 0x41, 0x08, 0x41, 0x08, 0x21, 0x08, 0x41, 0x08,
    0x41, 0x00, 0x41, 0x08, 0x41, 0x08, 0x21, 0x08, 0x41, 0x08, 0x41, 0x08,
    0x41, 0x00, 0x41, 0x08, 0x41, 0x00, 0x41, 0x08, 0x21, 0x00, 0x41, 0x08,
    0x42, 0x08, 0x21, 0x00, 0x41, 0x08, 0x41, 0x08, 0x21, 0x00, 0x10, 0x84,
    0xdf, 0xff, 0xbe, 0xff, 0xbf, 0xf7, 0xbe, 0xff, 0xbf, 0xff, 0xbf, 0xf7,
    0xde, 0xff, 0xbf, 0xff, 0xbf, 0xf7, 0xbe, 0xff, 0xdf, 0xff, 0xbf, 0xf7,
    0xbe, 0xff, 0xbf, 0xf7, 0xbe, 0xff, 0xbe, 0xff, 0xbf, 0xf7, 0xbe, 0xff,
    0xbe, 0xff, 0xbf, 0xff, 0xbf, 0xf7, 0xdf, 0xff, 0x28, 0x42, 0x21, 0x08,
    0x41, 0x08, 0x42, 0x00, 0x41, 0x08, 0x21, 0x08, 0x28, 0x42, 0xdf, 0xff,
    0xbf, 0xf7, 0xbe, 0xff, 0xbf, 0xff, 0xdf, 0xf7, 0xbe, 0xff, 0xbf, 0xff,
    0xdf, 0xff, 0xbe, 0xf7, 0xbf, 0xff, 0xbf, 0xff, 0xbe, 0xf7, 0xbf, 0xff,
    0xbf, 0xff, 0xbe, 0xff, 0xbf, 0xff, 0xbf, 0xf7, 0xbe, 0xff, 0xbf, 0xff,
    0xdf, 0xf7, 0xbe, 0xff, 0xbf, 0xff, 0xbf, 0xf7, 0x28, 0x42, 0x41, 0x08,
    0x21, 0x00, 0x21, 0x08, 0x41, 0x08, 0x41, 0x08, 0x21, 0x00, 0x41, 0x08,
    0x41, 0x08, 0x41, 0x08, 0x41, 0x08, 0x22, 0x00, 0x41, 0x08, 0x41, 0x08,
    0x41, 0x08, 0x41, 0x08, 0x41, 0x00, 0x21, 0x08, 0x42, 0x08, 0x41, 0x08,
    0x41, 0x08, 0x21, 0x08, 0x42, 0x08, 0x21, 0x00, 0x21, 0x08, 0x41, 0x08,
    0x21, 0x00, 0x41, 0x08, 0xdf, 0xf7, 0xbf, 0xff, 0xbe, 0xff, 0xdf, 0xf7,
    0xbf, 0xff, 0xbe, 0xff, 0xdf, 0xf7, 0xbf, 0xff, 0xbe, 0xff, 0xbf, 0xff,
    0xdf, 0xf7, 0xbe, 0xff, 0xf0, 0x83, 0x41, 0x08, 0x41, 0x00, 0x21, 0x08,
    0x41, 0x08, 0x41, 0x00, 0x41, 0x08, 0x41, 0x08, 0x41, 0x00, 0x42, 0x08,
    0x41, 0x08, 0x21, 0x00, 0x41, 0x08, 0x41, 0x08, 0x41, 0x08, 0x41, 0x08,
    0x21, 0x00, 0x41, 0x08, 0x41, 0x08, 0x41, 0x08, 0x21, 0x00, 0x41, 0x08,
    0x42, 0x08, 0x21, 0x00, 0x41, 0x08, 0x21, 0x00, 0x41, 0x08, 0x41, 0x08,
    0xd7, 0xbd, 0xdf, 0xf7, 0xdf, 0xff, 0xbe, 0xff, 0xbf, 0xf7, 0xbe, 0xf7,
    0xdf, 0xff, 0xdf, 0xf7, 0xbe, 0xff, 0xbe, 0xf7, 0xbf, 0xff, 0xde, 0xf7,
    0xd7, 0xbd, 0x21, 0x08, 0x41, 0x08, 0x21, 0x00, 0x41, 0x08, 0x41, 0x08,
    0x21, 0x00, 0x41, 0x08, 0x41, 0x08, 0x21, 0x08, 0x41, 0x08, 0x41, 0x08,
    0x21, 0x08, 0x41, 0x08, 0x42, 0x08, 0x21, 0x08, 0x41, 0x08, 0x41, 0x08,
    0x41, 0x00, 0x41, 0x08, 0x41, 0x08, 0x21, 0x08, 0x41, 0x00, 0x41, 0x08,
    0x41, 0x08, 0x41, 0x08, 0x21, 0x08, 0x41, 0x08, 0x10, 0x7c, 0xbe, 0xf7,
    0xbe, 0xff, 0xbf, 0xf7, 0xbe, 0xff, 0xbf, 0xff, 0xbf, 0xf7, 0xde, 0xff,
    0xbf, 0xff, 0xbf, 0xf7, 0xbe, 0xff, 0xbf, 0xf7, 0xbf, 0xff, 0xde, 0xf7,
    0xbf, 0xff, 0xbf, 0xff, 0xde, 0xf7, 0xbf, 0xff, 0xbe, 0xff, 0xdf, 0xff,
    0xbf, 0xff, 0xbe, 0xf7, 0xbf, 0xff, 0x28, 0x42, 0x41, 0x08, 0x21, 0x00,
    0x41, 0x08, 0x41, 0x08, 0x41, 0x00, 0x41, 0x08, 0x41, 0x08, 0xbf, 0xf7,
    0xdf, 0xff, 0xbe, 0xff, 0xbf, 0xf7, 0xbe, 0xff, 0xdf, 0xf7, 0xdf, 0xf7,
    0xbe, 0xff, 0xdf, 0xff, 0xbf, 0xf7, 0xbe, 0xff, 0xbf, 0xff, 0xbe, 0xf7,
    0xbe, 0xff, 0xdf, 0xf7, 0xbf, 0xff, 0xbf, 0xff, 0xbf, 0xf7, 0xde, 0xff,
    0xdf, 0xff, 0xbf, 0xff, 0xbe, 0xf7, 0xde, 0xf7, 0xf0, 0x83, 0x21, 0x08,
    0x41, 0x08, 0x41, 0x00, 0x21, 0x00, 0x41, 0x08, 0x41, 0x08, 0x41, 0x00,
    0x41, 0x00, 0x41, 0x08, 0x21, 0x08, 0x41, 0x00, 0x42, 0x08, 0x21, 0x08,
    0x41, 0x00, 0x41, 0x08, 0x21, 0x00, 0x41, 0x08, 0x41, 0x08, 0x41, 0x00,
    0x41, 0x08, 0x41, 0x08, 0x21, 0x00, 0x41, 0x08, 0x42, 0x08, 0x41, 0x00,
    0x41, 0x08, 0x21, 0x08, 0xf7, 0xbd, 0xbf, 0xf7, 0xbf, 0xff, 0xdf, 0xff,
    0xbe, 0xf7, 0xbe, 0xff, 0xbf, 0xff, 0xbe, 0xf7, 0xdf, 0xff, 0xbf, 0xf7,
    0xde, 0xff, 0xbf, 0xff, 0xf7, 0xbd, 0x21, 0x00, 0x41, 0x08, 0x41, 0x08,
    0x21, 0x00, 0x41, 0x08, 0x41, 0x08, 0x41, 0x00, 0x41, 0x08, 0x41, 0x08,
    0x21, 0x00, 0x42, 0x08, 0x41, 0x08, 0x21, 0x00, 0x42, 0x08, 0x21, 0x08,
    0x41, 0x00, 0x42, 0x08, 0x21, 0x08, 0x41, 0x08, 0x42, 0x08, 0x41, 0x08,
    0x41, 0x08, 0x21, 0x08, 0x21, 0x00, 0x41, 0x08, 0x41, 0x08, 0x21, 0x00,
    0xf0, 0x83, 0xdf, 0xf7, 0xbf, 0xff, 0xbe, 0xf7, 0xdf, 0xff, 0xbf, 0xff,
    0xbe, 0xf7, 0xbf, 0xff, 0xde, 0xf7, 0xbf, 0xff, 0xbe, 0xff, 0xbf, 0xf7,
    0xde, 0xff, 0xbf, 0xff, 0xbf, 0xf7, 0xdf, 0xff, 0xbf, 0xf7, 0xbf, 0xff,
    0xdf, 0xff, 0xbf, 0xf7, 0xde, 0xf7, 0xdf, 0xff, 0xbf, 0xf7, 0x28, 0x42,
    0x41, 0x08, 0x41, 0x08, 0x21, 0x00, 0x41, 0x08, 0x21, 0x08, 0x28, 0x42,
    0xbf, 0xf7, 0xdf, 0xff, 0xbe, 0xff, 0xbf, 0xf7, 0xde, 0xf7, 0xdf, 0xf7,
    0xbe, 0xff, 0xbf, 0xff, 0xde, 0xf7, 0xbf, 0xff, 0xbf, 0xf7, 0xde, 0xf7,
    0xbf, 0xff, 0xdf, 0xf7, 0xde, 0xf7, 0xbf, 0xff, 0xde, 0xff, 0xbf, 0xff,
    0xbf, 0xf7, 0xbe, 0xff, 0xdf, 0xff, 0xbf, 0xf7, 0xde, 0xff, 0x28, 0x42,
    0x41, 0x08, 0x21, 0x08, 0x41, 0x00, 0x41, 0x08, 0x41, 0x08, 0x21, 0x00,
    0x41, 0x08, 0x41, 0x08, 0x21, 0x08, 0x41, 0x08, 0x41, 0x08, 0x21, 0x00,
    0x41, 0x08, 0x22, 0x00, 0x41, 0x08, 0x41, 0x08, 0x21, 0x08, 0x41, 0x00,
    0x41, 0x08, 0x41, 0x00, 0x41, 0x08, 0x41, 0x08, 0x21, 0x00, 0x41, 0x08,
    0x41, 0x08, 0x21, 0x00, 0x41, 0x08, 0xdf, 0xf7, 0xbf, 0xff, 0xbe, 0xff,
    0xdf, 0xf7, 0xbf, 0xff, 0xbe, 0xf7, 0xdf, 0xff, 0xbf, 0xf7, 0xbe, 0xff,
    0xdf, 0xf7, 0xbf, 0xff, 0xde, 0xf7, 0x10, 0x7c, 0x41, 0x08, 0x41, 0x08,
    0x21, 0x00, 0x21, 0x08, 0x41, 0x08, 0x41, 0x08, 0x21, 0x08, 0x21, 0x00,
    0x41, 0x08, 0x41, 0x08, 0x21, 0x08, 0x42, 0x00, 0x41, 0x08, 0x21, 0x08,
    0x42, 0x00, 0x41, 0x08, 0x41, 0x08, 0x42, 0x08, 0x41, 0x08, 0x41, 0x08,
    0x41, 0x08, 0x41, 0x08, 0x21, 0x08, 0x41, 0x08, 0x21, 0x00, 0x41, 0x08,
    0x41, 0x08, 0xd7, 0xbd, 0xbf, 0xf7, 0xbf, 0xff, 0xbf, 0xff, 0xbe, 0xff,
    0xbf, 0xff, 0xbf, 0xff, 0xbe, 0xf7, 0xdf, 0xff, 0xbf, 0xff, 0xdf, 0xf7,
    0xdf, 0xff, 0xd7, 0xbd, 0x41, 0x00, 0x21, 0x08, 0x21, 0x00, 0x41, 0x08,
    0x21, 0x08, 0x41, 0x00, 0x41, 0x08, 0x21, 0x08, 0x41, 0x00, 0x41, 0x08,
    0x21, 0x00, 0x41, 0x08, 0x41, 0x08, 0x41, 0x00, 0x41, 0x08, 0x41, 0x08,
    0x22, 0x00, 0x41, 0x08, 0x41, 0x08, 0x21, 0x00, 0x41, 0x08, 0x41, 0x08,
    0x21, 0x00, 0x41, 0x00, 0x41, 0x08, 0x21, 0x00, 0x21, 0x08, 0x10, 0x84,
    0xdf, 0xf7, 0xbf, 0xff, 0xbe, 0xff, 0xdf, 0xf7, 0xbe, 0xff, 0xbf, 0xf7,
    0xbe, 0xff, 0xdf, 0xff, 0xbf, 0xf7, 0xde, 0xff, 0xbe, 0xff, 0xbf, 0xf7,
    0xbe, 0xff, 0xbf, 0xf7, 0xbf, 0xff, 0xbf, 0xf7, 0xbe, 0xf7, 0xbf, 0xff,
    0xdf, 0xff, 0xbe, 0xf7, 0xdf, 0xff, 0xdf, 0xff, 0x28, 0x42, 0x41, 0x08,
    0x21, 0x08, 0x41, 0x08, 0x41, 0x08, 0x42, 0x08, 0x41, 0x08, 0x41, 0x08,
    0xbf, 0xf7, 0xbf, 0xff, 0xbe, 0xff, 0xbf, 0xf7, 0xbf, 0xff, 0xde, 0xff,
    0xbf, 0xf7, 0xbf, 0xff, 0xbe, 0xff, 0xdf, 0xf7, 0xbf, 0xff, 0xdf, 0xf7,
    0xbe, 0xff, 0xbf, 0xff, 0xde, 0xf7, 0xbe, 0xff, 0xbf, 0xf7, 0xbe, 0xff,
    0xbf, 0xf7, 0xbe, 0xf7, 0xbf, 0xff, 0xdf, 0xff, 0xdf, 0xff, 0xf0, 0x7b,
    0x41, 0x08, 0x41, 0x08, 0x21, 0x08, 0x41, 0x00, 0x41, 0x08, 0x42, 0x08,
    0x21, 0x08, 0x41, 0x08, 0x41, 0x08, 0x41, 0x00, 0x41, 0x08, 0x41, 0x08,
    0x21, 0x08, 0x41, 0x08, 0x42, 0x08, 0x41, 0x00, 0x41, 0x08, 0x21, 0x08,
    0x41, 0x08, 0x42, 0x08, 0x21, 0x08, 0x41, 0x08, 0x41, 0x00, 0x41, 0x08,
    0x21, 0x00, 0x42, 0x08, 0x41, 0x08, 0xf7, 0xbd, 0xbf, 0xf7, 0xbe, 0xff,
    0xdf, 0xf7, 0xbf, 0xff, 0xdf, 0xff, 0xbe, 0xf7, 0xbf, 0xff, 0xbf, 0xff,
    0xbe, 0xf7, 0xbf, 0xff, 0xbf, 0xf7, 0xf7, 0xbd, 0x21, 0x08, 0x41, 0x08,
    0x41, 0x08, 0x21, 0x00, 0x41, 0x08, 0x41, 0x08, 0x22, 0x00, 0x41, 0x08,
    0x41, 0x08, 0x41, 0x08, 0x21, 0x08, 0x41, 0x08, 0x41, 0x00, 0x41, 0x08,
    0x41, 0x08, 0x21, 0x00, 0x41, 0x08, 0x41, 0x08, 0x21, 0x00, 0x41, 0x08,
    0x41, 0x08, 0x41, 0x00, 0x41, 0x08, 0x21, 0x00, 0x41, 0x08, 0x21, 0x08,
    0x41, 0x00, 0xf0, 0x83, 0xdf, 0xf7, 0xbe, 0xff, 0xbf, 0xff, 0xdf, 0xf7,
    0xbe, 0xff, 0xbf, 0xff, 0xdf, 0xf7, 0xbe, 0xff, 0xbf, 0xf7, 0xdf, 0xff,
    0xbe, 0xf7, 0xbf, 0xff, 0xbe, 0xff, 0xdf, 0xf7, 0xbe, 0xff, 0xbe, 0xff,
    0xdf, 0xf7, 0xbf, 0xff, 0xbe, 0xff, 0xdf, 0xff, 0xbe, 0xff, 0xbf, 0xf7,
    0x29, 0x42, 0x41, 0x08, 0x41, 0x08, 0x21, 0x00, 0x41, 0x08, 0x41, 0x08,
    0x28, 0x42, 0xdf, 0xf7, 0xbf, 0xff, 0xbf, 0xff, 0xdf, 0xff, 0xbe, 0xf7,
    0xdf, 0xff, 0xbf, 0xff, 0xbe, 0xf7, 0xbf, 0xff, 0xbf, 0xff, 0xde, 0xff,
    0xbf, 0xff, 0xbe, 0xff, 0xbf, 0xf7, 0xbf, 0xff, 0xbe, 0xf7, 0xdf, 0xff,
    0xbe, 0xf7, 0xbf, 0xff, 0xbe, 0xff, 0xbf, 0xf7, 0xbf, 0xff, 0xde, 0xf7,
    0x28, 0x42, 0x41, 0x08, 0x21, 0x08, 0x21, 0x00, 0x42, 0x08, 0x41, 0x08,
    0x21, 0x00, 0x42, 0x08, 0x41, 0x08, 0x21, 0x00, 0x41, 0x08, 0x41, 0x08,
    0x41, 0x08, 0x41, 0x08, 0x41, 0x08, 0x21, 0x00, 0x41, 0x08, 0x42, 0x08,
    0x21, 0x08, 0x41, 0x08, 0x21, 0x08, 0x41, 0x00, 0x41, 0x08, 0x21, 0x08,
    0x41, 0x00, 0x41, 0x08, 0x21, 0x08, 0x41, 0x08, 0xbf, 0xf7, 0xde, 0xf7,
    0xbf, 0xff, 0xbe, 0xff, 0xbf, 0xf7, 0xbe, 0xff, 0xbf, 0xff, 0xbe, 0xf7,
    0xbf, 0xff, 0xbe, 0xff, 0xbf, 0xff, 0xdf, 0xf7, 0xf0, 0x83, 0x41, 0x08,
    0x41, 0x08, 0x21, 0x00, 0x41, 0x00, 0x42, 0x08, 0x41, 0x08, 0x41, 0x00,
    0x42, 0x08, 0x41, 0x08, 0x41, 0x08, 0x41, 0x08, 0x41, 0x00, 0x21, 0x08,
    0x41, 0x08, 0x41, 0x08, 0x21, 0x08, 0x41, 0x00, 0x21, 0x00, 0x21, 0x08,
    0x41, 0x08, 0x41, 0x00, 0x21, 0x08, 0x21, 0x00, 0x41, 0x08, 0x41, 0x08,
    0x41, 0x08, 0x41, 0x00, 0xd7, 0xbd, 0xdf, 0xff, 0xbe, 0xf7, 0xdf, 0xff,
    0xbf, 0xf7, 0xde, 0xff, 0xbf, 0xff, 0xbf, 0xf7, 0xbe, 0xff, 0xbf, 0xff,
    0xbe, 0xf7, 0xdf, 0xf7, 0xf7, 0xbd, 0x21, 0x08, 0x41, 0x08, 0x41, 0x08,
    0x41, 0x08, 0x21, 0x00, 0x21, 0x08, 0x42, 0x08, 0x41, 0x00, 0x41, 0x08,
    0x42, 0x08, 0x41, 0x00, 0x41, 0x08, 0x22, 0x08, 0x41, 0x00, 0x41, 0x08,
    0x21, 0x08, 0x41, 0x08, 0x41, 0x08, 0x21, 0x08, 0x42, 0x00, 0x41, 0x08,
    0x41, 0x08, 0x22, 0x08, 0x41, 0x08, 0x41, 0x08, 0x21, 0x00, 0x41, 0x08,
    0x10, 0x84, 0xdf, 0xf7, 0xbe, 0xff, 0xbf, 0xff, 0xdf, 0xf7, 0xbf, 0xff,
    0xbe, 0xff, 0xbf, 0xf7, 0xbe, 0xff, 0xbf, 0xff, 0xdf, 0xf7, 0xbf, 0xff,
    0xbf, 0xff, 0xde, 0xf7, 0xde, 0xff, 0xbf, 0xff, 0xde, 0xff, 0xbf, 0xf7,
    0xbf, 0xff, 0xbe, 0xf7, 0xbe, 0xf7, 0xdf, 0xf7, 0xbf, 0xf7, 0x28, 0x42,
    0x41, 0x08, 0x21, 0x00, 0x41, 0x08, 0x41, 0x08, 0x21, 0x08, 0x41, 0x00,
    0x41, 0x08, 0xbf, 0xf7, 0xdf, 0xf7, 0xbe, 0xff, 0xbf, 0xff, 0xdf, 0xf7,
    0xde, 0xff, 0xbf, 0xf7, 0xbf, 0xff, 0xbe, 0xff, 0xbe, 0xf7, 0xbf, 0xff,
    0xdf, 0xff, 0xbf, 0xf7, 0xbf, 0xff, 0xbf, 0xff, 0xde, 0xf7, 0xbf, 0xff,
    0xdf, 0xff, 0xbe, 0xff, 0xdf, 0xff, 0xdf, 0xff, 0xbe, 0xff, 0xbf, 0xf7,
    0x10, 0x84, 0x21, 0x00, 0x41, 0x08, 0x21, 0x08, 0x21, 0x00, 0x41, 0x08,
    0x41, 0x08, 0x21, 0x00, 0x41, 0x08, 0x42, 0x08, 0x21, 0x08, 0x41, 0x08,
    0x41, 0x00, 0x41, 0x08, 0x41, 0x08, 0x21, 0x08, 0x41, 0x08, 0x42, 0x00,
    0x21, 0x08, 0x41, 0x08, 0x41, 0x00, 0x41, 0x08, 0x41, 0x08, 0x42, 0x00,
    0x41, 0x08, 0x21, 0x08, 0x41, 0x08, 0x41, 0x08, 0xf7, 0xbd, 0xbf, 0xff,
    0xdf, 0xff, 0xdf, 0xff, 0xbe, 0xf7, 0xbf, 0xff, 0xdf, 0xf7, 0xbe, 0xff,
    0xbf, 0xff, 0xde, 0xf7, 0xbf, 0xff, 0xdf, 0xf7, 0xf7, 0xbd, 0x21, 0x08,
    0x41, 0x08, 0x41, 0x00, 0x21, 0x08, 0x41, 0x08, 0x41, 0x08, 0x21, 0x08,
    0x41, 0x00, 0x41, 0x08, 0x42, 0x00, 0x41, 0x08, 0x21, 0x08, 0x41, 0x08,
    0x41, 0x08, 0x41, 0x08, 0x41, 0x08, 0x41, 0x08, 0x41, 0x08, 0x41, 0x00,
    0x21, 0x08, 0x42, 0x08, 0x41, 0x08, 0x41, 0x08, 0x21, 0x00, 0x41, 0x08,
    0x41, 0x08, 0x21, 0x08, 0x10, 0x7c, 0xdf, 0xff, 0xbe, 0xff, 0xbf, 0xf7,
    0xbe, 0xff, 0xbf, 0xf7, 0xbf, 0xff, 0xde, 0xff, 0xbf, 0xf7, 0xbf, 0xff,
    0xbe, 0xff, 0xdf, 0xf7, 0xbf, 0xff, 0xbe, 0xf7, 0xbf, 0xff, 0xbf, 0xff,
    0xbe, 0xf7, 0xdf, 0xf7, 0xdf, 0xff, 0xbe, 0xf7, 0xdf, 0xf7, 0xdf, 0xff,
    0xbe, 0xff, 0x28, 0x42, 0x41, 0x08, 0x21, 0x08, 0x21, 0x08, 0x42, 0x00,
    0x41, 0x08, 0x28, 0x42, 0xbf, 0xff, 0xbf, 0xff, 0xbe, 0xf7, 0xbf, 0xff,
    0xdf, 0xff, 0xbe, 0xf7, 0xbf, 0xff, 0xbf, 0xf7, 0xbe, 0xf7, 0xdf, 0xff,
    0xbf, 0xf7, 0xbe, 0xff, 0xbf, 0xff, 0xde, 0xff, 0xbf, 0xff, 0xbf, 0xff,
    0xbe, 0xf7, 0xdf, 0xff, 0xbf, 0xff, 0xde, 0xf7, 0xbf, 0xff, 0xdf, 0xf7,
    0xbf, 0xff, 0x28, 0x42, 0x41, 0x08, 0x21, 0x00, 0x41, 0x08, 0x41, 0x08,
    0x41, 0x08, 0x21, 0x00, 0x41, 0x08, 0x41, 0x08, 0x41, 0x00, 0x42, 0x08,
    0x21, 0x00, 0x41, 0x08, 0x42, 0x08, 0x41, 0x08, 0x41, 0x08, 0x41, 0x00,
    0x41, 0x08, 0x41, 0x08, 0x41, 0x00, 0x42, 0x08, 0x21, 0x08, 0x41, 0x08,
    0x21, 0x00, 0x21, 0x08, 0x41, 0x08, 0x41, 0x00, 0x41, 0x08, 0xbf, 0xff,
    0xdf, 0xf7, 0xbe, 0xff, 0xbf, 0xff, 0xdf, 0xf7, 0xbf, 0xff, 0xde, 0xff,
    0xbf, 0xf7, 0xdf, 0xff, 0xbe, 0xf7, 0xbf, 0xff, 0xdf, 0xf7, 0xf0, 0x83,
    0x41, 0x08, 0x41, 0x08, 0x21, 0x08, 0x21, 0x00, 0x41, 0x08, 0x41, 0x08,
    0x21, 0x08, 0x41, 0x08, 0x41, 0x00, 0x21, 0x08, 0x41, 0x08, 0x41, 0x08,
    0x42, 0x00, 0x41, 0x08, 0x41, 0x08, 0x41, 0x08, 0x41, 0x08, 0x41, 0x08,
    0x41, 0x08, 0x42, 0x00, 0x41, 0x08, 0x41, 0x08, 0x21, 0x00, 0x42, 0x08,
    0x21, 0x00, 0x41, 0x08, 0x41, 0x08, 0xd7, 0xbd, 0xdf, 0xff, 0xbf, 0xff,
    0xbe, 0xf7, 0xbf, 0xf7, 0xbe, 0xff, 0xdf, 0xf7, 0xbf, 0xff, 0xbe, 0xff,
    0xdf, 0xf7, 0xbe, 0xff, 0xbf, 0xff, 0xf7, 0xbd, 0x21, 0x08, 0x21, 0x00,
    0x41, 0x00, 0x41, 0x08, 0x21, 0x00, 0x41, 0x08, 0x41, 0x08, 0x41, 0x08,
    0x21, 0x08, 0x41, 0x08, 0x41, 0x08, 0x21, 0x08, 0x41, 0x08, 0x41, 0x08,
    0x21, 0x00, 0x41, 0x08, 0x41, 0x00, 0x41, 0x08, 0x41, 0x08, 0x41, 0x08,
    0x41, 0x00, 0x21, 0x08, 0x41, 0x08, 0x41, 0x08, 0x41, 0x08, 0x21, 0x00,
    0x21, 0x08, 0x10, 0x84, 0xbe, 0xf7, 0xbf, 0xff, 0xbe, 0xf7, 0xbf, 0xff,
    0xdf, 0xff, 0xbe, 0xf7, 0xdf, 0xff, 0xbf, 0xf7, 0xbe, 0xff, 0xbe, 0xf7,
    0xbf, 0xff, 0xbf, 0xff, 0xbf, 0xf7, 0xbf, 0xff, 0xbe, 0xff, 0xdf, 0xf7,
    0xbf, 0xff, 0xbe, 0xff, 0xdf, 0xff, 0xbf, 0xff, 0xbe, 0xff, 0xbf, 0xf7,
    0x28, 0x42, 0x41, 0x08, 0x21, 0x00, 0x41, 0x08, 0x21, 0x08, 0x41, 0x08,
    0x41, 0x08, 0x41, 0x08, 0xbf, 0xf7, 0xde, 0xf7, 0xdf, 0xff, 0xbe, 0xff,
    0xbf, 0xf7, 0xde, 0xf7, 0xdf, 0xff, 0xbf, 0xf7, 0xde, 0xff, 0xbf, 0xff,
    0xbe, 0xf7, 0xbe, 0xff, 0xbf, 0xf7, 0xbe, 0xff, 0xdf, 0xff, 0xbf, 0xf7,
    0xbe, 0xff, 0xbf, 0xf7, 0xbf, 0xff, 0xbe, 0xf7, 0xbf, 0xf7, 0xbf, 0xff,
    0xdf, 0xff, 0xf0, 0x83, 0x21, 0x00, 0x41, 0x08, 0x41, 0x08, 0x21, 0x00,
    0x41, 0x08, 0x41, 0x08, 0x41, 0x00, 0x41, 0x08, 0x21, 0x08, 0x41, 0x00,
    0x22, 0x08, 0x41, 0x08, 0x41, 0x00, 0x22, 0x08, 0x41, 0x00, 0x41, 0x08,
    0x41, 0x08, 0x41, 0x00, 0x21, 0x08, 0x41, 0x08, 0x41, 0x00, 0x21, 0x08,
    0x41, 0x08, 0x41, 0x08, 0x21, 0x08, 0x41, 0x00, 0x41, 0x08, 0xf7, 0xbd,
    0xbf, 0xf7, 0xbf, 0xf7, 0xde, 0xf7, 0xbe, 0xff, 0xbf, 0xff, 0xbf, 0xff,
    0xde, 0xf7, 0xbf, 0xff, 0xbf, 0xff, 0xbe, 0xff, 0xbe, 0xff, 0xf7, 0xbd,
    0x21, 0x08, 0x41, 0x00, 0x41, 0x08, 0x21, 0x00, 0x42, 0x08, 0x41, 0x08,
    0x41, 0x08, 0x21, 0x08, 0x41, 0x08, 0x21, 0x00, 0x41, 0x08, 0x41, 0x08,
    0x22, 0x00, 0x41, 0x00, 0x21, 0x08, 0x42, 0x08, 0x21, 0x00, 0x42, 0x08,
    0x41, 0x08, 0x21, 0x00, 0x41, 0x08, 0x41, 0x08, 0x21, 0x08, 0x21, 0x00,
    0x42, 0x08, 0x21, 0x00, 0x21, 0x08, 0x10, 0x84, 0xbf, 0xf7, 0xdf, 0xf7,
    0xbe, 0xff, 0xbf, 0xff, 0xdf, 0xf7, 0xbe, 0xff, 0xbe, 0xff, 0xbf, 0xf7,
    0xbf, 0xff, 0xbe, 0xff, 0xbf, 0xf7, 0xdf, 0xff, 0xbe, 0xff, 0xdf, 0xf7,
    0xbf, 0xff, 0xbe, 0xff, 0xbf, 0xff, 0xbe, 0xff, 0xbf, 0xff, 0xdf, 0xff,
    0xbf, 0xf7, 0xdf, 0xf7, 0x28, 0x42, 0x21, 0x08, 0x41, 0x08, 0x41, 0x00,
    0x41, 0x08, 0x21, 0x08, 0x28, 0x42, 0xbf, 0xf7, 0xdf, 0xf7, 0xbe, 0xff,
    0xdf, 0xff, 0xdf, 0xf7, 0xbe, 0xf7, 0xbf, 0xff, 0xde, 0xff, 0xbf, 0xff,
    0xbe, 0xf7, 0xbf, 0xf7, 0xdf, 0xff, 0xbe, 0xf7, 0xbf, 0xf7, 0xdf, 0xff,
    0xbe, 0xf7, 0xbf, 0xff, 0xbf, 0xff, 0xbe, 0xf7, 0xbf, 0xff, 0xbe, 0xff,
    0xbf, 0xff, 0xdf, 0xf7, 0x28, 0x42, 0x41, 0x08, 0x21, 0x08, 0x21, 0x00,
    0x41, 0x08, 0x41, 0x08, 0x21, 0x00, 0x41, 0x08, 0x41, 0x08, 0x21, 0x08,
    0x41, 0x08, 0x41, 0x08, 0x21, 0x00, 0x41, 0x00, 0x21, 0x08, 0x41, 0x08,
    0x21, 0x08, 0x41, 0x00, 0x41, 0x08, 0x21, 0x08, 0x41, 0x00, 0x41, 0x08,
    0x42, 0x08, 0x21, 0x00, 0x41, 0x08, 0x41, 0x08, 0x21, 0x00, 0x41, 0x08,
    0xbf, 0xf7, 0xdf, 0xf7, 0xbe, 0xff, 0xbf, 0xf7, 0xbf, 0xff, 0xde, 0xf7,
    0xbf, 0xff, 0xbf, 0xff, 0xbe, 0xf7, 0xbf, 0xff, 0xbe, 0xf7, 0xdf, 0xf7,
    0xf0, 0x83, 0x41, 0x08, 0x41, 0x00, 0x21, 0x08, 0x21, 0x08, 0x41, 0x08,
    0x41, 0x00, 0x21, 0x08, 0x41, 0x08, 0x41, 0x00, 0x22, 0x08, 0x41, 0x08,
    0x41, 0x00, 0x21, 0x08, 0x21, 0x08, 0x41, 0x00, 0x42, 0x00, 0x21, 0x08,
    0x41, 0x08, 0x41, 0x08, 0x21, 0x00, 0x41, 0x08, 0x41, 0x08, 0x21, 0x08,
    0x41, 0x08, 0x21, 0x00, 0x41, 0x08, 0x41, 0x08, 0xd7, 0xbd, 0xdf, 0xf7,
    0xdf, 0xff, 0xbf, 0xff, 0xbe, 0xff, 0xbf, 0xff, 0xde, 0xf7, 0xbf, 0xff,
    0xbf, 0xf7, 0xde, 0xff, 0xbf, 0xff, 0xdf, 0xf7, 0xd7, 0xbd, 0x41, 0x08,
    0x21, 0x00, 0x21, 0x08, 0x41, 0x08, 0x21, 0x08, 0x21, 0x00, 0x41, 0x08,
    0x41, 0x08, 0x21, 0x00, 0x41, 0x08, 0x42, 0x00, 0x21, 0x08, 0x41, 0x08,
    0x41, 0x00, 0x42, 0x08, 0x41, 0x08, 0x21, 0x08, 0x42, 0x00, 0x41, 0x08,
    0x21, 0x08, 0x41, 0x08, 0x41, 0x00, 0x41, 0x08, 0x42, 0x00, 0x41, 0x08,
    0x21, 0x00, 0x41, 0x08, 0x10, 0x7c, 0xbf, 0xf7, 0xbf, 0xff, 0xde, 0xff,
    0xbe, 0xf7, 0xbf, 0xff, 0xbf, 0xff, 0xbe, 0xf7, 0xdf, 0xff, 0xbf, 0xff,
    0xde, 0xf7, 0xbe, 0xff, 0xdf, 0xff, 0xbe, 0xf7, 0xbf, 0xff, 0xbf, 0xf7,
    0xbe, 0xff, 0xbf, 0xff, 0xdf, 0xf7, 0xbe, 0xff, 0xbf, 0xff, 0xdf, 0xf7,
    0xde, 0xff, 0x28, 0x42, 0x41, 0x08, 0x21, 0x08, 0x41, 0x08, 0x41, 0x08,
    0x41, 0x00, 0x21, 0x08, 0x41, 0x08, 0xbf, 0xff, 0xbf, 0xff, 0xbe, 0xf7,
    0xbf, 0xff, 0xbf, 0xff, 0xbe, 0xf7, 0xdf, 0xff, 0xbe, 0xff, 0xbf, 0xf7,
    0xdf, 0xff, 0xbf, 0xff, 0xbf, 0xf7, 0xde, 0xff, 0xbf, 0xf7, 0xbe, 0xff,
    0xbf, 0xff, 0xbf, 0xf7, 0xde, 0xff, 0xbf, 0xff, 0xbf, 0xf7, 0xbe, 0xff,
    0xbe, 0xff, 0xdf, 0xf7, 0x10, 0x84, 0x21, 0x08, 0x41, 0x08, 0x41, 0x00,
    0x21, 0x08, 0x41, 0x08, 0x42, 0x08, 0x21, 0x08, 0x41, 0x08, 0x41, 0x00,
    0x41, 0x08, 0x41, 0x08, 0x21, 0x08, 0x41, 0x08, 0x41, 0x08, 0x41, 0x08,
    0x21, 0x08, 0x41, 0x08, 0x41, 0x08, 0x42, 0x08, 0x21, 0x08, 0x41, 0x08,
    0x42, 0x08, 0x41, 0x08, 0x41, 0x08, 0x41, 0x00, 0x41, 0x08, 0x41, 0x08,
    0xf7, 0xbd, 0xbf, 0xf7, 0xbf, 0xff, 0xdf, 0xff, 0xbf, 0xff, 0xbe, 0xf7,
    0xbf, 0xff, 0xbf, 0xf7, 0xde, 0xf7, 0xbf, 0xff, 0xbf, 0xf7, 0xbf, 0xf7,
    0xf7, 0xbd, 0x21, 0x08, 0x41, 0x08, 0x41, 0x08, 0x21, 0x00, 0x41, 0x08,
    0x41, 0x00, 0x41, 0x00, 0x42, 0x08, 0x41, 0x08, 0x41, 0x08, 0x41, 0x08,
    0x41, 0x08, 0x41, 0x08, 0x41, 0x08, 0x41, 0x00, 0x21, 0x08, 0x41, 0x08,
    0x41, 0x08, 0x41, 0x08, 0x41, 0x08, 0x41, 0x00, 0x41, 0x08, 0x41, 0x08,
    0x21, 0x00, 0x41, 0x08, 0x41, 0x08, 0x21, 0x08, 0x10, 0x7c, 0xbf, 0xf7,
    0xbf, 0xff, 0xbe, 0xff, 0xdf, 0xf7, 0xbf, 0xff, 0xbe, 0xf7, 0xdf, 0xff,
    0xbf, 0xff, 0xde, 0xf7, 0xbf, 0xff, 0xbe, 0xff, 0xbf, 0xf7, 0xbf, 0xff,
    0xbe, 0xf7, 0xdf, 0xff, 0xbf, 0xf7, 0xbe, 0xf7, 0xdf, 0xff, 0xbf, 0xff,
    0xbe, 0xf7, 0xdf, 0xff, 0xdf, 0xff, 0x28, 0x42, 0x41, 0x08, 0x42, 0x08,
    0x41, 0x00, 0x41, 0x08, 0x21, 0x08, 0x28, 0x42, 0xbf, 0xff, 0xdf, 0xff,
    0xbe, 0xf7, 0xbf, 0xff, 0xde, 0xf7, 0xdf, 0xff, 0xbf, 0xff, 0xbe, 0xf7,
    0xdf, 0xff, 0xbf, 0xff, 0xbe, 0xff, 0xbf, 0xff, 0xbf, 0xf7, 0xbe, 0xff,
    0xbf, 0xff, 0xde, 0xf7, 0xbf, 0xff, 0xbf, 0xf7, 0xde, 0xf7, 0xbf, 0xff,
    0xbf, 0xf7, 0xbe, 0xff, 0xbf, 0xf7, 0x28, 0x42, 0x41, 0x08, 0x21, 0x08,
    0x21, 0x00, 0x41, 0x08, 0x41, 0x08, 0x21, 0x00, 0x42, 0x08, 0x41, 0x08,
    0x21, 0x00, 0x41, 0x08, 0x41, 0x08, 0x41, 0x08, 0x41, 0x08, 0x42, 0x00,
    0x21, 0x08, 0x41, 0x08, 0x42, 0x08, 0x21, 0x08, 0x41, 0x08, 0x41, 0x08,
    0x41, 0x08, 0x41, 0x08, 0x21, 0x00, 0x41, 0x08, 0x41, 0x08, 0x21, 0x00,
    0x41, 0x08, 0xdf, 0xff, 0xbf, 0xf7, 0xbe, 0xff, 0xbf, 0xff, 0xbe, 0xf7,
    0xbe, 0xff, 0xbf, 0xff, 0xdf, 0xf7, 0xbe, 0xff, 0xbf, 0xff, 0xdf, 0xff,
    0xde, 0xf7, 0xf0, 0x83, 0x41, 0x08, 0x41, 0x00, 0x21, 0x00, 0x41, 0x08,
    0x41, 0x08, 0x42, 0x00, 0x41, 0x08, 0x41, 0x08, 0x41, 0x08, 0x41, 0x08,
    0x21, 0x00, 0x41, 0x08, 0x41, 0x08, 0x41, 0x08, 0x41, 0x08, 0x21, 0x08,
    0x41, 0x00, 0x42, 0x08, 0x21, 0x08, 0x41, 0x08, 0x41, 0x08, 0x42, 0x00,
    0x21, 0x00, 0x41, 0x08, 0x41, 0x08, 0x41, 0x08, 0x41, 0x08, 0xd7, 0xbd,
    0xbf, 0xf7, 0xbf, 0xff, 0xbe, 0xf7, 0xdf, 0xff, 0xbf, 0xff, 0xbe, 0xf7,
    0xbf, 0xff, 0xbf, 0xff, 0xbe, 0xf7, 0xbf, 0xff, 0xdf, 0xf7, 0xf7, 0xbd,
    0x21, 0x08, 0x41, 0x08, 0x41, 0x00, 0x41, 0x08, 0x41, 0x08, 0x21, 0x00,
    0x41, 0x08, 0x42, 0x08, 0x41, 0x00, 0x41, 0x08, 0x41, 0x08, 0x41, 0x00,
    0x41, 0x08, 0x21, 0x08, 0x41, 0x08, 0x41, 0x08, 0x21, 0x08, 0x41, 0x00,
    0x41, 0x08, 0x22, 0x08, 0x41, 0x08, 0x41, 0x08, 0x21, 0x08, 0x41, 0x08,
    0x41, 0x08, 0x21, 0x08, 0x41, 0x00, 0x10, 0x84, 0xdf, 0xf7, 0xbe, 0xff,
    0xbf, 0xff, 0xbf, 0xf7, 0xde, 0xff, 0xbf, 0xff, 0xbf, 0xf7, 0xbe, 0xff,
    0xbf, 0xff, 0xbf, 0xf7, 0xdf, 0xff, 0xbe, 0xf7, 0xbf, 0xff, 0xde, 0xff,
    0xdf, 0xf7, 0xbe, 0xff, 0xbf, 0xf7, 0xbf, 0xf7, 0xbe, 0xff, 0xbf, 0xf7,
    0xdf, 0xf7, 0xbf, 0xff, 0x28, 0x42, 0x41, 0x08, 0x21, 0x00, 0x41, 0x08,
    0x41, 0x00, 0x41, 0x08, 0x41, 0x08, 0x41, 0x08, 0xbf, 0xf7, 0xdf, 0xf7,
    0xdf, 0xff, 0xbe, 0xff, 0xbf, 0xff, 0xdf, 0xf7, 0xbe, 0xf7, 0xbf, 0xff,
    0xbf, 0xf7, 0xbe, 0xff, 0xbf, 0xff, 0xdf, 0xf7, 0xbe, 0xff, 0xbf, 0xff,
    0xdf, 0xf7, 0xbe, 0xff, 0xbf, 0xff, 0xde, 0xf7, 0xbf, 0xff, 0xdf, 0xff,
    0xbe, 0xf7, 0xbf, 0xff, 0xbf, 0xf7, 0x10, 0x7c, 0x41, 0x08, 0x41, 0x08,
    0x21, 0x00, 0x21, 0x08, 0x41, 0x08, 0x41, 0x00, 0x41, 0x08, 0x21, 0x08,
    0x42, 0x08, 0x41, 0x08, 0x41, 0x00, 0x41, 0x08, 0x21, 0x00, 0x41, 0x08,
    0x41, 0x08, 0x22, 0x00, 0x41, 0x00, 0x41, 0x08, 0x21, 0x00, 0x41, 0x08,
    0x41, 0x00, 0x21, 0x08, 0x41, 0x00, 0x41, 0x08, 0x21, 0x00, 0x42, 0x08,
    0x41, 0x08, 0xf7, 0xbd, 0xbf, 0xff, 0xde, 0xf7, 0xbf, 0xff, 0xdf, 0xff,
    0xdf, 0xff, 0xbe, 0xff, 0xbf, 0xff, 0xbe, 0xff, 0xdf, 0xf7, 0xbf, 0xff,
    0xbe, 0xff, 0xf7, 0xbd, 0x21, 0x00, 0x41, 0x08, 0x41, 0x08, 0x21, 0x08,
    0x41, 0x08, 0x41, 0x08, 0x21, 0x08, 0x41, 0x08, 0x21, 0x00, 0x41, 0x08,
    0x22, 0x00, 0x41, 0x08, 0x41, 0x08, 0x21, 0x08, 0x41, 0x08, 0x41, 0x00,
    0x41, 0x08, 0x21, 0x00, 0x41, 0x08, 0x22, 0x08, 0x41, 0x00, 0x41, 0x08,
    0x42, 0x08, 0x21, 0x00, 0x41, 0x08, 0x41, 0x08, 0x21, 0x00, 0x10, 0x84,
    0xdf, 0xff, 0xbe, 0xff, 0xbf, 0xf7, 0xbe, 0xff, 0xbf, 0xff, 0xbf, 0xf7,
    0xbe, 0xff, 0xdf, 0xf7, 0xbf, 0xff, 0xbe, 0xf7, 0xdf, 0xff, 0xbf, 0xff,
    0xbe, 0xf7, 0xbf, 0xff, 0xde, 0xff, 0xbf, 0xff, 0xbf, 0xf7, 0xbe, 0xff,
    0xbf, 0xf7, 0xdf, 0xff, 0xbe, 0xff, 0xbf, 0xf7, 0x28, 0x42, 0x41, 0x08,
    0x21, 0x08, 0x41, 0x00, 0x41, 0x08, 0x41, 0x00, 0x28, 0x42, 0xdf, 0xff,
    0xbf, 0xff, 0xdf, 0xff, 0xbf, 0xff, 0xbe, 0xf7, 0xdf, 0xf7, 0xbf, 0xff,
    0xbe, 0xf7, 0xbf, 0xff, 0xdf, 0xff, 0xbe, 0xf7, 0xdf, 0xff, 0xbe, 0xff,
    0xbf, 0xf7, 0xdf, 0xff, 0xbe, 0xff, 0xbf, 0xf7, 0xde, 0xff, 0xbf, 0xff,
    0xbf, 0xff, 0xde, 0xf7, 0xbf, 0xff, 0xdf, 0xff, 0x28, 0x42, 0x41, 0x08,
    0x21, 0x00, 0x41, 0x08, 0x41, 0x08, 0x41, 0x08, 0x21, 0x00, 0x41, 0x08,
    0x41, 0x08, 0x41, 0x08, 0x42, 0x00, 0x21, 0x08, 0x41, 0x08, 0x41, 0x08,
    0x41, 0x08, 0x41, 0x00, 0x41, 0x08, 0x41, 0x00, 0x41, 0x08, 0x42, 0x00,
    0x21, 0x08, 0x41, 0x08, 0x41, 0x00, 0x21, 0x08, 0x21, 0x08, 0x41, 0x08,
    0x21, 0x00, 0x41, 0x08, 0xdf, 0xff, 0xbf, 0xf7, 0xbe, 0xff, 0xdf, 0xff,
    0xdf, 0xf7, 0xbf, 0xff, 0xbe, 0xff, 0xdf, 0xf7, 0xbf, 0xff, 0xbe, 0xff,
    0xbf, 0xf7, 0xdf, 0xf7, 0xf0, 0x83, 0x41, 0x08, 0x41, 0x08, 0x21, 0x00,
    0x41, 0x08, 0x41, 0x08, 0x21, 0x08, 0x41, 0x08, 0x21, 0x00, 0x42, 0x08,
    0x41, 0x08, 0x41, 0x08, 0x22, 0x08, 0x41, 0x00, 0x41, 0x08, 0x42, 0x08,
    0x41, 0x08, 0x41, 0x08, 0x41, 0x00, 0x21, 0x08, 0x41, 0x08, 0x41, 0x08,
    0x41, 0x08, 0x21, 0x00, 0x41, 0x08, 0x21, 0x00, 0x42, 0x08, 0x41, 0x08,
    0xd7, 0xbd, 0xdf, 0xff, 0xbf, 0xf7, 0xbe, 0xff, 0xbf, 0xf7, 0xdf, 0xff,
    0xbe, 0xff, 0xbf, 0xf7, 0xde, 0xff, 0xbf, 0xff, 0xbe, 0xf7, 0xde, 0xf7,
    0xd7, 0xbd, 0x21, 0x08, 0x41, 0x00, 0x21, 0x08, 0x41, 0x08, 0x21, 0x00,
    0x41, 0x08, 0x41, 0x08, 0x21, 0x08, 0x41, 0x08, 0x21, 0x08, 0x41, 0x08,
    0x41, 0x08, 0x22, 0x00, 0x41, 0x08, 0x41, 0x00, 0x41, 0x08, 0x41, 0x08,
    0x41, 0x08, 0x41, 0x00, 0x41, 0x08, 0x41, 0x00, 0x21, 0x08, 0x42, 0x00,
    0x41, 0x08, 0x41, 0x08, 0x21, 0x00, 0x21, 0x08, 0x10, 0x84, 0xbe, 0xf7,
    0xbf, 0xff, 0xbf, 0xff, 0xdf, 0xf7, 0xbe, 0xf7, 0xbf, 0xff, 0xdf, 0xf7,
    0xbe, 0xff, 0xbf, 0xf7, 0xbf, 0xff, 0xbe, 0xff, 0xbf, 0xf7, 0xbf, 0xff,
    0xbf, 0xff, 0xbe, 0xf7, 0xdf, 0xff, 0xbe, 0xff, 0xbf, 0xff, 0xde, 0xff,
    0xbe, 0xff, 0xdf, 0xf7, 0xbf, 0xff, 0x28, 0x42, 0x41, 0x08, 0x21, 0x08,
    0x41, 0x08, 0x41, 0x08, 0x41, 0x08, 0x41, 0x08, 0x41, 0x08, 0xbf, 0xf7,
    0xde, 0xf7, 0xbf, 0xff, 0xbf, 0xf7, 0xbe, 0xff, 0xdf, 0xf7, 0xdf, 0xff,
    0xbe, 0xff, 0xbf, 0xf7, 0xde, 0xff, 0xbe, 0xf7, 0xbf, 0xff, 0xbf, 0xff,
    0xbe, 0xf7, 0xdf, 0xff, 0xbf, 0xf7, 0xbe, 0xff, 0xbf, 0xf7, 0xbe, 0xff,
    0xbf, 0xff, 0xdf, 0xf7, 0xbe, 0xff, 0xbf, 0xff, 0xf0, 0x7b, 0x41, 0x08,
    0x41, 0x08, 0x21, 0x00, 0x41, 0x08, 0x41, 0x08, 0x41, 0x00, 0x41, 0x08,
    0x41, 0x08, 0x21, 0x00, 0x41, 0x08, 0x41, 0x08, 0x42, 0x00, 0x41, 0x08,
    0x41, 0x08, 0x41, 0x00, 0x41, 0x08, 0x41, 0x08, 0x41, 0x08, 0x41, 0x08,
    0x41, 0x00, 0x41, 0x08, 0x21, 0x08, 0x42, 0x00, 0x41, 0x08, 0x21, 0x08,
    0x41, 0x08, 0x41, 0x08, 0xd7, 0xbd, 0xdf, 0xf7, 0xbf, 0xff, 0xde, 0xff,
    0xbf, 0xf7, 0xbe, 0xf7, 0xbf, 0xff, 0xdf, 0xf7, 0xbe, 0xff, 0xbf, 0xff,
    0xbf, 0xf7, 0xde, 0xff, 0xf7, 0xbd, 0x21, 0x00, 0x41, 0x08, 0x42, 0x08,
    0x21, 0x00, 0x41, 0x08, 0x42, 0x08, 0x21, 0x08, 0x41, 0x00, 0x41, 0x08,
    0x41, 0x08, 0x21, 0x08, 0x41, 0x00, 0x41, 0x00, 0x22, 0x08, 0x41, 0x08,
    0x41, 0x08, 0x42, 0x08, 0x41, 0x08, 0x21, 0x00, 0x41, 0x08, 0x21, 0x08,
    0x41, 0x08, 0x41, 0x08, 0x21, 0x00, 0x41, 0x08, 0x21, 0x00, 0x21, 0x08,
    0x10, 0x84, 0xdf, 0xf7, 0xbe, 0xf7, 0xbf, 0xff, 0xdf, 0xff, 0xbe, 0xf7,
    0xbf, 0xff, 0xbe, 0xff, 0xbf, 0xf7, 0xbf, 0xff, 0xbe, 0xff, 0xdf, 0xf7,
    0xbe, 0xff, 0xbf, 0xff, 0xdf, 0xf7, 0xbe, 0xff, 0xbf, 0xff, 0xdf, 0xff,
    0xdf, 0xff, 0xbe, 0xf7, 0xdf, 0xf7, 0xdf, 0xff, 0xbf, 0xf7, 0x28, 0x42,
    0x21, 0x08, 0x41, 0x08, 0x21, 0x08, 0x41, 0x08, 0x21, 0x08, 0x28, 0x42,
    0xbf, 0xf7, 0xbf, 0xff, 0xbe, 0xf7, 0xbf, 0xff, 0xde, 0xf7, 0xdf, 0xff,
    0xbe, 0xff, 0xbf, 0xf7, 0xbe, 0xff, 0xbf, 0xf7, 0xbf, 0xf7, 0xde, 0xff,
    0xbf, 0xff, 0xbf, 0xf7, 0xbe, 0xff, 0xbf, 0xff, 0xbf, 0xf7, 0xbe, 0xff,
    0xbf, 0xff, 0xde, 0xf7, 0xbe, 0xff, 0xbf, 0xff, 0xdf, 0xf7, 0x28, 0x42,
    0x41, 0x08, 0x21, 0x08, 0x21, 0x00, 0x42, 0x08, 0x41, 0x08, 0x21, 0x00,
    0x41, 0x08, 0x41, 0x08, 0x41, 0x08, 0x21, 0x08, 0x41, 0x00, 0x42, 0x08,
    0x21, 0x08, 0x21, 0x00, 0x41, 0x08, 0x21, 0x08, 0x41, 0x08, 0x41, 0x00,
    0x21, 0x08, 0x41, 0x08, 0x41, 0x00, 0x42, 0x08, 0x21, 0x00, 0x41, 0x00,
    0x41, 0x08, 0x21, 0x08, 0x41, 0x08, 0xbf, 0xf7, 0xdf, 0xf7, 0xbe, 0xff,
    0xbf, 0xff, 0xbf, 0xf7, 0xbe, 0xff, 0xbf, 0xf7, 0xbe, 0xff, 0xdf, 0xf7,
    0xbe, 0xff, 0xbf, 0xff, 0xdf, 0xf7, 0xf0, 0x83, 0x41, 0x08, 0x41, 0x08,
    0x21, 0x08, 0x21, 0x00, 0x41, 0x08, 0x41, 0x08, 0x41, 0x00, 0x41, 0x08,
    0x21, 0x08, 0x41, 0x00, 0x41, 0x08, 0x41, 0x08, 0x21, 0x00, 0x41, 0x08,
    0x21, 0x00, 0x41, 0x08, 0x41, 0x08, 0x21, 0x08, 0x41, 0x00, 0x42, 0x00,
    0x21, 0x08, 0x41, 0x08, 0x21, 0x08, 0x41, 0x08, 0x21, 0x00, 0x41, 0x08,
    0x41, 0x08, 0xd7, 0xbd, 0xdf, 0xff, 0xbf, 0xff, 0xbe, 0xf7, 0xbf, 0xff,
    0xde, 0xf7, 0xbf, 0xff, 0xbf, 0xf7, 0xde, 0xff, 0xbf, 0xff, 0xdf, 0xf7,
    0xbf, 0xff, 0xf7, 0xbd, 0x41, 0x08, 0x21, 0x00, 0x21, 0x08, 0x41, 0x08,
    0x21, 0x00, 0x21, 0x00, 0x41, 0x08, 0x41, 0x00, 0x41, 0x08, 0x42, 0x00,
    0x21, 0x08, 0x41, 0x08, 0x41, 0x08, 0x41, 0x08, 0x21, 0x08, 0x42, 0x00,
    0x21, 0x08, 0x41, 0x08, 0x22, 0x08, 0x41, 0x08, 0x41, 0x08, 0x41, 0x00,
    0x21, 0x08, 0x41, 0x08, 0x41, 0x00, 0x21, 0x08, 0x41, 0x08, 0x10, 0x7c,
    0xdf, 0xf7, 0xbe, 0xff, 0xbe, 0xff, 0xbf, 0xf7, 0xbf, 0xff, 0xbe, 0xff,
    0xdf, 0xff, 0xbe, 0xf7, 0xdf, 0xff, 0xde, 0xff, 0xbf, 0xf7, 0xdf, 0xff,
    0xbe, 0xf7, 0xbf, 0xff, 0xbf, 0xff, 0xbe, 0xf7, 0xdf, 0xff, 0xbf, 0xf7,
    0xbf, 0xff, 0xbe, 0xff, 0xdf, 0xf7, 0xbf, 0xf7, 0x28, 0x42, 0x41, 0x08,
    0x21, 0x00, 0x41, 0x08, 0x41, 0x08, 0x42, 0x08, 0x21, 0x00, 0x41, 0x08,
    0xbf, 0xff, 0xbf, 0xff, 0xbe, 0xff, 0xbf, 0xff, 0xbe, 0xf7, 0xdf, 0xff,
    0xdf, 0xf7, 0xbe, 0xff, 0xbf, 0xff, 0xbf, 0xf7, 0xde, 0xff, 0xbf, 0xff,
    0xbf, 0xf7, 0xde, 0xff, 0xbf, 0xff, 0xbf, 0xf7, 0xde, 0xff, 0xbf, 0xff,
    0xbf, 0xf7, 0xbe, 0xff, 0xdf, 0xff, 0xbe, 0xf7, 0xbe, 0xff, 0x10, 0x84,
    0x21, 0x00, 0x41, 0x08, 0x21, 0x08, 0x21, 0x00, 0x41, 0x08, 0x21, 0x08,
    0x42, 0x08, 0x41, 0x00, 0x41, 0x08, 0x21, 0x08, 0x21, 0x08, 0x41, 0x08,
    0x21, 0x08, 0x42, 0x08, 0x21, 0x08, 0x41, 0x08, 0x21, 0x08, 0x42, 0x08,
    0x21, 0x08, 0x41, 0x08, 0x42, 0x08, 0x41, 0x08, 0x41, 0x08, 0x41, 0x08,
    0x21, 0x08, 0x41, 0x00, 0x41, 0x08, 0xf7, 0xbd, 0xbf, 0xf7, 0xdf, 0xff,
    0xbe, 0xf7, 0xbf, 0xff, 0xdf, 0xff, 0xbe, 0xf7, 0xbf, 0xff, 0xdf, 0xf7,
    0xbe, 0xff, 0xbf, 0xff, 0xbf, 0xf7, 0xf7, 0xbd, 0x21, 0x08, 0x41, 0x08,
    0x41, 0x08, 0x21, 0x00, 0x41, 0x08, 0x41, 0x08, 0x41, 0x00, 0x41, 0x08,
    0x42, 0x08, 0x41, 0x08, 0x41, 0x08, 0x41, 0x08, 0x41, 0x08, 0x41, 0x00,
    0x21, 0x08, 0x41, 0x08, 0x41, 0x00, 0x41, 0x08, 0x41, 0x08, 0x41, 0x08,
    0x41, 0x08, 0x41, 0x00, 0x41, 0x08, 0x21, 0x08, 0x41, 0x08, 0x41, 0x00,
    0x21, 0x08, 0xf0, 0x83, 0xdf, 0xf7, 0xbf, 0xff, 0xbe, 0xff, 0xdf, 0xf7,
    0xbf, 0xff, 0xde, 0xff, 0xdf, 0xf7, 0xbf, 0xff, 0xbe, 0xff, 0xdf, 0xf7,
    0xbf, 0xf7, 0xbe, 0xff, 0xdf, 0xff, 0xbf, 0xf7, 0xbe, 0xf7, 0xbe, 0xf7,
    0xbf, 0xff, 0xbe, 0xff, 0xbe, 0xff, 0xdf, 0xff, 0xbf, 0xf7, 0xde, 0xff,
    0x29, 0x42, 0x41, 0x08, 0x41, 0x08, 0x41, 0x00, 0x41, 0x08, 0x21, 0x08,
    0x28, 0x42, 0xdf, 0xf7, 0xbe, 0xff, 0xdf, 0xff, 0xdf, 0xff, 0xbf, 0xf7,
    0xde, 0xff, 0xbf, 0xff, 0xbf, 0xf7, 0xde, 0xff, 0xbf, 0xff, 0xbf, 0xff,
    0xbe, 0xf7, 0xdf, 0xff, 0xbe, 0xf7, 0xbf, 0xff, 0xdf, 0xf7, 0xbe, 0xff,
    0xbf, 0xff, 0xdf, 0xf7, 0xbf, 0xf7, 0xbf, 0xff, 0xbe, 0xff, 0xbf, 0xf7,
    0x28, 0x42, 0x41, 0x08, 0x21, 0x08, 0x41, 0x00, 0x41, 0x08, 0x41, 0x08,
    0x21, 0x00, 0x41, 0x08, 0x42, 0x08, 0x21, 0x00, 0x41, 0x08, 0x41, 0x08,
    0x41, 0x00, 0x41, 0x08, 0x41, 0x08, 0x42, 0x08, 0x41, 0x08, 0x21, 0x08,
    0x42, 0x08, 0x41, 0x08, 0x41, 0x08, 0x21, 0x08, 0x41, 0x08, 0x21, 0x08,
    0x41, 0x00, 0x41, 0x08, 0x21, 0x08, 0x41, 0x08, 0xdf, 0xf7, 0xbe, 0xf7,
    0xbf, 0xff, 0xbe, 0xff, 0xdf, 0xf7, 0xbf, 0xff, 0xbe, 0xff, 0xbf, 0xf7,
    0xbf, 0xff, 0xbe, 0xff, 0xbe, 0xf7, 0xdf, 0xf7, 0xf0, 0x83, 0x41, 0x08,
    0x41, 0x00, 0x21, 0x08, 0x41, 0x00, 0x42, 0x08, 0x41, 0x08, 0x21, 0x08,
    0x42, 0x08, 0x41, 0x08, 0x21, 0x00, 0x41, 0x08, 0x41, 0x08, 0x41, 0x08,
    0x41, 0x08, 0x21, 0x08, 0x41, 0x00, 0x42, 0x08, 0x21, 0x08, 0x41, 0x08,
    0x41, 0x08, 0x41, 0x08, 0x41, 0x00, 0x21, 0x08, 0x41, 0x08, 0x21, 0x00,
    0x41, 0x08, 0x41, 0x08, 0xd7, 0xbd, 0xdf, 0xf7, 0xdf, 0xff, 0xbe, 0xff,
    0xbf, 0xf7, 0xbf, 0xff, 0xbe, 0xff, 0xbf, 0xf7, 0xbf, 0xff, 0xbe, 0xff,
    0xbf, 0xf7, 0xdf, 0xff, 0xd7, 0xbd, 0x41, 0x08, 0x21, 0x08, 0x41, 0x00,
    0x41, 0x08, 0x41, 0x08, 0x21, 0x08, 0x41, 0x08, 0x41, 0x08, 0x41, 0x08,
    0x41, 0x08, 0x21, 0x00, 0x41, 0x08, 0x41, 0x08, 0x21, 0x00, 0x41, 0x08,
    0x41, 0x08, 0x41, 0x00, 0x21, 0x08, 0x41, 0x08, 0x41, 0x00, 0x21, 0x08,
    0x41, 0x08, 0x41, 0x08, 0x41, 0x08, 0x41, 0x08, 0x21, 0x00, 0x21, 0x08,
    0x10, 0x84, 0xdf, 0xf7, 0xbe, 0xff, 0xbf, 0xff, 0xdf, 0xf7, 0xbe, 0xff,
    0xbf, 0xff, 0xbe, 0xf7, 0xbf, 0xff, 0xbf, 0xff, 0xbe, 0xf7, 0xbf, 0xff,
    0xbe, 0xff, 0xde, 0xf7, 0xbf, 0xff, 0xbf, 0xff, 0xde, 0xf7, 0xbf, 0xff,
    0xbf, 0xf7, 0xbe, 0xf7, 0xbf, 0xff, 0xdf, 0xff, 0xbe, 0xf7, 0x28, 0x42,
    0x41, 0x08, 0x21, 0x00, 0x41, 0x08, 0x41, 0x08, 0x41, 0x08, 0x41, 0x08,
    0x41, 0x08, 0xbf, 0xf7, 0xdf, 0xff, 0xde, 0xf7, 0xbf, 0xff, 0xbf, 0xff,
    0xde, 0xf7, 0xbf, 0xf7, 0xbf, 0xff, 0xbe, 0xff, 0xbf, 0xf7, 0xbf, 0xff,
    0xde, 0xf7, 0xbf, 0xff, 0xbe, 0xff, 0xbf, 0xf7, 0xbe, 0xff, 0xdf, 0xff,
    0xbf, 0xf7, 0xbe, 0xff, 0xdf, 0xf7, 0xbf, 0xff, 0xbf, 0xf7, 0xdf, 0xf7,
    0x10, 0x84, 0x21, 0x08, 0x41, 0x08, 0x41, 0x00, 0x21, 0x08, 0x41, 0x08,
    0x41, 0x08, 0x21, 0x00, 0x41, 0x08, 0x41, 0x08, 0x42, 0x00, 0x41, 0x08,
    0x41, 0x08, 0x41, 0x00, 0x21, 0x08, 0x41, 0x00, 0x41, 0x08, 0x41, 0x00,
    0x21, 0x00, 0x41, 0x08, 0x41, 0x08, 0x21, 0x00, 0x41, 0x08, 0x41, 0x08,
    0x42, 0x08, 0x41, 0x00, 0x41, 0x08, 0x21, 0x08, 0xf7, 0xbd, 0xbf, 0xff,
    0xbf, 0xff, 0xdf, 0xff, 0xbe, 0xf7, 0xbf, 0xff, 0xbe, 0xff, 0xbf, 0xff,
    0xbf, 0xf7, 0xde, 0xff, 0xbf, 0xff, 0xbf, 0xf7, 0xf7, 0xbd, 0x21, 0x08,
    0x41, 0x08, 0x41, 0x00, 0x21, 0x00, 0x41, 0x08, 0x41, 0x08, 0x21, 0x08,
    0x41, 0x08, 0x21, 0x00, 0x21, 0x00, 0x41, 0x08, 0x22, 0x08, 0x41, 0x08,
    0x41, 0x08, 0x41, 0x00, 0x21, 0x08, 0x41, 0x08, 0x22, 0x00, 0x41, 0x08,
    0x41, 0x08, 0x22, 0x00, 0x41, 0x08, 0x41, 0x08, 0x21, 0x00, 0x41, 0x08,
    0x41, 0x08, 0x21, 0x00, 0x10, 0x84, 0xbf, 0xf7, 0xbe, 0xff, 0xbf, 0xf7,
    0xbe, 0xff, 0xbf, 0xff, 0xbf, 0xf7, 0xbe, 0xf7, 0xbf, 0xff, 0xde, 0xff,
    0xbf, 0xf7, 0xbf, 0xff, 0xbe, 0xff, 0xbf, 0xf7, 0xbf, 0xff, 0xde, 0xff,
    0xbf, 0xf7, 0xbf, 0xf7, 0xdf, 0xff, 0xdf, 0xff, 0xbe, 0xf7, 0xdf, 0xff,
    0xbf, 0xff, 0x28, 0x42, 0x21, 0x08, 0x41, 0x08, 0x21, 0x00, 0x42, 0x00,
    0x41, 0x08, 0x28, 0x42, 0xbf, 0xff, 0xdf, 0xff, 0xbe, 0xf7, 0xbf, 0xff,
    0xbf, 0xf7, 0xde, 0xf7, 0xbf, 0xff, 0xbf, 0xff, 0xde, 0xf7, 0xbf, 0xff,
    0xbe, 0xff, 0xbf, 0xf7, 0xbf, 0xff, 0xde, 0xff, 0xbf, 0xf7, 0xbe, 0xff,
    0xdf, 0xff, 0xbe, 0xf7, 0xbf, 0xff, 0xbf, 0xff, 0xbe, 0xf7, 0xdf, 0xf7,
    0xdf, 0xff, 0x28, 0x42, 0x41, 0x08, 0x21, 0x00, 0x21, 0x08, 0x41, 0x08,
    0x41, 0x08, 0x21, 0x00, 0x41, 0x08, 0x41, 0x08, 0x41, 0x00, 0x41, 0x08,
    0x21, 0x08, 0x41, 0x08, 0x41, 0x08, 0x21, 0x00, 0x41, 0x08, 0x41, 0x00,
    0x41, 0x08, 0x21, 0x08, 0x41, 0x00, 0x41, 0x08, 0x41, 0x08, 0x41, 0x08,
    0x21, 0x00, 0x21, 0x08, 0x41, 0x08, 0x21, 0x00, 0x41, 0x08, 0xdf, 0xff,
    0xdf, 0xf7, 0xbe, 0xff, 0xbf, 0xff, 0xde, 0xf7, 0xbf, 0xff, 0xdf, 0xff,
    0xde, 0xf7, 0xbf, 0xff, 0xbf, 0xff, 0xdf, 0xf7, 0xde, 0xff, 0xf0, 0x83,
    0x41, 0x00, 0x41, 0x08, 0x21, 0x08, 0x21, 0x00, 0x41, 0x08, 0x41, 0x08,
    0x21, 0x00, 0x41, 0x08, 0x41, 0x08, 0x41, 0x08, 0x22, 0x00, 0x41, 0x08,
    0x41, 0x08, 0x42, 0x00, 0x41, 0x08, 0x41, 0x08, 0x41, 0x00, 0x41, 0x08,
    0x41, 0x08, 0x21, 0x08, 0x41, 0x00, 0x42, 0x08, 0x21, 0x00, 0x41, 0x08,
    0x41, 0x08, 0x41, 0x08, 0x41, 0x08, 0xd7, 0xbd, 0xbf, 0xf7, 0xbf, 0xf7,
    0xde, 0xff, 0xbf, 0xff, 0xbf, 0xf7, 0xde, 0xff, 0xbf, 0xff, 0xbf, 0xf7,
    0xde, 0xff, 0xbe, 0xff, 0xdf, 0xf7, 0xd7, 0xbd, 0x21, 0x00, 0x41, 0x08,
    0x21, 0x08, 0x41, 0x08, 0x21, 0x00, 0x41, 0x08, 0x42, 0x08, 0x21, 0x00,
    0x41, 0x08, 0x41, 0x08, 0x41, 0x00, 0x42, 0x08, 0x41, 0x08, 0x41, 0x00,
    0x42, 0x08, 0x41, 0x08, 0x41, 0x08, 0x41, 0x00, 0x41, 0x08, 0x41, 0x08,
    0x22, 0x00, 0x41, 0x08, 0x41, 0x08, 0x22, 0x00, 0x41, 0x08, 0x21, 0x00,
    0x21, 0x08, 0x10, 0x84, 0xbf, 0xf7, 0xbe, 0xff, 0xbf, 0xff, 0xdf, 0xf7,
    0xbe, 0xff, 0xbf, 0xf7, 0xdf, 0xff, 0xbe, 0xff, 0xbf, 0xf7, 0xbf, 0xf7,
    0xbe, 0xff, 0xbf, 0xff, 0xdf, 0xf7, 0xbe, 0xff, 0xbf, 0xf7, 0xbf, 0xff,
    0xbe, 0xff, 0xdf, 0xff, 0xbe, 0xf7, 0xbf, 0xff, 0xdf, 0xf7, 0xdf, 0xff,
    0x28, 0x42, 0x41, 0x08, 0x21, 0x08, 0x41, 0x08, 0x21, 0x08, 0x41, 0x00,
    0x41, 0x08, 0x41, 0x08, 0xbf, 0xf7, 0xdf, 0xf7, 0xbe, 0xff, 0xbf, 0xf7,
    0xbf, 0xff, 0xde, 0xf7, 0xde, 0xff, 0xbf, 0xff, 0xdf, 0xf7, 0xbe, 0xff,
    0xbf, 0xff, 0xbf, 0xf7, 0xde, 0xff, 0xbf, 0xf7, 0xbf, 0xff, 0xbe, 0xff,
    0xbf, 0xf7, 0xbf, 0xff, 0xde, 0xff, 0xbf, 0xf7, 0xbe, 0xff, 0xbf, 0xff,
    0xbf, 0xff, 0x10, 0x7c, 0x21, 0x08, 0x41, 0x08, 0x41, 0x00, 0x21, 0x00,
    0x41, 0x08, 0x41, 0x08, 0x41, 0x08, 0x21, 0x08, 0x41, 0x08, 0x41, 0x00,
    0x21, 0x08, 0x41, 0x08, 0x41, 0x00, 0x41, 0x08, 0x41, 0x08, 0x42, 0x08,
    0x41, 0x08, 0x41, 0x08, 0x41, 0x08, 0x41, 0x00, 0x21, 0x08, 0x41, 0x08,
    0x41, 0x00, 0x21, 0x08, 0x21, 0x00, 0x41, 0x08, 0x42, 0x08, 0xf7, 0xbd,
    0xbf, 0xf7, 0xdf, 0xf7, 0xbe, 0xff, 0xdf, 0xff, 0xdf, 0xff, 0xbf, 0xf7,
    0xbe, 0xff, 0xbf, 0xff, 0xbe, 0xf7, 0xbe, 0xff, 0xbf, 0xff, 0xf7, 0xbd,
    0x41, 0x00, 0x41, 0x08, 0x41, 0x08, 0x21, 0x08, 0x41, 0x08, 0x42, 0x00,
    0x41, 0x08, 0x41, 0x08, 0x41, 0x08, 0x41, 0x08, 0x41, 0x00, 0x41, 0x08,
    0x21, 0x08, 0x42, 0x08, 0x41, 0x08, 0x41, 0x08, 0x21, 0x08, 0x41, 0x08,
    0x41, 0x00, 0x21, 0x08, 0x41, 0x08, 0x41, 0x08, 0x21, 0x08, 0x21, 0x00,
    0x41, 0x08, 0x21, 0x08, 0x41, 0x00, 0x10, 0x84, 0xdf, 0xf7, 0xde, 0xf7,
    0xbf, 0xff, 0xbf, 0xff, 0xde, 0xf7, 0xbf, 0xff, 0xbf, 0xff, 0xbe, 0xf7,
    0xbf, 0xff, 0xbe, 0xff, 0xdf, 0xff, 0xbe, 0xf7, 0xbf, 0xff, 0xdf, 0xff,
    0xbe, 0xff, 0xbf, 0xff, 0xbf, 0xff, 0xbe, 0xf7, 0xbf, 0xff, 0xdf, 0xff,
    0xbe, 0xf7, 0xdf, 0xf7, 0x28, 0x42, 0x41, 0x08, 0x41, 0x08, 0x21, 0x00,
    0x41, 0x00, 0x41, 0x08, 0x29, 0x42, 0xdf, 0xff, 0xbf, 0xf7, 0xbe, 0xff,
    0xdf, 0xff, 0xde, 0xf7, 0xbf, 0xf7, 0xbf, 0xff, 0xbe, 0xff, 0xbf, 0xf7,
    0xdf, 0xff, 0xbe, 0xf7, 0xbf, 0xff, 0xdf, 0xff, 0xbe, 0xf7, 0xbf, 0xff,
    0xbf, 0xff, 0xbe, 0xf7, 0xdf, 0xff, 0xbe, 0xff, 0xbe, 0xff, 0xdf, 0xff,
    0xbf, 0xf7, 0xbe, 0xf7, 0x28, 0x42, 0x41, 0x08, 0x21, 0x08, 0x21, 0x00,
    0x41, 0x08, 0x41, 0x08, 0x21, 0x00, 0x41, 0x08, 0x41, 0x08, 0x21, 0x08,
    0x42, 0x08, 0x41, 0x00, 0x21, 0x08, 0x42, 0x08, 0x41, 0x08, 0x21, 0x00,
    0x41, 0x08, 0x41, 0x08, 0x41, 0x00, 0x21, 0x08, 0x42, 0x00, 0x41, 0x08,
    0x41, 0x08, 0x21, 0x00, 0x41, 0x08, 0x41, 0x08, 0x21, 0x00, 0x41, 0x08,
    0xbf, 0xf7, 0xdf, 0xf7, 0xbf, 0xff, 0xbe, 0xff, 0xbf, 0xf7, 0xbf, 0xff,
    0xbe, 0xf7, 0xbf, 0xff, 0xbe, 0xf7, 0xbf, 0xff, 0xbf, 0xff, 0xdf, 0xf7,
    0xf0, 0x83, 0x41, 0x08, 0x41, 0x08, 0x21, 0x00, 0x41, 0x08, 0x41, 0x08,
    0x41, 0x00, 0x41, 0x08, 0x41, 0x00, 0x41, 0x08, 0x41, 0x08, 0x41, 0x08,
    0x21, 0x00, 0x41, 0x08, 0x21, 0x08, 0x41, 0x08, 0x21, 0x08, 0x41, 0x08,
    0x41, 0x00, 0x22, 0x08, 0x41, 0x08, 0x41, 0x08, 0x41, 0x08, 0x21, 0x00,
    0x41, 0x08, 0x21, 0x00, 0x42, 0x08, 0x41, 0x00, 0xd7, 0xbd, 0xdf, 0xff,
    0xbf, 0xff, 0xbe, 0xf7, 0xdf, 0xff, 0xbe, 0xff, 0xbf, 0xf7, 0xde, 0xff,
    0xbf, 0xf7, 0xbf, 0xf7, 0xbf, 0xff, 0xde, 0xf7, 0xf7, 0xbd, 0x21, 0x08,
    0x41, 0x00, 0x41, 0x08, 0x41, 0x08, 0x21, 0x00, 0x21, 0x00, 0x41, 0x08,
    0x41, 0x08, 0x22, 0x00, 0x41, 0x08, 0x21, 0x08, 0x41, 0x08, 0x21, 0x08,
    0x41, 0x08, 0x21, 0x08, 0x21, 0x08, 0x41, 0x08, 0x42, 0x08, 0x21, 0x08,
    0x41, 0x08, 0x41, 0x08, 0x41, 0x08, 0x41, 0x00, 0x41, 0x08, 0x41, 0x08,
    0x21, 0x08, 0x41, 0x00, 0x10, 0x84, 0xde, 0xf7, 0xbf, 0xff, 0xbf, 0xf7,
    0xbe, 0xff, 0xbf, 0xff, 0xdf, 0xf7, 0xbe, 0xff, 0xbf, 0xff, 0xdf, 0xf7,
    0xde, 0xff, 0xbf, 0xff, 0xbf, 0xf7, 0xbf, 0xff, 0xde, 0xff, 0xbf, 0xf7,
    0xbf, 0xff, 0xde, 0xff, 0xbf, 0xf7, 0xbf, 0xff, 0xbe, 0xff, 0xde, 0xf7,
    0xbf, 0xf7, 0x28, 0x42, 0x41, 0x08, 0x21, 0x08, 0x41, 0x08, 0x41, 0x08,
    0x21, 0x08, 0x41, 0x00, 0x41, 0x08, 0xbf, 0xf7, 0xdf, 0xff, 0xbe, 0xff,
    0xbf, 0xff, 0xbf, 0xf7, 0xde, 0xff, 0xbf, 0xf7, 0xbf, 0xff, 0xbe, 0xf7,
    0xdf, 0xff, 0xbf, 0xff, 0xbe, 0xf7, 0xbf, 0xff, 0xdf, 0xff, 0xbe, 0xf7,
    0xdf, 0xff, 0xbe, 0xf7, 0xbf, 0xff, 0xbf, 0xff, 0xbe, 0xf7, 0xdf, 0xff,
    0xbe, 0xff, 0xbe, 0xf7, 0x10, 0x84, 0x21, 0x00, 0x41, 0x08, 0x21, 0x08,
    0x21, 0x00, 0x41, 0x08, 0x42, 0x08, 0x41, 0x00, 0x41, 0x08, 0x42, 0x08,
    0x21, 0x08, 0x41, 0x08, 0x42, 0x08, 0x21, 0x08, 0x41, 0x08, 0x21, 0x08,
    0x21, 0x00, 0x41, 0x08, 0x41, 0x08, 0x22, 0x08, 0x41, 0x08, 0x41, 0x08,
    0x42, 0x08, 0x41, 0x00, 0x41, 0x08, 0x21, 0x08, 0x41, 0x08, 0x41, 0x08,
    0xf7, 0xbd, 0xbf, 0xf7, 0xdf, 0xff, 0xbf, 0xff, 0xbe, 0xf7, 0xbf, 0xf7,
    0xde, 0xff, 0xbf, 0xf7, 0xdf, 0xff, 0xbf, 0xf7, 0xbf, 0xf7, 0xde, 0xff,
    0xd7, 0xbd, 0x21, 0x00, 0x41, 0x08, 0x41, 0x08, 0x21, 0x00, 0x41, 0x08,
    0x41, 0x08, 0x21, 0x00, 0x41, 0x08, 0x42, 0x08, 0x21, 0x08, 0x41, 0x08,
    0x41, 0x00, 0x41, 0x00, 0x21, 0x08, 0x41, 0x00, 0x41, 0x08, 0x42, 0x08,
    0x41, 0x00, 0x41, 0x08, 0x41, 0x08, 0x41, 0x00, 0x42, 0x08, 0x41, 0x08,
    0x21, 0x00, 0x41, 0x08, 0x21, 0x08, 0x21, 0x08, 0xf0, 0x83, 0xbf, 0xf7,
    0xbf, 0xff, 0xbe, 0xff, 0xbf, 0xf7, 0xde, 0xff, 0xbf, 0xff, 0xbf, 0xff,
    0xde, 0xf7, 0xbf, 0xf7, 0xbf, 0xff, 0xde, 0xf7, 0xbf, 0xff, 0xbe, 0xf7,
    0xbf, 0xf7, 0xbf, 0xff, 0xde, 0xff, 0xbe, 0xf7, 0xdf, 0xff, 0xbf, 0xff,
    0xbe, 0xf7, 0xdf, 0xff, 0xbf, 0xff, 0x28, 0x42, 0x41, 0x08, 0x42, 0x08,
    0x21, 0x08, 0x41, 0x08, 0x21, 0x08, 0x28, 0x42, 0xbf, 0xff, 0xdf, 0xff,
    0xbf, 0xf7, 0xbe, 0xff, 0xdf, 0xff, 0xdf, 0xf7, 0xbe, 0xff, 0xbe, 0xff,
    0xbf, 0xf7, 0xbf, 0xff, 0xde, 0xff, 0xbf, 0xf7, 0xbe, 0xff, 0xbf, 0xf7,
    0xdf, 0xff, 0xbe, 0xf7, 0xbf, 0xff, 0xbf, 0xf7, 0xdf, 0xf7, 0xbe, 0xff,
    0xbf, 0xff, 0xbf, 0xff, 0xdf, 0xf7, 0x28, 0x42, 0x41, 0x08, 0x21, 0x08,
    0x41, 0x00, 0x41, 0x08, 0x42, 0x08, 0x21, 0x00, 0x41, 0x08, 0x41, 0x08,
    0x21, 0x08, 0x41, 0x08, 0x41, 0x00, 0x41, 0x08, 0x41, 0x08, 0x41, 0x08,
    0x42, 0x08, 0x21, 0x08, 0x41, 0x08, 0x42, 0x08, 0x41, 0x08, 0x21, 0x08,
    0x41, 0x00, 0x41, 0x08, 0x21, 0x08, 0x21, 0x00, 0x42, 0x08, 0x41, 0x08,
    0x41, 0x08, 0xbf, 0xf7, 0xbe, 0xff, 0xbf, 0xff, 0xdf, 0xf7, 0xbe, 0xff,
    0xbf, 0xff, 0xdf, 0xf7, 0xbe, 0xff, 0xbf, 0xff, 0xde, 0xf7, 0xbe, 0xff,
    0xbf, 0xf7, 0x10, 0x7c, 0x41, 0x08, 0x41, 0x08, 0x21, 0x00, 0x21, 0x08,
    0x41, 0x08, 0x42, 0x08, 0x21, 0x08, 0x41, 0x08, 0x22, 0x00, 0x41, 0x08,
    0x41, 0x08, 0x41, 0x08, 0x21, 0x00, 0x41, 0x08, 0x42, 0x08, 0x21, 0x00,
    0x41, 0x08, 0x41, 0x08, 0x41, 0x00, 0x41, 0x08, 0x41, 0x08, 0x21, 0x08,
    0x21, 0x08, 0x41, 0x08, 0x21, 0x00, 0x41, 0x08, 0x41, 0x08, 0xd7, 0xbd,
    0xdf, 0xff, 0xbf, 0xff, 0xbe, 0xf7, 0xbf, 0xff, 0xbf, 0xff, 0xbe, 0xf7,
    0xdf, 0xff, 0xbe, 0xff, 0xbf, 0xff, 0xbf, 0xff, 0xdf, 0xf7, 0xd7, 0xbd,
    0x21, 0x08, 0x41, 0x00, 0x21, 0x00, 0x41, 0x08, 0x41, 0x08, 0x21, 0x00,
    0x41, 0x08, 0x41, 0x08, 0x41, 0x08, 0x41, 0x08, 0x41, 0x00, 0x21, 0x08,
    0x41, 0x00, 0x41, 0x08, 0x41, 0x00, 0x41, 0x00, 0x41, 0x08, 0x21, 0x00,
    0x41, 0x08, 0x41, 0x00, 0x21, 0x08, 0x41, 0x08, 0x21, 0x08, 0x41, 0x08,
    0x41, 0x08, 0x21, 0x00, 0x41, 0x08, 0x10, 0x84, 0xbf, 0xf7, 0xbe, 0xff,
    0xdf, 0xff, 0xbe, 0xf7, 0xbf, 0xff, 0xbe, 0xff, 0xbf, 0xf7, 0xbf, 0xff,
    0xbe, 0xff, 0xbf, 0xf7, 0xde, 0xff, 0xbf, 0xf7, 0xbe, 0xff, 0xbf, 0xff,
    0xde, 0xf7, 0xbf, 0xff, 0xbe, 0xf7, 0xdf, 0xff, 0xbf, 0xff, 0xbe, 0xff,
    0xdf, 0xf7, 0xbf, 0xff, 0x28, 0x42, 0x41, 0x08, 0x21, 0x00, 0x41, 0x08,
    0x41, 0x08, 0x41, 0x08, 0x41, 0x08, 0x41, 0x08, 0xbf, 0xf7, 0xdf, 0xff,
    0xbe, 0xff, 0xbf, 0xf7, 0xdf, 0xff, 0xde, 0xf7, 0xbf, 0xff, 0xbf, 0xff,
    0xbe, 0xf7, 0xbf, 0xff, 0xde, 0xff, 0xbf, 0xf7, 0xbf, 0xff, 0xbe, 0xff,
    0xbf, 0xf7, 0xdf, 0xff, 0xbe, 0xff, 0xbf, 0xf7, 0xdf, 0xff, 0xbe, 0xf7,
    0xbf, 0xff, 0xbf, 0xf7, 0xbf, 0xff, 0x10, 0x84, 0x41, 0x00, 0x41, 0x08,
    0x21, 0x08, 0x41, 0x08, 0x41, 0x08, 0x21, 0x00, 0x41, 0x08, 0x41, 0x08,
    0x21, 0x00, 0x41, 0x08, 0x41, 0x00, 0x41, 0x08, 0x41, 0x00, 0x41, 0x08,
    0x42, 0x08, 0x41, 0x00, 0x41, 0x08, 0x21, 0x00, 0x41, 0x00, 0x41, 0x08,
    0x41, 0x08, 0x21, 0x00, 0x41, 0x08, 0x41, 0x08, 0x21, 0x08, 0x41, 0x00,
    0x41, 0x08, 0xf7, 0xbd, 0xbf, 0xf7, 0xde, 0xff, 0xdf, 0xf7, 0xbf, 0xff,
    0xdf, 0xff, 0xbe, 0xff, 0xbf, 0xff, 0xbe, 0xf7, 0xdf, 0xff, 0xbf, 0xff,
    0xbf, 0xf7, 0xf7, 0xbd, 0x21, 0x08, 0x41, 0x08, 0x41, 0x08, 0x21, 0x00,
    0x41, 0x08, 0x41, 0x08, 0x21, 0x08, 0x41, 0x00, 0x41, 0x08, 0x21, 0x08,
    0x42, 0x08, 0x41, 0x08, 0x41, 0x08, 0x21, 0x08, 0x41, 0x00, 0x41, 0x08,
    0x21, 0x08, 0x41, 0x08, 0x21, 0x08, 0x42, 0x08, 0x21, 0x00, 0x41, 0x08,
    0x41, 0x08, 0x21, 0x00, 0x42, 0x08, 0x41, 0x00, 0x41, 0x00, 0x10, 0x84,
    0xbf, 0xf7, 0xbe, 0xff, 0xdf, 0xff, 0xbf, 0xf7, 0xbe, 0xf7, 0xbf, 0xff,
    0xde, 0xff, 0xbf, 0xff, 0xbf, 0xff, 0xbe, 0xf7, 0xbf, 0xff, 0xdf, 0xff,
    0xbe, 0xff, 0xbf, 0xf7, 0xdf, 0xff, 0xbe, 0xf7, 0xbf, 0xff, 0xbf, 0xff,
    0xbe, 0xf7, 0xdf, 0xff, 0xbf, 0xff, 0xdf, 0xf7, 0x28, 0x42, 0x21, 0x08,
    0x41, 0x00, 0x41, 0x08, 0x41, 0x08, 0x21, 0x08, 0x28, 0x42, 0xdf, 0xf7,
    0xbe, 0xf7, 0xbf, 0xff, 0xdf, 0xff, 0xbe, 0xf7, 0xdf, 0xff, 0xbf, 0xff,
    0xbf, 0xf7, 0xde, 0xff, 0xbf, 0xff, 0xbf, 0xf7, 0xbe, 0xff, 0xbf, 0xff,
    0xdf, 0xff, 0xbe, 0xf7, 0xbf, 0xff, 0xde, 0xff, 0xbf, 0xff, 0xbf, 0xf7,
    0xbe, 0xf7, 0xbf, 0xff, 0xbe, 0xff, 0xdf, 0xf7, 0x28, 0x42, 0x41, 0x08,
    0x21, 0x08, 0x21, 0x00, 0x41, 0x08, 0x41, 0x08, 0x21, 0x08, 0x41, 0x08,
    0x42, 0x00, 0x41, 0x08, 0x41, 0x08, 0x21, 0x08, 0x41, 0x00, 0x21, 0x08,
    0x41, 0x00, 0x41, 0x08, 0x41, 0x00, 0x21, 0x08, 0x41, 0x08, 0x41, 0x00,
    0x41, 0x08, 0x21, 0x08, 0x42, 0x08, 0x21, 0x00, 0x41, 0x08, 0x41, 0x08,
    0x21, 0x00, 0x41, 0x08, 0xdf, 0xf7, 0xbe, 0xff, 0xbf, 0xff, 0xdf, 0xf7,
    0xbe, 0xff, 0xbf, 0xff, 0xdf, 0xf7, 0xbe, 0xff, 0xbf, 0xff, 0xdf, 0xf7,
    0xbe, 0xff, 0xdf, 0xff, 0xf0, 0x7b, 0x41, 0x08, 0x41, 0x08, 0x21, 0x00,
    0x41, 0x08, 0x41, 0x08, 0x21, 0x00, 0x41, 0x08, 0x41, 0x08, 0x21, 0x08,
    0x41, 0x00, 0x41, 0x08, 0x42, 0x08, 0x41, 0x08, 0x41, 0x00, 0x41, 0x08,
    0x41, 0x08, 0x21, 0x08, 0x42, 0x08, 0x21, 0x00, 0x41, 0x08, 0x41, 0x00,
    0x42, 0x00, 0x21, 0x08, 0x41, 0x08, 0x41, 0x00, 0x41, 0x08, 0x41, 0x08,
    0xd7, 0xbd, 0xdf, 0xf7, 0xdf, 0xff, 0xbe, 0xf7, 0xbf, 0xff, 0xdf, 0xf7,
    0xbe, 0xff, 0xbf, 0xff, 0xbf, 0xf7, 0xde, 0xff, 0xbe, 0xff, 0xdf, 0xf7,
    0xd7, 0xbd, 0x41, 0x08, 0x21, 0x08, 0x21, 0x08, 0x41, 0x08, 0x21, 0x08,
    0x41, 0x08, 0x41, 0x08, 0x21, 0x00, 0x41, 0x08, 0x41, 0x08, 0x42, 0x08,
    0x41, 0x08, 0x41, 0x08, 0x42, 0x08, 0x21, 0x08, 0x41, 0x08, 0x42, 0x08,
    0x41, 0x08, 0x41, 0x00, 0x42, 0x08, 0x41, 0x08, 0x21, 0x00, 0x42, 0x08,
    0x41, 0x08, 0x41, 0x00, 0x21, 0x00, 0x21, 0x08, 0x10, 0x84, 0xbf, 0xf7,
    0xbe, 0xff, 0xdf, 0xf7, 0xbf, 0xff, 0xbe, 0xf7, 0xdf, 0xff, 0xdf, 0xf7,
    0xbe, 0xff, 0xbf, 0xff, 0xbf, 0xf7, 0xbe, 0xff, 0xdf, 0xff, 0xbf, 0xf7,
    0xbe, 0xff, 0xbf, 0xff, 0xbf, 0xf7, 0xbe, 0xff, 0xbf, 0xf7, 0xbf, 0xff,
    0xbe, 0xf7, 0xdf, 0xff, 0xbf, 0xff, 0x28, 0x42, 0x41, 0x08, 0x21, 0x00,
    0x41, 0x08, 0x41, 0x08, 0x41, 0x00, 0x21, 0x08, 0x41, 0x08, 0xbf, 0xf7,
    0xdf, 0xf7, 0xbe, 0xff, 0xbf, 0xff, 0xbe, 0xff, 0xdf, 0xf7, 0xdf, 0xf7,
    0xbe, 0xff, 0xbf, 0xff, 0xdf, 0xf7, 0xbe, 0xff, 0xbf, 0xf7, 0xde, 0xff,
    0xbf, 0xf7, 0xbf, 0xff, 0xbe, 0xff, 0xbf, 0xf7, 0xde, 0xff, 0xbf, 0xff,
    0xbf, 0xff, 0xde, 0xf7, 0xbf, 0xff, 0xbf, 0xff, 0x10, 0x7c, 0x21, 0x08,
    0x41, 0x08, 0x21, 0x00, 0x41, 0x00, 0x41, 0x08, 0x41, 0x08, 0x21, 0x08,
    0x41, 0x08, 0x41, 0x00, 0x41, 0x08, 0x21, 0x08, 0x41, 0x00, 0x41, 0x08,
    0x21, 0x08, 0x41, 0x08, 0x41, 0x08, 0x41, 0x08, 0x41, 0x08, 0x21, 0x08,
    0x41, 0x08, 0x41, 0x00, 0x21, 0x08, 0x41, 0x08, 0x42, 0x08, 0x41, 0x00,
    0x41, 0x08, 0x41, 0x08, 0xf7, 0xbd, 0xbf, 0xff, 0xbf, 0xff, 0xde, 0xff,
    0xbf, 0xf7, 0xbe, 0xff, 0xbf, 0xf7, 0xbf, 0xff, 0xbe, 0xff, 0xde, 0xff,
    0xbf, 0xff, 0xbf, 0xf7, 0xf7, 0xbd, 0x41, 0x08, 0x41, 0x08, 0x41, 0x08,
    0x21, 0x00, 0x42, 0x08, 0x41, 0x08, 0x41, 0x08, 0x42, 0x00, 0x41, 0x08,
    0x41, 0x00, 0x21, 0x08, 0x41, 0x08, 0x41, 0x08, 0x42, 0x08, 0x41, 0x08,
    0x21, 0x00, 0x41, 0x08, 0x41, 0x08, 0x41, 0x00, 0x21, 0x08, 0x41, 0x08,
    0x41, 0x08, 0x41, 0x08, 0x21, 0x00, 0x41, 0x08, 0x21, 0x08, 0x41, 0x08,
    0x10, 0x84, 0xdf, 0xf7, 0xbe, 0xff, 0xbf, 0xff, 0xbf, 0xf7, 0xbe, 0xff,
    0xdf, 0xf7, 0xbf, 0xf7, 0xbe, 0xff, 0xdf, 0xff, 0xbe, 0xf7, 0xbf, 0xff,
    0xbf, 0xff, 0xde, 0xf7, 0xbf, 0xff, 0xbf, 0xff, 0xbe, 0xf7, 0xdf, 0xff,
    0xdf, 0xff, 0xbe, 0xf7, 0xdf, 0xf7, 0xdf, 0xff, 0xbe, 0xf7, 0x28, 0x42,
    0x41, 0x08, 0x41, 0x08, 0x21, 0x08, 0x41, 0x00, 0x21, 0x00, 0x28, 0x42,
    0xdf, 0xff, 0xbf, 0xff, 0xbe, 0xff, 0xbf, 0xf7, 0xde, 0xf7, 0xbf, 0xff,
    0xbf, 0xf7, 0xbe, 0xff, 0xdf, 0xff, 0xbe, 0xf7, 0xbf, 0xf7, 0xdf, 0xff,
    0xbe, 0xf7, 0xbf, 0xff, 0xbf, 0xff, 0xbe, 0xf7, 0xdf, 0xff, 0xbe, 0xff,
    0xbf, 0xff, 0xdf, 0xf7, 0xbe, 0xff, 0xbf, 0xff, 0xbf, 0xf7, 0x28, 0x42,
    0x41, 0x08, 0x21, 0x08, 0x41, 0x00, 0x41, 0x08, 0x41, 0x08, 0x21, 0x00,
    0x41, 0x08, 0x41, 0x08, 0x21, 0x00, 0x42, 0x08, 0x41, 0x08, 0x41, 0x08,
    0x42, 0x08, 0x21, 0x08, 0x41, 0x00, 0x41, 0x08, 0x41, 0x08, 0x21, 0x00,
    0x41, 0x08, 0x41, 0x08, 0x41, 0x08, 0x41, 0x00, 0x21, 0x08, 0x41, 0x08,
    0x41, 0x08, 0x21, 0x00, 0x41, 0x08, 0xdf, 0xf7, 0xbf, 0xf7, 0xbe, 0xff,
    0xbf, 0xf7, 0xbe, 0xff, 0xbf, 0xf7, 0xbe, 0xff, 0xbf, 0xff, 0xbf, 0xf7,
    0xbf, 0xff, 0xbf, 0xff, 0xde, 0xf7, 0xf0, 0x83, 0x41, 0x08, 0x41, 0x08,
    0x21, 0x00, 0x41, 0x08, 0x41, 0x08, 0x41, 0x00, 0x41, 0x08, 0x41, 0x08,
    0x41, 0x08, 0x21, 0x08, 0x41, 0x00, 0x21, 0x08, 0x41, 0x08, 0x21, 0x08,
    0x41, 0x00, 0x41, 0x08, 0x41, 0x08, 0x41, 0x00, 0x21, 0x08, 0x41, 0x08,
    0x41, 0x08, 0x41, 0x08, 0x21, 0x00, 0x41, 0x08, 0x21, 0x08, 0x41, 0x08,
    0x41, 0x08, 0xd7, 0xbd, 0xbf, 0xf7, 0xbf, 0xff, 0xbe, 0xff, 0xdf, 0xf7,
    0xbf, 0xff, 0xbe, 0xff, 0xbf, 0xf7, 0xdf, 0xf7, 0xbe, 0xff, 0xdf, 0xf7,
    0xbf, 0xf7, 0xf7, 0xbd, 0x41, 0x08, 0x21, 0x00, 0x41, 0x08, 0x41, 0x08,
    0x21, 0x00, 0x21, 0x00, 0x41, 0x08, 0x42, 0x08, 0x21, 0x00, 0x41, 0x08,
    0x21, 0x08, 0x41, 0x00, 0x41, 0x08, 0x21, 0x08, 0x41, 0x00, 0x41, 0x08,
    0x21, 0x08, 0x41, 0x08, 0x21, 0x08, 0x41, 0x08, 0x41, 0x08, 0x41, 0x00,
    0x41, 0x08, 0x41, 0x08, 0x41, 0x08, 0x21, 0x08, 0x41, 0x00, 0x10, 0x84,
    0xde, 0xf7, 0xbf, 0xff, 0xbf, 0xff, 0xbe, 0xf7, 0xbf, 0xff, 0xbf, 0xff,
    0xbe, 0xf7, 0xde, 0xff, 0xbf, 0xf7, 0xdf, 0xff, 0xbe, 0xff, 0xbf, 0xf7,
    0xdf, 0xff, 0xbe, 0xf7, 0xdf, 0xff, 0xbf, 0xff, 0xde, 0xf7, 0xbf, 0xff,
    0xbe, 0xf7, 0xdf, 0xff, 0xdf, 0xf7, 0xbe, 0xf7, 0x28, 0x42, 0x41, 0x08,
    0x21, 0x08, 0x41, 0x08, 0x41, 0x08, 0x42, 0x08, 0x41, 0x08, 0x41, 0x08,
    0xbf, 0xf7, 0xbe, 0xf7, 0xbf, 0xff, 0xbf, 0xff, 0xbe, 0xf7, 0xdf, 0xff,
    0xde, 0xf7, 0xbf, 0xff, 0xbf, 0xff, 0xbe, 0xf7, 0xbf, 0xff, 0xbf, 0xff,
    0xde, 0xf7, 0xbf, 0xff, 0xbe, 0xff, 0xdf, 0xf7, 0xbf, 0xf7, 0xbe, 0xff,
    0xbf, 0xf7, 0xbe, 0xff, 0xde, 0xff, 0xbf, 0xf7, 0xbe, 0xff, 0x10, 0x7c,
    0x21, 0x08, 0x41, 0x08, 0x21, 0x00, 0x21, 0x08, 0x41, 0x08, 0x41, 0x08,
    0x42, 0x00, 0x41, 0x08, 0x41, 0x08, 0x22, 0x08, 0x41, 0x08, 0x41, 0x08,
    0x22, 0x08, 0x41, 0x00, 0x41, 0x08, 0x21, 0x08, 0x42, 0x00, 0x41, 0x08,
    0x21, 0x08, 0x42, 0x08, 0x41, 0x08, 0x41, 0x08, 0x41, 0x08, 0x41, 0x00,
    0x21, 0x00, 0x42, 0x08, 0x41, 0x08, 0xf7, 0xbd, 0xbf, 0xf7, 0xbf, 0xf7,
    0xbe, 0xff, 0xdf, 0xff, 0xdf, 0xff, 0xbe, 0xf7, 0xbf, 0xf7, 0xdf, 0xff,
    0xbe, 0xf7, 0xbf, 0xff, 0xbe, 0xff, 0xf7, 0xbd, 0x21, 0x00, 0x41, 0x08,
    0x41, 0x08, 0x21, 0x00, 0x41, 0x08, 0x41, 0x08, 0x21, 0x00, 0x21, 0x08,
    0x41, 0x08, 0x41, 0x08, 0x41, 0x00, 0x21, 0x00, 0x41, 0x08, 0x41, 0x08,
    0x21, 0x00, 0x42, 0x08, 0x41, 0x08, 0x41, 0x00, 0x42, 0x08, 0x41, 0x08,
    0x41, 0x08, 0x41, 0x00, 0x41, 0x08, 0x21, 0x08, 0x41, 0x08, 0x21, 0x00,
    0x21, 0x08, 0xf0, 0x7b, 0xdf, 0xf7, 0xbe, 0xff, 0xbf, 0xff, 0xdf, 0xff,
    0xbe, 0xff, 0xbf, 0xff, 0xbf, 0xf7, 0xbe, 0xff, 0xdf, 0xf7, 0xbf, 0xff,
    0xbe, 0xf7, 0xdf, 0xff, 0xbe, 0xf7, 0xbf, 0xff, 0xbe, 0xff, 0xbf, 0xf7,
    0xbf, 0xff, 0xbe, 0xff, 0xbf, 0xf7, 0xdf, 0xff, 0xbe, 0xff, 0xbf, 0xff,
    0x29, 0x42, 0x41, 0x00, 0x41, 0x08, 0x21, 0x08, 0x41, 0x08, 0x41, 0x08,
    0x28, 0x42, 0xbf, 0xf7, 0xdf, 0xff, 0xbe, 0xff, 0xdf, 0xff, 0xdf, 0xf7,
    0xbe, 0xf7, 0xbe, 0xff, 0xdf, 0xff, 0xbf, 0xf7, 0xbe, 0xff, 0xbf, 0xff,
    0xdf, 0xff, 0xbe, 0xf7, 0xbe, 0xf7, 0xdf, 0xff, 0xbf, 0xf7, 0xbe, 0xf7,
    0xbf, 0xff, 0xdf, 0xff, 0xbe, 0xf7, 0xbf, 0xff, 0xdf, 0xff, 0xde, 0xf7,
    0x28, 0x42, 0x41, 0x08, 0x21, 0x08, 0x21, 0x00, 0x41, 0x08, 0x42, 0x08,
    0x21, 0x00, 0x41, 0x08, 0x41, 0x08, 0x21, 0x08, 0x41, 0x00, 0x41, 0x08,
    0x21, 0x08, 0x41, 0x00, 0x41, 0x08, 0x21, 0x08, 0x42, 0x08, 0x41, 0x08,
    0x41, 0x08, 0x22, 0x00, 0x41, 0x08, 0x41, 0x08, 0x41, 0x00, 0x21, 0x00,
    0x21, 0x08, 0x41, 0x08, 0x21, 0x00, 0x41, 0x08, 0xbf, 0xff, 0xdf, 0xf7,
    0xbe, 0xff, 0xdf, 0xff, 0xbf, 0xf7, 0xde, 0xff, 0xbf, 0xff, 0xde, 0xf7,
    0xbe, 0xf7, 0xbf, 0xff, 0xbf, 0xf7, 0xdf, 0xf7, 0xf0, 0x83, 0x41, 0x08,
    0x41, 0x08, 0x21, 0x00, 0x21, 0x08, 0x41, 0x08, 0x42, 0x08, 0x21, 0x00,
    0x41, 0x08, 0x42, 0x08, 0x41, 0x00, 0x41, 0x08, 0x41, 0x08, 0x22, 0x08,
    0x41, 0x08, 0x41, 0x00, 0x22, 0x08, 0x41, 0x08, 0x41, 0x08, 0x41, 0x08,
    0x21, 0x08, 0x41, 0x08, 0x41, 0x08, 0x21, 0x00, 0x41, 0x08, 0x21, 0x00,
    0x41, 0x08, 0x41, 0x08, 0xd7, 0xbd, 0xdf, 0xff, 0xbf, 0xf7, 0xbe, 0xff,
    0xbf, 0xff, 0xbe, 0xf7, 0xdf, 0xff, 0xbf, 0xff, 0xbe, 0xff, 0xbf, 0xff,
    0xbf, 0xff, 0xde, 0xf7, 0xd7, 0xbd, 0x21, 0x08, 0x41, 0x00, 0x41, 0x00,
    0x41, 0x08, 0x21, 0x00, 0x41, 0x08, 0x41, 0x08, 0x41, 0x08, 0x41, 0x08,
    0x41, 0x00, 0x21, 0x08, 0x41, 0x08, 0x41, 0x00, 0x21, 0x08, 0x42, 0x08,
    0x41, 0x00, 0x41, 0x08, 0x21, 0x00, 0x41, 0x08, 0x41, 0x08, 0x21, 0x00,
    0x41, 0x08, 0x21, 0x08, 0x42, 0x00, 0x41, 0x08, 0x21, 0x08, 0x21, 0x00,
    0x10, 0x84, 0xdf, 0xf7, 0xbe, 0xff, 0xbf, 0xff, 0xde, 0xf7, 0xbf, 0xff,
    0xbf, 0xff, 0xbe, 0xf7, 0xbf, 0xff, 0xbf, 0xff, 0xbe, 0xf7, 0xbf, 0xff,
    0xbe, 0xff, 0xbf, 0xf7, 0xbf, 0xff, 0xbe, 0xf7, 0xdf, 0xff, 0xbf, 0xff,
    0xbe, 0xff, 0xbf, 0xff, 0xbf, 0xff, 0xde, 0xf7, 0xbf, 0xf7, 0x28, 0x42,
    0x41, 0x08, 0x21, 0x00, 0x41, 0x08, 0x41, 0x08, 0x21, 0x08, 0x41, 0x00,
    0x41, 0x08, 0xbf, 0xff, 0xdf, 0xf7, 0xde, 0xff, 0xbf, 0xf7, 0xbf, 0xff,
    0xde, 0xf7, 0xbf, 0xff, 0xbe, 0xff, 0xdf, 0xf7, 0xbe, 0xff, 0xbf, 0xff,
    0xdf, 0xf7, 0xbe, 0xff, 0xbf, 0xff, 0xbf, 0xf7, 0xde, 0xff, 0xbf, 0xff,
    0xbf, 0xf7, 0xde, 0xff, 0xbf, 0xf7, 0xbf, 0xff, 0xbf, 0xff, 0xbe, 0xf7,
    0x10, 0x84, 0x41, 0x08, 0x41, 0x08, 0x41, 0x08, 0x21, 0x00, 0x41, 0x08,
    0x41, 0x08, 0x21, 0x00, 0x41, 0x08, 0x41, 0x08, 0x41, 0x00, 0x41, 0x08,
    0x41, 0x08, 0x41, 0x00, 0x41, 0x08, 0x41, 0x08, 0x21, 0x00, 0x41, 0x08,
    0x41, 0x08, 0x41, 0x00, 0x41, 0x00, 0x21, 0x08, 0x42, 0x08, 0x41, 0x00,
    0x41, 0x08, 0x21, 0x08, 0x41, 0x08, 0x41, 0x08, 0xf7, 0xbd, 0xbf, 0xf7,
    0xdf, 0xff, 0xdf, 0xff, 0xbe, 0xf7, 0xbf, 0xff, 0xbf, 0xff, 0xbe, 0xff,
    0xbf, 0xf7, 0xbf, 0xff, 0xbe, 0xf7, 0xdf, 0xf7, 0xd7, 0xbd, 0x21, 0x08,
    0x41, 0x08, 0x41, 0x08, 0x21, 0x00, 0x41, 0x08, 0x41, 0x08, 0x41, 0x08,
    0x41, 0x08, 0x21, 0x08, 0x42, 0x08, 0x41, 0x08, 0x41, 0x08, 0x22, 0x08,
    0x41, 0x00, 0x41, 0x08, 0x41, 0x08, 0x21, 0x08, 0x21, 0x08, 0x41, 0x08,
    0x41, 0x00, 0x21, 0x08, 0x42, 0x08, 0x41, 0x00, 0x21, 0x08, 0x41, 0x08,
    0x41, 0x00, 0x21, 0x08, 0x10, 0x84, 0xbf, 0xf7, 0xbf, 0xff, 0xbe, 0xf7,
    0xdf, 0xf7, 0xbe, 0xff, 0xbf, 0xff, 0xde, 0xff, 0xbf, 0xf7, 0xbf, 0xff,
    0xbe, 0xff, 0xbf, 0xff, 0xbf, 0xf7, 0xbf, 0xff, 0xde, 0xff, 0xdf, 0xf7,
    0xbf, 0xff, 0xbe, 0xf7, 0xdf, 0xff, 0xbf, 0xff, 0xde, 0xf7, 0xdf, 0xf7,
    0xdf, 0xff, 0x28, 0x42, 0x21, 0x08, 0x41, 0x08, 0x41, 0x00, 0x41, 0x08,
    0x21, 0x08, 0x28, 0x42, 0xbf, 0xff, 0xdf, 0xff, 0xbe, 0xf7, 0xbf, 0xff,
    0xdf, 0xff, 0xdf, 0xf7, 0xbe, 0xff, 0xbf, 0xf7, 0xbf, 0xff, 0xbe, 0xff,
    0xdf, 0xf7, 0xbf, 0xff, 0xbe, 0xff, 0xbf, 0xff, 0xdf, 0xff, 0xbe, 0xff,
    0xbf, 0xf7, 0xbf, 0xff, 0xbe, 0xf7, 0xbf, 0xff, 0xbe, 0xff, 0xdf, 0xf7,
    0xbf, 0xff, 0x28, 0x42, 0x41, 0x08, 0x21, 0x08, 0x21, 0x00, 0x41, 0x08,
    0x41, 0x08, 0x21, 0x00, 0x41, 0x08, 0x41, 0x08, 0x41, 0x08, 0x41, 0x00,
    0x21, 0x08, 0x41, 0x08, 0x41, 0x00, 0x41, 0x08, 0x41, 0x08, 0x21, 0x00,
    0x41, 0x08, 0x41, 0x08, 0x41, 0x08, 0x21, 0x08, 0x41, 0x08, 0x42, 0x08,
    0x21, 0x00, 0x41, 0x08, 0x41, 0x08, 0x21, 0x00, 0x41, 0x08, 0xdf, 0xff,
    0xbe, 0xf7, 0xbf, 0xff, 0xbf, 0xff, 0xde, 0xf7, 0xbf, 0xff, 0xbf, 0xff,
    0xbf, 0xf7, 0xde, 0xff, 0xbe, 0xff, 0xbf, 0xff, 0xde, 0xf7, 0x10, 0x84,
    0x41, 0x08, 0x41, 0x00, 0x21, 0x08, 0x21, 0x00, 0x41, 0x08, 0x41, 0x08,
    0x21, 0x08, 0x41, 0x00, 0x41, 0x08, 0x21, 0x08, 0x41, 0x08, 0x41, 0x00,
    0x41, 0x08, 0x41, 0x08, 0x41, 0x08, 0x21, 0x00, 0x41, 0x08, 0x41, 0x08,
    0x42, 0x00, 0x41, 0x00, 0x41, 0x08, 0x42, 0x08, 0x21, 0x08, 0x41, 0x08,
    0x41, 0x00, 0x42, 0x08, 0x41, 0x08, 0xd7, 0xbd, 0xdf, 0xff, 0xbf, 0xf7,
    0xbe, 0xff, 0xdf, 0xff, 0xbf, 0xf7, 0xbe, 0xf7, 0xdf, 0xff, 0xbe, 0xf7,
    0xbf, 0xff, 0xbf, 0xff, 0xde, 0xf7, 0xf7, 0xbd, 0x21, 0x08, 0x21, 0x08,
    0x21, 0x08, 0x41, 0x08, 0x21, 0x08, 0x41, 0x00, 0x41, 0x08, 0x21, 0x08,
    0x41, 0x08, 0x42, 0x08, 0x41, 0x08, 0x41, 0x08, 0x42, 0x00, 0x41, 0x08,
    0x41, 0x08, 0x41, 0x08, 0x41, 0x08, 0x42, 0x00, 0x41, 0x08, 0x41, 0x08,
    0x42, 0x08, 0x21, 0x08, 0x41, 0x08, 0x41, 0x00, 0x41, 0x08, 0x21, 0x00,
    0x21, 0x08, 0x10, 0x84, 0xbf, 0xf7, 0xbe, 0xf7, 0xbf, 0xff, 0xdf, 0xff,
    0xbe, 0xf7, 0xdf, 0xff, 0xdf, 0xff, 0xbe, 0xf7, 0xbf, 0xff, 0xdf, 0xf7,
    0xde, 0xff, 0xbf, 0xff, 0xbe, 0xf7, 0xdf, 0xff, 0xbe, 0xff, 0xbf, 0xf7,
    0xbf, 0xf7, 0xde, 0xff, 0xbf, 0xf7, 0xbe, 0xff, 0xdf, 0xff, 0xbf, 0xff,
    0x28, 0x42, 0x41, 0x08, 0x21, 0x08, 0x41, 0x08, 0x21, 0x08, 0x41, 0x08,
    0x41, 0x00, 0x41, 0x08, 0xbf, 0xf7, 0xdf, 0xff, 0xde, 0xf7, 0xbf, 0xff,
    0xbf, 0xff, 0xde, 0xf7, 0xbf, 0xf7, 0xbf, 0xff, 0xbe, 0xf7, 0xdf, 0xff,
    0xbe, 0xf7, 0xbf, 0xff, 0xbf, 0xff, 0xbe, 0xf7, 0xdf, 0xff, 0xbe, 0xff,
    0xbf, 0xff, 0xbf, 0xff, 0xde, 0xf7, 0xbf, 0xff, 0xbf, 0xf7, 0xde, 0xff,
    0xbf, 0xff, 0xf0, 0x7b, 0x21, 0x08, 0x41, 0x08, 0x21, 0x00, 0x41, 0x08,
    0x41, 0x08, 0x41, 0x08, 0x21, 0x08, 0x41, 0x08, 0x21, 0x08, 0x41, 0x00,
    0x21, 0x08, 0x41, 0x08, 0x21, 0x08, 0x42, 0x08, 0x41, 0x08, 0x41, 0x00,
    0x21, 0x08, 0x41, 0x08, 0x42, 0x08, 0x21, 0x08, 0x41, 0x08, 0x41, 0x00,
    0x41, 0x08, 0x21, 0x08, 0x21, 0x08, 0x41, 0x08, 0x41, 0x08, 0xd7, 0xbd,
    0xbf, 0xff, 0xdf, 0xf7, 0xbe, 0xf7, 0xbf, 0xff, 0xdf, 0xff, 0xbe, 0xf7,
    0xdf, 0xff, 0xbf, 0xff, 0xbe, 0xff, 0xdf, 0xff, 0xbf, 0xf7, 0xf7, 0xbd,
    0x21, 0x08, 0x41, 0x08, 0x41, 0x00, 0x21, 0x08, 0x42, 0x08, 0x41, 0x00,
    0x41, 0x08, 0x42, 0x00, 0x41, 0x08, 0x21, 0x00, 0x41, 0x08, 0x41, 0x08,
    0x41, 0x08, 0x21, 0x08, 0x41, 0x08, 0x41, 0x00, 0x41, 0x08, 0x41, 0x08,
    0x41, 0x00, 0x21, 0x08, 0x41, 0x08, 0x41, 0x08, 0x21, 0x08, 0x21, 0x00,
    0x41, 0x08, 0x41, 0x08, 0x21, 0x00, 0x10, 0x84, 0xdf, 0xf7, 0xde, 0xff,
    0xbf, 0xff, 0xbf, 0xf7, 0xbe, 0xf7, 0xbf, 0xff, 0xdf, 0xf7, 0xbe, 0xff,
    0xbf, 0xff, 0xde, 0xf7, 0xdf, 0xff, 0xbe, 0xf7, 0xbf, 0xff, 0xbf, 0xf7,
    0xbe, 0xff, 0xbf, 0xff, 0xde, 0xf7, 0xbf, 0xff, 0xbf, 0xff, 0xbf, 0xff,
    0xbe, 0xff, 0xdf, 0xff, 0x28, 0x42, 0x41, 0x08, 0x41, 0x08, 0x41, 0x00,
    0x42, 0x08, 0x21, 0x00, 0x28, 0x42, 0xbf, 0xf7, 0xdf, 0xf7, 0xbe, 0xff,
    0xbf, 0xff, 0xbf, 0xf7, 0xde, 0xff, 0xbf, 0xff, 0xbf, 0xf7, 0xde, 0xff,
    0xbf, 0xf7, 0xbe, 0xf7, 0xbf, 0xff, 0xbf, 0xff, 0xde, 0xf7, 0xbf, 0xff,
    0xbf, 0xff, 0xde, 0xff, 0xbf, 0xf7, 0xdf, 0xff, 0xbe, 0xff, 0xbf, 0xf7,
    0xbf, 0xff, 0xbf, 0xf7, 0x28, 0x42, 0x41, 0x08, 0x21, 0x00, 0x41, 0x08,
    0x41, 0x08, 0x41, 0x08, 0x21, 0x00, 0x41, 0x08, 0x42, 0x08, 0x21, 0x00,
    0x41, 0x08, 0x42, 0x08, 0x41, 0x08, 0x21, 0x08, 0x42, 0x08, 0x41, 0x08,
    0x41, 0x00, 0x21, 0x08, 0x41, 0x08, 0x41, 0x00, 0x41, 0x08, 0x21, 0x08,
    0x41, 0x08, 0x21, 0x00, 0x41, 0x08, 0x41, 0x08, 0x21, 0x00, 0x41, 0x08,
    0xdf, 0xf7, 0xbf, 0xf7, 0xbe, 0xff, 0xbf, 0xff, 0xbe, 0xf7, 0xbf, 0xff,
    0xbf, 0xff, 0xbe, 0xf7, 0xdf, 0xff, 0xbf, 0xff, 0xbf, 0xf7, 0xdf, 0xf7,
    0xf0, 0x83, 0x41, 0x08, 0x41, 0x08, 0x21, 0x00, 0x41, 0x08, 0x41, 0x08,
    0x41, 0x00, 0x41, 0x08, 0x42, 0x08, 0x21, 0x08, 0x41, 0x08, 0x42, 0x00,
    0x21, 0x08, 0x41, 0x08, 0x41, 0x00, 0x21, 0x08, 0x41, 0x08, 0x41, 0x08,
    0x21, 0x08, 0x41, 0x08, 0x21, 0x08, 0x41, 0x00, 0x41, 0x08, 0x21, 0x00,
    0x41, 0x08, 0x21, 0x08, 0x41, 0x00, 0x41, 0x08, 0xd7, 0xbd, 0xdf, 0xf7,
    0xdf, 0xff, 0xbe, 0xf7, 0xbf, 0xff, 0xbf, 0xff, 0xbe, 0xff, 0xbf, 0xf7,
    0xdf, 0xf7, 0xbe, 0xff, 0xbf, 0xff, 0xdf, 0xf7, 0xf7, 0xbd, 0x21, 0x08,
    0x41, 0x00, 0x41, 0x08, 0x41, 0x08, 0x21, 0x00, 0x21, 0x08, 0x41, 0x08,
    0x41, 0x00, 0x21, 0x00, 0x41, 0x08, 0x41, 0x08, 0x21, 0x00, 0x41, 0x08,
    0x21, 0x08, 0x41, 0x00, 0x21, 0x08, 0x21, 0x08, 0x41, 0x08, 0x21, 0x00,
    0x41, 0x08, 0x41, 0x00, 0x41, 0x08, 0x41, 0x08, 0x21, 0x08, 0x41, 0x08,
    0x41, 0x00, 0x41, 0x08, 0x10, 0x84, 0xde, 0xf7, 0xbf, 0xff, 0xbf, 0xff,
    0xbe, 0xf7, 0xbf, 0xf7, 0xbe, 0xff, 0xbf, 0xff, 0xbe, 0xf7, 0xdf, 0xff,
    0xbf, 0xff, 0xbe, 0xf7, 0xbf, 0xff, 0xdf, 0xff, 0xbe, 0xf7, 0xbf, 0xff,
    0xbe, 0xff, 0xdf, 0xf7, 0xbf, 0xff, 0xbe, 0xf7, 0xbf, 0xf7, 0xdf, 0xff,
    0xbf, 0xf7, 0x28, 0x42, 0x41, 0x08, 0x21, 0x00, 0x41, 0x08, 0x41, 0x08,
    0x41, 0x08, 0x41, 0x08, 0x41, 0x08, 0xbf, 0xff, 0xbf, 0xff, 0xbe, 0xff,
    0xbf, 0xf7, 0xbe, 0xff, 0xdf, 0xf7, 0xdf, 0xff, 0xbe, 0xff, 0xbf, 0xff,
    0xbf, 0xf7, 0xbe, 0xff, 0xdf, 0xf7, 0xbf, 0xff, 0xbe, 0xf7, 0xbf, 0xf7,
    0xbf, 0xff, 0xbe, 0xf7, 0xdf, 0xff, 0xbf, 0xff, 0xbe, 0xf7, 0xbf, 0xff,
    0xdf, 0xff, 0xbf, 0xf7, 0x10, 0x7c, 0x41, 0x08, 0x41, 0x08, 0x21, 0x00,
    0x21, 0x00, 0x41, 0x08, 0x42, 0x08, 0x41, 0x00, 0x41, 0x08, 0x42, 0x08,
    0x21, 0x08, 0x42, 0x00, 0x41, 0x08, 0x41, 0x00, 0x21, 0x08, 0x41, 0x08,
    0x42, 0x08, 0x41, 0x08, 0x21, 0x00, 0x41, 0x08, 0x41, 0x08, 0x41, 0x08,
    0x41, 0x08, 0x41, 0x08, 0x42, 0x08, 0x41, 0x00, 0x41, 0x00, 0x41, 0x08,
    0xf7, 0xbd, 0xbf, 0xf7, 0xbe, 0xff, 0xdf, 0xff, 0xbf, 0xff, 0xbe, 0xf7,
    0xbf, 0xff, 0xbf, 0xf7, 0xde, 0xf7, 0xbf, 0xff, 0xbf, 0xff, 0xbe, 0xff,
    0xf7, 0xbd, 0x41, 0x00, 0x41, 0x08, 0x41, 0x08, 0x21, 0x00, 0x41, 0x08,
    0x21, 0x08, 0x21, 0x08, 0x41, 0x08, 0x41, 0x00, 0x41, 0x08, 0x21, 0x08,
    0x41, 0x00, 0x41, 0x00, 0x41, 0x08, 0x21, 0x08, 0x42, 0x00, 0x41, 0x08,
    0x41, 0x08, 0x22, 0x08, 0x41, 0x08, 0x41, 0x00, 0x41, 0x08, 0x41, 0x08,
    0x21, 0x00, 0x41, 0x08, 0x21, 0x08, 0x21, 0x08, 0x10, 0x7c, 0xbf, 0xf7,
    0xbe, 0xff, 0xbf, 0xff, 0xbf, 0xff, 0xde, 0xff, 0xbf, 0xf7, 0xbf, 0xff,
    0xbe, 0xff, 0xbf, 0xf7, 0xbf, 0xff, 0xbe, 0xf7, 0xdf, 0xff, 0xbe, 0xff,
    0xbf, 0xf7, 0xbf, 0xff, 0xde, 0xff, 0xbf, 0xf7, 0xdf, 0xff, 0xde, 0xff,
    0xbf, 0xf7, 0xbf, 0xf7, 0xde, 0xf7, 0x29, 0x42, 0x21, 0x08, 0x41, 0x08,
    0x21, 0x00, 0x41, 0x08, 0x21, 0x08, 0x28, 0x42, 0xdf, 0xff, 0xbf, 0xff,
    0xbe, 0xff, 0xbf, 0xf7, 0xde, 0xf7, 0xdf, 0xff, 0xbf, 0xff, 0xbe, 0xf7,
    0xbf, 0xff, 0xdf, 0xff, 0xbe, 0xff, 0xbf, 0xf7, 0xdf, 0xf7, 0xbe, 0xff,
    0xbf, 0xf7, 0xbf, 0xf7, 0xbe, 0xff, 0xdf, 0xff, 0xbf, 0xf7, 0xbe, 0xff,
    0xde, 0xf7, 0xbf, 0xff, 0xde, 0xf7, 0x28, 0x42, 0x41, 0x08, 0x21, 0x08,
    0x21, 0x00, 0x41, 0x08, 0x42, 0x08, 0x21, 0x00, 0x41, 0x08, 0x41, 0x08,
    0x21, 0x08, 0x41, 0x08, 0x41, 0x00, 0x41, 0x08, 0x21, 0x00, 0x41, 0x08,
    0x41, 0x08, 0x42, 0x08, 0x41, 0x00, 0x21, 0x08, 0x42, 0x08, 0x41, 0x00,
    0x41, 0x08, 0x41, 0x08, 0x21, 0x00, 0x21, 0x08, 0x41, 0x08, 0x21, 0x08,
    0x41, 0x08, 0xbf, 0xf7, 0xdf, 0xff, 0xbe, 0xff, 0xdf, 0xf7, 0xbf, 0xff,
    0xde, 0xf7, 0xbf, 0xff, 0xbe, 0xff, 0xbf, 0xf7, 0xbf, 0xff, 0xbe, 0xff,
    0xdf, 0xf7, 0xf0, 0x83, 0x41, 0x08, 0x41, 0x08, 0x21, 0x00, 0x21, 0x08,
    0x42, 0x08, 0x41, 0x08, 0x21, 0x00, 0x41, 0x08, 0x41, 0x08, 0x41, 0x00,
    0x41, 0x08, 0x21, 0x08, 0x41, 0x08, 0x42, 0x00, 0x41, 0x08, 0x41, 0x08,
    0x42, 0x00, 0x41, 0x08, 0x21, 0x08, 0x41, 0x08, 0x41, 0x08, 0x41, 0x08,
    0x21, 0x00, 0x41, 0x08, 0x21, 0x08, 0x41, 0x08, 0x41, 0x08, 0xd7, 0xbd,
    0xbf, 0xf7, 0xbf, 0xff, 0xbe, 0xff, 0xdf, 0xf7, 0xbe, 0xff, 0xbf, 0xff,
    0xbf, 0xff, 0xbe, 0xff, 0xbf, 0xf7, 0xbe, 0xff, 0xdf, 0xf7, 0xd7, 0xbd,
    0x21, 0x08, 0x41, 0x00, 0x21, 0x08, 0x41, 0x08, 0x41, 0x00, 0x21, 0x08,
    0x42, 0x08, 0x41, 0x08, 0x41, 0x08, 0x41, 0x08, 0x21, 0x00, 0x41, 0x08,
    0x41, 0x08, 0x41, 0x08, 0x42, 0x08, 0x41, 0x00, 0x41, 0x08, 0x41, 0x08,
    0x41, 0x08, 0x21, 0x08, 0x41, 0x08, 0x42, 0x00, 0x21, 0x08, 0x41, 0x08,
    0x41, 0x08, 0x21, 0x00, 0x21, 0x08, 0x10, 0x84, 0xbf, 0xf7, 0xbe, 0xff,
    0xdf, 0xff, 0xbf, 0xf7, 0xbe, 0xff, 0xdf, 0xff, 0xbf, 0xf7, 0xbe, 0xff,
    0xbf, 0xff, 0xbf, 0xf7, 0xbe, 0xf7, 0xbf, 0xff, 0xbf, 0xff, 0xbf, 0xf7,
    0xde, 0xff, 0xbf, 0xff, 0xbe, 0xff, 0xbf, 0xff, 0xbf, 0xff, 0xde, 0xff,
    0xde, 0xf7, 0xbf, 0xf7, 0x28, 0x42, 0x41, 0x08, 0x21, 0x08, 0x41, 0x08,
    0x41, 0x00, 0x41, 0x08, 0x21, 0x08, 0x41, 0x00, 0xbf, 0xf7, 0xde, 0xf7,
    0xbf, 0xff, 0xdf, 0xff, 0xbe, 0xf7, 0xbf, 0xff, 0xdf, 0xf7, 0xbe, 0xff,
    0xbf, 0xf7, 0xdf, 0xff, 0xbe, 0xff, 0xbf, 0xf7, 0xde, 0xff, 0xbf, 0xff,
    0xdf, 0xff, 0xbe, 0xf7, 0xbe, 0xf7, 0xbf, 0xff, 0xbf, 0xff, 0xbe, 0xf7,
    0xbe, 0xff, 0xbf, 0xff, 0xbe, 0xf7, 0x10, 0x84, 0x21, 0x08, 0x41, 0x08,
    0x41, 0x00, 0x21, 0x08, 0x41, 0x08, 0x41, 0x00, 0x21, 0x08, 0x41, 0x08,
    0x41, 0x00, 0x41, 0x08, 0x41, 0x08, 0x41, 0x08, 0x41, 0x08, 0x21, 0x00,
    0x41, 0x08, 0x41, 0x08, 0x21, 0x00, 0x41, 0x08, 0x41, 0x08, 0x21, 0x00,
    0x42, 0x00, 0x21, 0x08, 0x41, 0x08, 0x41, 0x08, 0x21, 0x00, 0x41, 0x08,
    0x42, 0x08, 0xf7, 0xbd, 0xdf, 0xf7, 0xbf, 0xff, 0xbe, 0xff, 0xdf, 0xff,
    0xdf, 0xff, 0xbe, 0xff, 0xbf, 0xff, 0xbe, 0xf7, 0xdf, 0xf7, 0xbf, 0xff,
    0xbe, 0xf7, 0xf7, 0xbd, 0x21, 0x08, 0x41, 0x08, 0x42, 0x08, 0x21, 0x00,
    0x41, 0x08, 0x41, 0x08, 0x41, 0x08, 0x21, 0x08, 0x41, 0x08, 0x41, 0x08,
    0x42, 0x08, 0x21, 0x08, 0x41, 0x08, 0x41, 0x08, 0x41, 0x08, 0x21, 0x08,
    0x41, 0x00, 0x41, 0x08, 0x41, 0x08, 0x41, 0x00, 0x22, 0x08, 0x41, 0x08,
    0x41, 0x08, 0x21, 0x00, 0x41, 0x08, 0x41, 0x00, 0x21, 0x08, 0x10, 0x84,
    0xdf, 0xf7, 0xbf, 0xff, 0xbe, 0xf7, 0xdf, 0xff, 0xbe, 0xff, 0xbf, 0xf7,
    0xde, 0xff, 0xbf, 0xf7, 0xdf, 0xff, 0xbe, 0xff, 0xbf, 0xf7, 0xbf, 0xff,
    0xde, 0xff, 0xbf, 0xf7, 0xbf, 0xff, 0xbe, 0xf7, 0xbf, 0xff, 0xbe, 0xf7,
    0xbe, 0xff, 0xdf, 0xff, 0xdf, 0xf7, 0xbf, 0xff, 0x28, 0x42, 0x41, 0x08,
    0x41, 0x08, 0x21, 0x00, 0x41, 0x08, 0x41, 0x08, 0x28, 0x42, 0xdf, 0xf7,
    0xbf, 0xff, 0xbf, 0xff, 0xdf, 0xff, 0xde, 0xf7, 0xbf, 0xf7, 0xbe, 0xff,
    0xbf, 0xff, 0xbf, 0xf7, 0xbe, 0xff, 0xdf, 0xff, 0xbe, 0xff, 0xbf, 0xff,
    0xbe, 0xff, 0xdf, 0xf7, 0xbe, 0xff, 0xbe, 0xff, 0xbf, 0xf7, 0xbf, 0xff,
    0xbe, 0xff, 0xbf, 0xff, 0xbf, 0xff, 0xdf, 0xf7, 0x28, 0x42, 0x41, 0x08,
    0x21, 0x08, 0x41, 0x00, 0x41, 0x08, 0x41, 0x08, 0x21, 0x00, 0x41, 0x08,
    0x41, 0x08, 0x41, 0x00, 0x41, 0x08, 0x21, 0x08, 0x42, 0x08, 0x41, 0x08,
    0x21, 0x00, 0x41, 0x08, 0x41, 0x08, 0x21, 0x08, 0x41, 0x08, 0x41, 0x08,
    0x21, 0x00, 0x41, 0x08, 0x42, 0x08, 0x21, 0x00, 0x41, 0x08, 0x41, 0x08,
    0x21, 0x00, 0x41, 0x08, 0xdf, 0xf7, 0xbe, 0xff, 0xbf, 0xff, 0xbf, 0xf7,
    0xde, 0xff, 0xbf, 0xff, 0xbf, 0xf7, 0xde, 0xff, 0xbf, 0xf7, 0xbe, 0xff,
    0xde, 0xff, 0xdf, 0xf7, 0xf0, 0x7b, 0x41, 0x08, 0x41, 0x08, 0x21, 0x00,
    0x41, 0x00, 0x41, 0x08, 0x41, 0x08, 0x21, 0x08, 0x41, 0x00, 0x41, 0x08,
    0x21, 0x08, 0x41, 0x08, 0x41, 0x08, 0x21, 0x00, 0x41, 0x08, 0x41, 0x08,
    0x21, 0x08, 0x41, 0x00, 0x41, 0x08, 0x42, 0x00, 0x41, 0x00, 0x21, 0x08,
    0x42, 0x08, 0x21, 0x00, 0x41, 0x08, 0x21, 0x00, 0x41, 0x08, 0x41, 0x08,
    0xd7, 0xbd, 0xdf, 0xff, 0xbf, 0xf7, 0xbe, 0xff, 0xdf, 0xf7, 0xbf, 0xf7,
    0xde, 0xff, 0xdf, 0xf7, 0xbf, 0xff, 0xbe, 0xff, 0xbf, 0xf7, 0xdf, 0xff,
    0xf7, 0xbd, 0x21, 0x08, 0x21, 0x08, 0x41, 0x00, 0x41, 0x08, 0x21, 0x08,
    0x41, 0x00, 0x41, 0x08, 0x21, 0x08, 0x42, 0x08, 0x41, 0x00, 0x41, 0x08,
    0x42, 0x08, 0x21, 0x08, 0x41, 0x00, 0x41, 0x08, 0x21, 0x08, 0x41, 0x00,
    0x42, 0x08, 0x41, 0x08, 0x21, 0x00, 0x41, 0x08, 0x41, 0x08, 0x41, 0x00,
    0x41, 0x08, 0x42, 0x08, 0x21, 0x00, 0x21, 0x08, 0x10, 0x7c, 0xdf, 0xf7,
    0xbe, 0xff, 0xbf, 0xff, 0xbf, 0xf7, 0xde, 0xff, 0xbf, 0xff, 0xbf, 0xf7,
    0xde, 0xff, 0xbf, 0xff, 0xde, 0xf7, 0xdf, 0xff, 0xbe, 0xff, 0xbf, 0xf7,
    0xde, 0xff, 0xbf, 0xf7, 0xbf, 0xf7, 0xde, 0xff, 0xbf, 0xf7, 0xbf, 0xff,
    0xbe, 0xff, 0xdf, 0xf7, 0xbf, 0xff, 0x28, 0x42, 0x41, 0x08, 0x21, 0x00,
    0x41, 0x08, 0x41, 0x08, 0x41, 0x08, 0x41, 0x08, 0x41, 0x08, 0xbf, 0xff,
    0xdf, 0xf7, 0xbf, 0xff, 0xbe, 0xff, 0xbf, 0xff, 0xdf, 0xf7, 0xde, 0xf7,
    0xbf, 0xff, 0xbe, 0xff, 0xbf, 0xf7, 0xbf, 0xff, 0xbe, 0xff, 0xbf, 0xf7,
    0xbf, 0xff, 0xde, 0xff, 0xbf, 0xff, 0xdf, 0xff, 0xbe, 0xf7, 0xdf, 0xff,
    0xdf, 0xff, 0xbf, 0xf7, 0xbe, 0xff, 0xdf, 0xf7, 0xf0, 0x83, 0x21, 0x00,
    0x41, 0x08, 0x21, 0x08, 0x21, 0x08, 0x41, 0x08, 0x41, 0x08, 0x21, 0x08,
    0x41, 0x08, 0x41, 0x00, 0x21, 0x08, 0x41, 0x08, 0x21, 0x00, 0x42, 0x08,
    0x41, 0x08, 0x41, 0x00, 0x41, 0x08, 0x41, 0x08, 0x42, 0x08, 0x41, 0x08,
    0x41, 0x08, 0x21, 0x08, 0x41, 0x08, 0x42, 0x00, 0x41, 0x08, 0x21, 0x08,
    0x41, 0x08, 0x41, 0x08, 0xf7, 0xbd, 0xbf, 0xf7, 0xdf, 0xff, 0xbf, 0xff,
    0xbe, 0xf7, 0xbf, 0xf7, 0xbf, 0xff, 0xde, 0xff, 0xbf, 0xff, 0xbe, 0xff,
    0xbf, 0xf7, 0xdf, 0xf7, 0xd7, 0xbd, 0x21, 0x08, 0x41, 0x08, 0x41, 0x00,
    0x21, 0x08, 0x41, 0x08, 0x42, 0x00, 0x41, 0x00, 0x41, 0x08, 0x22, 0x08,
    0x41, 0x00, 0x41, 0x08, 0x41, 0x08, 0x22, 0x00, 0x41, 0x08, 0x41, 0x08,
    0x41, 0x00, 0x21, 0x08, 0x41, 0x08, 0x41, 0x00, 0x21, 0x08, 0x41, 0x08,
    0x41, 0x08, 0x42, 0x00, 0x21, 0x08, 0x41, 0x08, 0x41, 0x00, 0x21, 0x08,
    0xf0, 0x83, 0xdf, 0xf7, 0xbe, 0xff, 0xbf, 0xf7, 0xbf, 0xf7, 0xbf, 0xff,
    0xbe, 0xff, 0xbf, 0xf7, 0xbf, 0xff, 0xbe, 0xff, 0xdf, 0xf7, 0xbf, 0xff,
    0xbe, 0xff, 0xbf, 0xf7, 0xde, 0xff, 0xbf, 0xff, 0xbf, 0xff, 0xde, 0xf7,
    0xdf, 0xff, 0xbf, 0xff, 0xbe, 0xff, 0xdf, 0xf7, 0xbf, 0xff, 0x28, 0x42,
    0x41, 0x08, 0x41, 0x08, 0x21, 0x08, 0x41, 0x08, 0x21, 0x00, 0x28, 0x42,
    0xbf, 0xff, 0xdf, 0xff, 0xbe, 0xf7, 0xbf, 0xff, 0xdf, 0xf7, 0xbe, 0xf7,
    0xbf, 0xff, 0xde, 0xff, 0xbf, 0xf7, 0xbf, 0xf7, 0xbe, 0xff, 0xdf, 0xf7,
    0xbf, 0xff, 0xbf, 0xf7, 0xbe, 0xff, 0xdf, 0xff, 0xbf, 0xf7, 0xbe, 0xff,
    0xdf, 0xf7, 0xdf, 0xf7, 0xbe, 0xff, 0xbf, 0xff, 0xbf, 0xf7, 0x28, 0x42,
    0x41, 0x08, 0x21, 0x08, 0x21, 0x00, 0x41, 0x08, 0x41, 0x08, 0x21, 0x00,
    0x41, 0x08, 0x42, 0x08, 0x21, 0x08, 0x41, 0x00, 0x41, 0x08, 0x41, 0x08,
    0x41, 0x08, 0x41, 0x00, 0x21, 0x08, 0x41, 0x08, 0x41, 0x00, 0x41, 0x08,
    0x41, 0x08, 0x21, 0x08, 0x41, 0x08, 0x41, 0x08, 0x21, 0x00, 0x41, 0x08,
    0x41, 0x08, 0x21, 0x00, 0x41, 0x08, 0xdf, 0xf7, 0xdf, 0xf7, 0xbe, 0xff,
    0xbf, 0xff, 0xbe, 0xf7, 0xbf, 0xff, 0xbf, 0xff, 0xde, 0xf7, 0xbf, 0xff,
    0xbf, 0xf7, 0xbf, 0xff, 0xdf, 0xf7, 0xf0, 0x83, 0x41, 0x08, 0x41, 0x08,
    0x21, 0x08, 0x21, 0x00, 0x41, 0x08, 0x41, 0x08, 0x42, 0x08, 0x41, 0x08,
    0x21, 0x00, 0x42, 0x08, 0x41, 0x08, 0x41, 0x00, 0x42, 0x08, 0x21, 0x08,
    0x41, 0x08, 0x41, 0x00, 0x21, 0x08, 0x41, 0x08, 0x41, 0x08, 0x21, 0x08,
    0x41, 0x08, 0x41, 0x08, 0x21, 0x00, 0x41, 0x08, 0x41, 0x08, 0x42, 0x00,
    0x41, 0x08, 0xd7, 0xbd, 0xdf, 0xff, 0xbf, 0xff, 0xbe, 0xff, 0xbf, 0xff,
    0xbf, 0xff, 0xbe, 0xf7, 0xbe, 0xff, 0xdf, 0xf7, 0xbf, 0xff, 0xde, 0xf7,
    0xdf, 0xf7, 0xd7, 0xbd, 0x41, 0x08, 0x41, 0x00, 0x21, 0x08, 0x41, 0x08,
    0x21, 0x00, 0x21, 0x00, 0x41, 0x08, 0x41, 0x08, 0x21, 0x00, 0x41, 0x08,
    0x41, 0x08, 0x21, 0x08, 0x41, 0x00, 0x41, 0x08, 0x21, 0x08, 0x41, 0x08,
    0x41, 0x08, 0x21, 0x08, 0x41, 0x00, 0x42, 0x08, 0x21, 0x08, 0x41, 0x08,
    0x41, 0x08, 0x21, 0x00, 0x41, 0x08, 0x41, 0x08, 0x21, 0x08, 0x10, 0x84,
    0xde, 0xf7, 0xbf, 0xff, 0xbe, 0xff, 0xbf, 0xf7, 0xbe, 0xff, 0xbf, 0xf7,
    0xbf, 0xff, 0xbe, 0xf7, 0xbf, 0xff, 0xbf, 0xff, 0xbe, 0xf7, 0xbf, 0xff,
    0xdf, 0xff, 0xbe, 0xf7, 0xbf, 0xff, 0xbf, 0xff, 0xde, 0xf7, 0xbf, 0xf7,
    0xbf, 0xff, 0xbe, 0xf7, 0xdf, 0xff, 0xbf, 0xff, 0x28, 0x42, 0x41, 0x08,
    0x21, 0x00, 0x41, 0x08, 0x41, 0x08, 0x42, 0x08, 0x41, 0x00, 0x41, 0x08,
    0xbf, 0xf7, 0xbf, 0xff, 0xbe, 0xf7, 0xdf, 0xff, 0xbf, 0xff, 0xde, 0xf7,
    0xbf, 0xff, 0xbf, 0xff, 0xde, 0xf7, 0xbf, 0xff, 0xdf, 0xff, 0xbe, 0xf7,
    0xbf, 0xff, 0xde, 0xf7, 0xbf, 0xf7, 0xbf, 0xff, 0xbe, 0xff, 0xbf, 0xf7,
    0xbe, 0xff, 0xbf, 0xf7, 0xbf, 0xff, 0xde, 0xff, 0xbf, 0xff, 0x10, 0x7c,
    0x41, 0x08, 0x41, 0x08, 0x21, 0x00, 0x41, 0x00, 0x41, 0x08, 0x42, 0x00,
    0x41, 0x08, 0x41, 0x08, 0x22, 0x08, 0x41, 0x08, 0x41, 0x08, 0x41, 0x00,
    0x21, 0x08, 0x41, 0x08, 0x21, 0x08, 0x41, 0x08, 0x21, 0x00, 0x41, 0x08,
    0x41, 0x08, 0x41, 0x00, 0x41, 0x08, 0x41, 0x08, 0x41, 0x00, 0x41, 0x08,
    0x21, 0x08, 0x41, 0x00, 0x41, 0x08, 0xd7, 0xbd, 0xbf, 0xff, 0xde, 0xf7,
    0xdf, 0xf7, 0xbf, 0xff, 0xdf, 0xff, 0xbe, 0xf7, 0xbf, 0xf7, 0xbf, 0xff,
    0xbe, 0xff, 0xdf, 0xff, 0xbf, 0xff, 0xf7, 0xbd, 0x21, 0x08, 0x41, 0x08,
    0x41, 0x00, 0x21, 0x08, 0x41, 0x08, 0x41, 0x08, 0x21, 0x08, 0x41, 0x00,
    0x41, 0x08, 0x21, 0x08, 0x41, 0x00, 0x41, 0x08, 0x41, 0x08, 0x21, 0x00,
    0x42, 0x08, 0x41, 0x08, 0x21, 0x08, 0x42, 0x08, 0x41, 0x08, 0x21, 0x08,
    0x41, 0x00, 0x41, 0x08, 0x41, 0x08, 0x21, 0x00, 0x41, 0x08, 0x21, 0x08,
    0x41, 0x00, 0xf0, 0x83, 0xdf, 0xf7, 0xbe, 0xff, 0xbf, 0xff, 0xde, 0xff,
    0xbf, 0xf7, 0xde, 0xff, 0xbf, 0xff, 0xbe, 0xf7, 0xbf, 0xff, 0xbe, 0xf7,
    0xdf, 0xff, 0xbf, 0xff, 0xbe, 0xf7, 0xdf, 0xf7, 0xbe, 0xff, 0xbf, 0xff,
    0xbf, 0xf7, 0xbf, 0xff, 0xbf, 0xff, 0xdf, 0xff, 0xdf, 0xff, 0xbe, 0xf7,
    0x28, 0x42, 0x21, 0x08, 0x41, 0x08, 0x41, 0x00, 0x42, 0x08, 0x41, 0x08,
    0x28, 0x42, 0xdf, 0xff, 0xbe, 0xf7, 0xbe, 0xff, 0xdf, 0xff, 0xdf, 0xff,
    0xbe, 0xf7, 0xbf, 0xff, 0xdf, 0xff, 0xbe, 0xff, 0xbf, 0xff, 0xbe, 0xf7,
    0xbf, 0xff, 0xde, 0xf7, 0xbf, 0xff, 0xbf, 0xff, 0xbf, 0xf7, 0xdf, 0xff,
    0xbe, 0xff, 0xbf, 0xff, 0xbf, 0xf7, 0xbe, 0xff, 0xbe, 0xff, 0xdf, 0xf7,
    0x28, 0x42, 0x41, 0x08, 0x21, 0x08, 0x21, 0x00, 0x41, 0x08, 0x42, 0x08,
    0x21, 0x08, 0x41, 0x08, 0x41, 0x08, 0x21, 0x08, 0x41, 0x08, 0x42, 0x00,
    0x21, 0x08, 0x41, 0x08, 0x42, 0x08, 0x41, 0x08, 0x21, 0x00, 0x42, 0x08,
    0x41, 0x00, 0x22, 0x08, 0x41, 0x00, 0x41, 0x08, 0x41, 0x08, 0x21, 0x00,
    0x21, 0x08, 0x41, 0x08, 0x21, 0x00, 0x41, 0x08, 0xbf, 0xff, 0xbf, 0xf7,
    0xbe, 0xff, 0xdf, 0xff, 0xbf, 0xf7, 0xbe, 0xff, 0xdf, 0xff, 0xbf, 0xf7,
    0xbe, 0xff, 0xbf, 0xff, 0xbe, 0xf7, 0xdf, 0xff, 0xf0, 0x83, 0x41, 0x00,
    0x41, 0x08, 0x21, 0x08, 0x41, 0x08, 0x41, 0x08, 0x21, 0x00, 0x41, 0x08,
    0x41, 0x08, 0x41, 0x08, 0x41, 0x00, 0x21, 0x08, 0x41, 0x08, 0x41, 0x08,
    0x41, 0x08, 0x41, 0x00, 0x42, 0x08, 0x21, 0x08, 0x41, 0x08, 0x41, 0x08,
    0x41, 0x00, 0x41, 0x08, 0x41, 0x08, 0x21, 0x00, 0x41, 0x08, 0x21, 0x08,
    0x41, 0x08, 0x41, 0x00, 0xd7, 0xbd, 0xdf, 0xf7, 0xdf, 0xff, 0xbe, 0xf7,
    0xbf, 0xff, 0xdf, 0xff, 0xbe, 0xf7, 0xbf, 0xff, 0xbf, 0xff, 0xbe, 0xff,
    0xbf, 0xff, 0xde, 0xf7, 0xd7, 0xbd, 0x21, 0x08, 0x41, 0x00, 0x21, 0x08,
    0x41, 0x08, 0x41, 0x00, 0x21, 0x08, 0x41, 0x08, 0x41, 0x08, 0x41, 0x08,
    0x41, 0x08, 0x21, 0x00, 0x41, 0x08, 0x42, 0x08, 0x41, 0x08, 0x41, 0x00,
    0x42, 0x08, 0x41, 0x08, 0x21, 0x00, 0x41, 0x08, 0x41, 0x08, 0x41, 0x00,
    0x21, 0x08, 0x42, 0x08, 0x41, 0x08, 0x41, 0x00, 0x21, 0x00, 0x21, 0x08,
    0x10, 0x84, 0xbf, 0xf7, 0xbe, 0xff, 0xdf, 0xf7, 0xbf, 0xff, 0xde, 0xff,
    0xbf, 0xf7, 0xde, 0xff, 0xbf, 0xff, 0xbf, 0xf7, 0xde, 0xff, 0xbf, 0xf7,
    0xbf, 0xff, 0xbe, 0xff, 0xbf, 0xf7, 0xbf, 0xff, 0xde, 0xff, 0xbf, 0xff,
    0xbe, 0xff, 0xdf, 0xf7, 0xbf, 0xff, 0xde, 0xf7, 0xbf, 0xf7, 0x28, 0x42,
    0x41, 0x08, 0x21, 0x08, 0x41, 0x08, 0x41, 0x08, 0x21, 0x08, 0x41, 0x08,
    0x41, 0x08, 0xbf, 0xff, 0xde, 0xf7, 0xbf, 0xff, 0xbf, 0xf7, 0xbe, 0xff,
    0xde, 0xf7, 0xbf, 0xf7, 0xbf, 0xff, 0xbe, 0xf7, 0xbf, 0xff, 0xde, 0xf7,
    0xbf, 0xff, 0xbf, 0xff, 0xbe, 0xff, 0xbf, 0xf7, 0xbf, 0xff, 0xde, 0xf7,
    0xbf, 0xff, 0xbf, 0xff, 0xbe, 0xf7, 0xdf, 0xf7, 0xbf, 0xff, 0xbe, 0xff,
    0x10, 0x7c, 0x21, 0x08, 0x41, 0x08, 0x41, 0x00, 0x21, 0x08, 0x41, 0x08,
    0x41, 0x08, 0x21, 0x00, 0x41, 0x08, 0x41, 0x00, 0x41, 0x08, 0x41, 0x08,
    0x42, 0x08, 0x41, 0x08, 0x41, 0x00, 0x42, 0x08, 0x21, 0x08, 0x41, 0x00,
    0x21, 0x08, 0x41, 0x08, 0x22, 0x00, 0x41, 0x08, 0x21, 0x08, 0x41, 0x08,
    0x41, 0x08, 0x41, 0x00, 0x41, 0x08, 0x41, 0x08, 0xf7, 0xbd, 0xbf, 0xf7,
    0xbf, 0xff, 0xde, 0xff, 0xbf, 0xff, 0xbe, 0xff, 0xbf, 0xf7, 0xdf, 0xff,
    0xbe, 0xf7, 0xbf, 0xf7, 0xbe, 0xff, 0xbf, 0xff, 0xf7, 0xbd, 0x41, 0x00,
    0x41, 0x08, 0x41, 0x08, 0x21, 0x00, 0x41, 0x08, 0x41, 0x08, 0x21, 0x08,
    0x41, 0x08, 0x41, 0x08, 0x41, 0x08, 0x21, 0x00, 0x41, 0x08, 0x41, 0x08,
    0x41, 0x08, 0x41, 0x00, 0x41, 0x08, 0x41, 0x08, 0x41, 0x00, 0x41, 0x08,
    0x41, 0x08, 0x22, 0x00, 0x41, 0x08, 0x41, 0x08, 0x21, 0x00, 0x41, 0x08,
    0x41, 0x08, 0x21, 0x00, 0x10, 0x84, 0xdf, 0xf7, 0xbf, 0xff, 0xbe, 0xff,
    0xbf, 0xf7, 0xbf, 0xff, 0xdf, 0xff, 0xbe, 0xf7, 0xdf, 0xff, 0xbf, 0xff,
    0xbe, 0xf7, 0xbf, 0xff, 0xbf, 0xff, 0xbe, 0xf7, 0xbf, 0xff, 0xdf, 0xff,
    0xbe, 0xf7, 0xbe, 0xff, 0xdf, 0xff, 0xbe, 0xf7, 0xbe, 0xf7, 0xdf, 0xff,
    0xdf, 0xf7, 0x28, 0x42, 0x21, 0x08, 0x41, 0x08, 0x41, 0x00, 0x41, 0x08,
    0x21, 0x08, 0x28, 0x42, 0xbf, 0xf7, 0xdf, 0xff, 0xbf, 0xff, 0xbf, 0xf7,
    0xde, 0xf7, 0xdf, 0xff, 0xbf, 0xf7, 0xbe, 0xf7, 0xdf, 0xff, 0xbf, 0xff,
    0xbf, 0xf7, 0xde, 0xff, 0xbf, 0xff, 0xbe, 0xf7, 0xde, 0xff, 0xbf, 0xf7,
    0xbe, 0xff, 0xbf, 0xff, 0xbe, 0xf7, 0xdf, 0xff, 0xbf, 0xf7, 0xdf, 0xf7,
    0xdf, 0xff, 0x28, 0x42, 0x41, 0x08, 0x21, 0x08, 0x41, 0x00, 0x41, 0x08,
    0x41, 0x08, 0x21, 0x00, 0x41, 0x08, 0x41, 0x00, 0x41, 0x08, 0x41, 0x08,
    0x21, 0x00, 0x41, 0x08, 0x41, 0x08, 0x21, 0x00, 0x41, 0x08, 0x41, 0x08,
    0x41, 0x08, 0x21, 0x08, 0x41, 0x08, 0x41, 0x00, 0x41, 0x08, 0x42, 0x08,
    0x21, 0x00, 0x41, 0x08, 0x41, 0x08, 0x21, 0x00, 0x41, 0x08, 0xdf, 0xff,
    0xbe, 0xf7, 0xbf, 0xff, 0xdf, 0xf7, 0xbe, 0xff, 0xbe, 0xf7, 0xbf, 0xff,
    0xbf, 0xff, 0xde, 0xf7, 0xbf, 0xff, 0xbe, 0xff, 0xde, 0xf7, 0xf0, 0x83,
    0x41, 0x08, 0x41, 0x00, 0x21, 0x00, 0x41, 0x08, 0x41, 0x08, 0x21, 0x00,
    0x41, 0x08, 0x41, 0x08, 0x21, 0x08, 0x41, 0x08, 0x41, 0x00, 0x21, 0x08,
    0x41, 0x08, 0x21, 0x00, 0x41, 0x08, 0x41, 0x08, 0x41, 0x00, 0x22, 0x08,
    0x41, 0x08, 0x41, 0x00, 0x22, 0x08, 0x41, 0x08, 0x21, 0x00, 0x41, 0x08,
    0x21, 0x08, 0x41, 0x08, 0x41, 0x08, 0xd7, 0xbd, 0xbf, 0xf7, 0xbf, 0xff,
    0xbe, 0xf7, 0xbf, 0xf7, 0xdf, 0xff, 0xbe, 0xff, 0xbf, 0xf7, 0xdf, 0xf7,
    0xbe, 0xff, 0xbf, 0xff, 0xdf, 0xf7, 0xd7, 0xbd, 0x41, 0x08, 0x21, 0x08,
    0x41, 0x00, 0x41, 0x08, 0x21, 0x08, 0x41, 0x00, 0x41, 0x08, 0x42, 0x00,
    0x21, 0x08, 0x41, 0x08, 0x42, 0x00, 0x41, 0x08, 0x21, 0x08, 0x41, 0x00,
    0x21, 0x08, 0x41, 0x08, 0x41, 0x00, 0x41, 0x08, 0x41, 0x08, 0x41, 0x08,
    0x41, 0x08, 0x41, 0x00, 0x21, 0x08, 0x41, 0x08, 0x41, 0x08, 0x21, 0x00,
    0x41, 0x08, 0x10, 0x7c, 0xdf, 0xf7, 0xbe, 0xff, 0xbf, 0xff, 0xbf, 0xf7,
    0xbe, 0xff, 0xdf, 0xff, 0xbf, 0xf7, 0xbe, 0xff, 0xdf, 0xff, 0xbe, 0xf7,
    0xbf, 0xff, 0xdf, 0xf7, 0xbe, 0xff, 0xbf, 0xff, 0xde, 0xf7, 0xbf, 0xf7,
    0xbf, 0xff, 0xbe, 0xff, 0xbf, 0xff, 0xbe, 0xff, 0xdf, 0xf7, 0xdf, 0xf7,
    0x28, 0x42, 0x41, 0x08, 0x21, 0x00, 0x41, 0x08, 0x21, 0x08, 0x41, 0x00,
    0x41, 0x08, 0x41, 0x08, 0xbf, 0xf7, 0xdf, 0xf7, 0xdf, 0xff, 0xbe, 0xff,
    0xbf, 0xff, 0xdf, 0xf7, 0xde, 0xff, 0xbf, 0xff, 0xbf, 0xff, 0xbe, 0xf7,
    0xbf, 0xff, 0xdf, 0xf7, 0xbe, 0xff, 0xbf, 0xff, 0xde, 0xff, 0xbf, 0xf7,
    0xbf, 0xff, 0xde, 0xff, 0xbf, 0xf7, 0xbe, 0xff, 0xbf, 0xff, 0xbf, 0xf7,
    0xbe, 0xff, 0x10, 0x84, 0x21, 0x00, 0x41, 0x08, 0x21, 0x08, 0x21, 0x00,
    0x41, 0x08, 0x41, 0x08, 0x41, 0x08, 0x21, 0x08, 0x41, 0x00, 0x21, 0x08,
    0x21, 0x08, 0x41, 0x00, 0x41, 0x08, 0x21, 0x08, 0x41, 0x08, 0x41, 0x08,
    0x42, 0x08, 0x41, 0x08, 0x41, 0x08, 0x41, 0x08, 0x21, 0x00, 0x41, 0x08,
    0x41, 0x08, 0x21, 0x08, 0x21, 0x00, 0x42, 0x08, 0x41, 0x08, 0xf7, 0xbd,
    0xbf, 0xf7, 0xdf, 0xff, 0xbe, 0xff, 0xdf, 0xf7, 0xdf, 0xff, 0xbe, 0xff,
    0xbf, 0xff, 0xdf, 0xff, 0xbe, 0xf7, 0xbf, 0xf7, 0xbf, 0xff, 0xf7, 0xbd,
    0x21, 0x00, 0x41, 0x08, 0x41, 0x08, 0x21, 0x00, 0x42, 0x08, 0x41, 0x00,
    0x41, 0x08, 0x42, 0x00, 0x41, 0x08, 0x41, 0x08, 0x42, 0x08, 0x21, 0x00,
    0x41, 0x08, 0x41, 0x08, 0x21, 0x08, 0x21, 0x00, 0x42, 0x08, 0x21, 0x08,
    0x41, 0x00, 0x41, 0x08, 0x41, 0x08, 0x41, 0x08, 0x41, 0x08, 0x21, 0x00,
    0x41, 0x08, 0x21, 0x08, 0x21, 0x08, 0x10, 0x7c, 0xbf, 0xff, 0xde, 0xf7,
    0xbf, 0xff, 0xbe, 0xf7, 0xbf, 0xff, 0xbe, 0xf7, 0xbf, 0xff, 0xbf, 0xff,
    0xde, 0xf7, 0xbf, 0xff, 0xde, 0xf7, 0xbf, 0xff, 0xbf, 0xff, 0xde, 0xf7,
    0xbf, 0xff, 0xbf, 0xf7, 0xdf, 0xff, 0xbe, 0xff, 0xbf, 0xf7, 0xdf, 0xff,
    0xbe, 0xf7, 0xbf, 0xff, 0x28, 0x42, 0x41, 0x08, 0x41, 0x08, 0x21, 0x00,
    0x41, 0x08, 0x21, 0x08, 0x29, 0x42, 0xdf, 0xff, 0xbe, 0xf7, 0xbf, 0xff,
    0xdf, 0xff, 0xbe, 0xf7, 0xbf, 0xff, 0xbe, 0xff, 0xbf, 0xf7, 0xbe, 0xff,
    0xdf, 0xf7, 0xbe, 0xff, 0xbf, 0xff, 0xbf, 0xf7, 0xbf, 0xff, 0xbe, 0xff,
    0xdf, 0xf7, 0xbf, 0xff, 0xbe, 0xf7, 0xdf, 0xff, 0xbe, 0xff, 0xbf, 0xff,
    0xbe, 0xff, 0xbf, 0xf7, 0x28, 0x42, 0x41, 0x08, 0x21, 0x08, 0x21, 0x00,
    0x41, 0x08, 0x41, 0x08, 0x21, 0x00, 0x41, 0x08, 0x41, 0x08, 0x22, 0x00,
    0x41, 0x08, 0x41, 0x08, 0x41, 0x08, 0x41, 0x00, 0x21, 0x08, 0x41, 0x08,
    0x41, 0x00, 0x41, 0x08, 0x41, 0x08, 0x41, 0x08, 0x21, 0x08, 0x41, 0x08,
    0x41, 0x08, 0x21, 0x00, 0x41, 0x08, 0x41, 0x08, 0x21, 0x00, 0x41, 0x08,
    0xdf, 0xf7, 0xdf, 0xf7, 0xbe, 0xff, 0xbf, 0xff, 0xbf, 0xf7, 0xde, 0xff,
    0xbf, 0xf7, 0xbe, 0xff, 0xdf, 0xf7, 0xbf, 0xff, 0xbf, 0xff, 0xdf, 0xf7,
    0x10, 0x7c, 0x41, 0x08, 0x41, 0x08, 0x21, 0x00, 0x21, 0x08, 0x42, 0x08,
    0x41, 0x08, 0x41, 0x00, 0x42, 0x08, 0x21, 0x08, 0x41, 0x00, 0x42, 0x08,
    0x41, 0x08, 0x41, 0x00, 0x22, 0x08, 0x41, 0x08, 0x41, 0x08, 0x21, 0x08,
    0x41, 0x00, 0x41, 0x08, 0x21, 0x08, 0x41, 0x08, 0x41, 0x08, 0x21, 0x00,
    0x42, 0x08, 0x41, 0x00, 0x41, 0x08, 0x41, 0x08, 0xd7, 0xbd, 0xdf, 0xff,
    0xbf, 0xff, 0xbe, 0xff, 0xdf, 0xf7, 0xbe, 0xff, 0xbf, 0xff, 0xbf, 0xf7,
    0xde, 0xff, 0xbf, 0xff, 0xbf, 0xf7, 0xde, 0xf7, 0xf7, 0xbd, 0x21, 0x08,
    0x41, 0x08, 0x21, 0x00, 0x41, 0x08, 0x21, 0x08, 0x21, 0x00, 0x41, 0x08,
    0x41, 0x08, 0x41, 0x08, 0x21, 0x08, 0x41, 0x08, 0x41, 0x08, 0x41, 0x08,
    0x21, 0x08, 0x41, 0x08, 0x41, 0x08, 0x21, 0x08, 0x42, 0x08, 0x21, 0x00,
    0x21, 0x08, 0x42, 0x08, 0x41, 0x08, 0x41, 0x00, 0x41, 0x08, 0x41, 0x08,
    0x21, 0x08, 0x21, 0x08, 0x10, 0x84, 0xde, 0xf7, 0xbf, 0xff, 0xbf, 0xff,
    0xbe, 0xf7, 0xbf, 0xff, 0xbf, 0xff, 0xbe, 0xf7, 0xbf, 0xff, 0xbf, 0xff,
    0xbe, 0xf7, 0xbf, 0xff, 0xde, 0xff, 0xbf, 0xf7, 0xbf, 0xff, 0xbe, 0xff,
    0xbf, 0xf7, 0xdf, 0xf7, 0xbe, 0xff, 0xbf, 0xf7, 0xbf, 0xff, 0xde, 0xff,
    0xbf, 0xff, 0x28, 0x42, 0x41, 0x08, 0x21, 0x08, 0x41, 0x08, 0x41, 0x08,
    0x41, 0x08, 0x21, 0x00, 0x41, 0x08, 0xbf, 0xf7, 0xbf, 0xff, 0xde, 0xff,
    0xbf, 0xf7, 0xbf, 0xff, 0xde, 0xf7, 0xdf, 0xf7, 0xbf, 0xff, 0xbe, 0xff,
    0xdf, 0xf7, 0xbf, 0xff, 0xbe, 0xff, 0xdf, 0xf7, 0xbf, 0xf7, 0xbe, 0xff,
    0xbf, 0xff, 0xbf, 0xf7, 0xde, 0xff, 0xbf, 0xff, 0xbf, 0xf7, 0xde, 0xff,
    0xbf, 0xff, 0xdf, 0xf7, 0xf0, 0x83, 0x41, 0x00, 0x41, 0x08, 0x21, 0x08,
    0x41, 0x00, 0x41, 0x08, 0x42, 0x08, 0x41, 0x00, 0x41, 0x08, 0x42, 0x08,
    0x41, 0x08, 0x41, 0x00, 0x41, 0x08, 0x21, 0x08, 0x41, 0x00, 0x41, 0x08,
    0x41, 0x00, 0x21, 0x08, 0x41, 0x00, 0x41, 0x08, 0x41, 0x08, 0x41, 0x08,
    0x42, 0x08, 0x42, 0x00, 0x41, 0x08, 0x21, 0x00, 0x41, 0x08, 0x41, 0x08,
    0xf7, 0xbd, 0xbf, 0xff, 0xbf, 0xff, 0xdf, 0xff, 0xbe, 0xf7, 0xbf, 0xf7,
    0xbe, 0xff, 0xbf, 0xf7, 0xbf, 0xff, 0xde, 0xff, 0xbf, 0xff, 0xdf, 0xf7,
    0xd7, 0xbd, 0x21, 0x08, 0x41, 0x08, 0x41, 0x08, 0x21, 0x00, 0x41, 0x08,
    0x41, 0x08, 0x21, 0x08, 0x41, 0x08, 0x21, 0x00, 0x41, 0x08, 0x41, 0x08,
    0x41, 0x08, 0x22, 0x00, 0x41, 0x08, 0x41, 0x08, 0x41, 0x08, 0x41, 0x08,
    0x41, 0x08, 0x21, 0x08, 0x41, 0x08, 0x21, 0x00, 0x41, 0x08, 0x42, 0x08,
    0x21, 0x00, 0x41, 0x08, 0x41, 0x08, 0x21, 0x08, 0xf0, 0x7b, 0xdf, 0xf7,
    0xbf, 0xff, 0xbe, 0xff, 0xdf, 0xff, 0xdf, 0xf7, 0xbe, 0xff, 0xbf, 0xf7,
    0xbe, 0xff, 0xbf, 0xff, 0xdf, 0xf7, 0xbe, 0xff, 0xbf, 0xf7, 0xdf, 0xff,
    0xbe, 0xff, 0xbe, 0xf7, 0xbf, 0xff, 0xbf, 0xf7, 0xdf, 0xff, 0xbf, 0xff,
    0xdf, 0xf7, 0xbf, 0xff, 0xdf, 0xf7, 0x28, 0x42, 0x21, 0x08, 0x41, 0x08,
    0x41, 0x08, 0x41, 0x08, 0x41, 0x00, 0x28, 0x42, 0xbf, 0xff, 0xdf, 0xff,
    0xbe, 0xf7, 0xbf, 0xff, 0xdf, 0xf7, 0xde, 0xff, 0xbf, 0xff, 0xbf, 0xff,
    0xbe, 0xf7, 0xbf, 0xff, 0xdf, 0xff, 0xbe, 0xf7, 0xbf, 0xff, 0xdf, 0xff,
    0xbe, 0xf7, 0xbf, 0xff, 0xbf, 0xff, 0xde, 0xf7, 0xbf, 0xf7, 0xbf, 0xff,
    0xbe, 0xff, 0xbf, 0xf7, 0xdf, 0xf7, 0x28, 0x42, 0x41, 0x08, 0x21, 0x08,
    0x41, 0x00, 0x41, 0x08, 0x41, 0x08, 0x21, 0x00, 0x41, 0x08, 0x41, 0x08,
    0x41, 0x08, 0x21, 0x08, 0x41, 0x08, 0x42, 0x00, 0x21, 0x08, 0x41, 0x08,
    0x42, 0x08, 0x21, 0x00, 0x41, 0x08, 0x42, 0x08, 0x21, 0x00, 0x41, 0x08,
    0x41, 0x08, 0x41, 0x00, 0x21, 0x08, 0x21, 0x00, 0x41, 0x08, 0x21, 0x08,
    0x41, 0x08, 0xbf, 0xf7, 0xbf, 0xff, 0xbe, 0xff, 0xbf, 0xf7, 0xdf, 0xff,
    0xbf, 0xff, 0xbe, 0xff, 0xbf, 0xf7, 0xbf, 0xff, 0xbe, 0xf7, 0xbf, 0xff,
    0xdf, 0xf7, 0xf0, 0x83, 0x41, 0x08, 0x41, 0x08, 0x21, 0x08, 0x21, 0x00,
    0x41, 0x08, 0x41, 0x08, 0x41, 0x08, 0x21, 0x00, 0x41, 0x08, 0x41, 0x08,
    0x21, 0x08, 0x41, 0x08, 0x41, 0x08, 0x41, 0x08, 0x41, 0x00, 0x41, 0x08,
    0x41, 0x08, 0x41, 0x08, 0x41, 0x08, 0x41, 0x00, 0x41, 0x08, 0x41, 0x08,
    0x21, 0x08, 0x41, 0x08, 0x21, 0x00, 0x41, 0x08, 0x41, 0x08, 0xd7, 0xbd,
    0xdf, 0xff, 0xbf, 0xf7, 0xbe, 0xff, 0xbf, 0xff, 0xbf, 0xf7, 0xbe, 0xff,
    0xbf, 0xff, 0xbe, 0xf7, 0xbf, 0xff, 0xbf, 0xff, 0xde, 0xf7, 0xd7, 0xbd,
    0x21, 0x08, 0x41, 0x00, 0x21, 0x08, 0x41, 0x08, 0x41, 0x00, 0x21, 0x08,
    0x41, 0x08, 0x41, 0x08, 0x41, 0x00, 0x41, 0x08, 0x21, 0x00, 0x41, 0x08,
    0x42, 0x00, 0x41, 0x08, 0x41, 0x00, 0x42, 0x08, 0x41, 0x08, 0x41, 0x00,
    0x41, 0x08, 0x41, 0x08, 0x21, 0x00, 0x41, 0x08, 0x41, 0x08, 0x22, 0x08,
    0x41, 0x00, 0x21, 0x00, 0x41, 0x08, 0x10, 0x84, 0xbf, 0xf7, 0xbe, 0xff,
    0xdf, 0xf7, 0xde, 0xff, 0xbf, 0xf7, 0xbf, 0xff, 0xde, 0xf7, 0xdf, 0xff,
    0xbf, 0xf7, 0xbe, 0xff, 0xdf, 0xff, 0xbf, 0xf7, 0xbe, 0xff, 0xdf, 0xff,
    0xbf, 0xff, 0xbe, 0xff, 0xdf, 0xff, 0xbe, 0xf7, 0xbf, 0xff, 0xdf, 0xf7,
    0xbe, 0xf7, 0xbf, 0xff, 0x28, 0x42, 0x41, 0x08, 0x21, 0x00, 0x41, 0x08,
    0x41, 0x08, 0x41, 0x08, 0x41, 0x08, 0x41, 0x08, 0xbf, 0xf7, 0xde, 0xff,
    0xbf, 0xf7, 0xbf, 0xff, 0xdf, 0xff, 0xbe, 0xf7, 0xbf, 0xf7, 0xbe, 0xff,
    0xdf, 0xff, 0xbe, 0xf7, 0xbf, 0xff, 0xbe, 0xff, 0xbf, 0xf7, 0xdf, 0xff,
    0xbe, 0xff, 0xbf, 0xf7, 0xde, 0xf7, 0xbf, 0xff, 0xbf, 0xff, 0xde, 0xf7,
    0xbe, 0xff, 0xbf, 0xf7, 0xbf, 0xff, 0x10, 0x84, 0x21, 0x08, 0x41, 0x08,
    0x21, 0x00, 0x21, 0x08, 0x41, 0x08, 0x21, 0x08, 0x41, 0x00, 0x41, 0x08,
    0x21, 0x08, 0x41, 0x08, 0x42, 0x08, 0x41, 0x08, 0x41, 0x08, 0x42, 0x08,
    0x21, 0x00, 0x41, 0x08, 0x41, 0x08, 0x21, 0x08, 0x42, 0x00, 0x21, 0x08,
    0x41, 0x08, 0x41, 0x00, 0x41, 0x08, 0x41, 0x08, 0x21, 0x08, 0x41, 0x08,
    0x41, 0x08, 0xf7, 0xbd, 0xbf, 0xf7, 0xdf, 0xf7, 0xbe, 0xf7, 0xbf, 0xff,
    0xdf, 0xff, 0xbe, 0xff, 0xbf, 0xf7, 0xbe, 0xff, 0xbf, 0xff, 0xbe, 0xf7,
    0xbe, 0xff, 0xf7, 0xbd, 0x41, 0x08, 0x41, 0x08, 0x41, 0x08, 0x21, 0x00,
    0x41, 0x08, 0x41, 0x08, 0x21, 0x08, 0x41, 0x08, 0x41, 0x00, 0x21, 0x08,
    0x41, 0x08, 0x41, 0x08, 0x41, 0x08, 0x41, 0x00, 0x41, 0x08, 0x22, 0x08,
    0x41, 0x00, 0x41, 0x00, 0x42, 0x08, 0x41, 0x08, 0x21, 0x08, 0x41, 0x08,
    0x41, 0x08, 0x21, 0x00, 0x41, 0x08, 0x41, 0x00, 0x21, 0x08, 0x10, 0x84,
    0xdf, 0xf7, 0xbf, 0xff, 0xbe, 0xff, 0xbf, 0xf7, 0xbf, 0xff, 0xde, 0xff,
    0xbf, 0xf7, 0xdf, 0xff, 0xbe, 0xff, 0xbf, 0xf7, 0xbf, 0xff, 0xbe, 0xff,
    0xbf, 0xf7, 0xbf, 0xff, 0xde, 0xff, 0xbf, 0xf7, 0xbe, 0xff, 0xbe, 0xff,
    0xbe, 0xf7, 0xdf, 0xff, 0xdf, 0xff, 0xbe, 0xf7, 0x28, 0x42, 0x21, 0x08,
    0x41, 0x08, 0x21, 0x00, 0x21, 0x08, 0x41, 0x00, 0x28, 0x42, 0xbf, 0xf7,
    0xdf, 0xf7, 0xbe, 0xff, 0xbf, 0xff, 0xdf, 0xf7, 0xde, 0xf7, 0xbf, 0xff,
    0xbf, 0xf7, 0xde, 0xff, 0xbf, 0xff, 0xbf, 0xf7, 0xbe, 0xff, 0xde, 0xf7,
    0xbf, 0xff, 0xbf, 0xf7, 0xbe, 0xff, 0xdf, 0xff, 0xbf, 0xff, 0xbe, 0xf7,
    0xdf, 0xff, 0xbf, 0xf7, 0xbe, 0xff, 0xdf, 0xff, 0x28, 0x42, 0x41, 0x08,
    0x21, 0x00, 0x21, 0x08, 0x42, 0x08, 0x41, 0x08, 0x21, 0x00, 0x42, 0x08,
    0x41, 0x08, 0x41, 0x00, 0x41, 0x08, 0x21, 0x08, 0x41, 0x08, 0x41, 0x08,
    0x41, 0x08, 0x41, 0x00, 0x21, 0x08, 0x41, 0x08, 0x41, 0x00, 0x21, 0x08,
    0x42, 0x08, 0x41, 0x00, 0x41, 0x08, 0x21, 0x08, 0x41, 0x00, 0x41, 0x08,
    0x21, 0x08, 0x41, 0x08, 0xdf, 0xf7, 0xde, 0xff, 0xbf, 0xff, 0xbe, 0xf7,
    0xbe, 0xff, 0xdf, 0xff, 0xbf, 0xf7, 0xde, 0xff, 0xbf, 0xff, 0xbe, 0xff,
    0xde, 0xf7, 0xbf, 0xff, 0xf0, 0x83, 0x41, 0x08, 0x41, 0x08, 0x21, 0x00,
    0x41, 0x00, 0x41, 0x08, 0x41, 0x08, 0x21, 0x08, 0x41, 0x08, 0x42, 0x00,
    0x41, 0x08, 0x41, 0x08, 0x21, 0x00, 0x42, 0x08, 0x41, 0x08, 0x21, 0x00,
    0x22, 0x08, 0x41, 0x08, 0x21, 0x00, 0x42, 0x08, 0x41, 0x08, 0x21, 0x00,
    0x42, 0x08, 0x21, 0x00, 0x41, 0x08, 0x21, 0x08, 0x41, 0x00, 0x41, 0x08,
    0xd7, 0xbd, 0xdf, 0xf7, 0xdf, 0xff, 0xbe, 0xf7, 0xbf, 0xff, 0xdf, 0xf7,
    0xde, 0xff, 0xbf, 0xff, 0xbf, 0xf7, 0xde, 0xff, 0xbf, 0xff, 0xdf, 0xf7,
    0xd7, 0xbd, 0x41, 0x08, 0x41, 0x00, 0x21, 0x08, 0x41, 0x08, 0x41, 0x00,
    0x21, 0x08, 0x42, 0x08, 0x21, 0x00, 0x41, 0x08, 0x42, 0x08, 0x41, 0x08,
    0x21, 0x00, 0x41, 0x08, 0x41, 0x08, 0x21, 0x08, 0x21, 0x00, 0x41, 0x08,
    0x41, 0x08, 0x41, 0x08, 0x41, 0x08, 0x41, 0x08, 0x21, 0x00, 0x41, 0x08,
    0x41, 0x08, 0x41, 0x08, 0x21, 0x00, 0x21, 0x08, 0x10, 0x7c, 0xbf, 0xf7,
    0xbe, 0xff, 0xbf, 0xff, 0xbf, 0xf7, 0xbe, 0xff, 0xdf, 0xff, 0xbe, 0xff,
    0xbf, 0xf7, 0xbe, 0xff, 0xdf, 0xff, 0xbf, 0xf7, 0xbe, 0xf7, 0xbf, 0xff,
    0xde, 0xf7, 0xbf, 0xf7, 0xbf, 0xff, 0xbe, 0xff, 0xbf, 0xf7, 0xde, 0xff,
    0xbf, 0xff, 0xdf, 0xf7, 0xbf, 0xf7, 0x28, 0x42, 0x41, 0x08, 0x21, 0x00,
    0x41, 0x08, 0x41, 0x08, 0x41, 0x00, 0x41, 0x08, 0x41, 0x08, 0xbf, 0xf7,
    0xdf, 0xff, 0xdf, 0xff, 0xbe, 0xff, 0xbe, 0xff, 0xdf, 0xf7, 0xdf, 0xff,
    0xbe, 0xff, 0xbf, 0xf7, 0xbf, 0xff, 0xde, 0xff, 0xbf, 0xf7, 0xbe, 0xff,
    0xbf, 0xff, 0xdf, 0xf7, 0xbe, 0xff, 0xbf, 0xff, 0xbe, 0xf7, 0xbf, 0xff,
    0xbf, 0xff, 0xbf, 0xf7, 0xbe, 0xff, 0xbe, 0xf7, 0x10, 0x7c, 0x41, 0x08,
    0x41, 0x08, 0x21, 0x00, 0x41, 0x08, 0x41, 0x08, 0x41, 0x00, 0x21, 0x08,
    0x41, 0x08, 0x41, 0x00, 0x21, 0x08, 0x41, 0x00, 0x21, 0x08, 0x41, 0x08,
    0x41, 0x08, 0x21, 0x08, 0x41, 0x08, 0x42, 0x08, 0x41, 0x08, 0x41, 0x00,
    0x21, 0x08, 0x41, 0x08, 0x41, 0x08, 0x21, 0x08, 0x41, 0x08, 0x41, 0x00,
    0x41, 0x08, 0x41, 0x08, 0xd7, 0xbd, 0xdf, 0xf7, 0xbf, 0xff, 0xdf, 0xff,
    0xbe, 0xff, 0xbf, 0xff, 0xdf, 0xf7, 0xbe, 0xff, 0xdf, 0xf7, 0xbf, 0xff,
    0xbf, 0xf7, 0xbf, 0xff, 0xf7, 0xbd, 0x21, 0x00, 0x41, 0x08, 0x41, 0x08,
    0x21, 0x00, 0x42, 0x08, 0x41, 0x08, 0x41, 0x00, 0x42, 0x08, 0x41, 0x08,
    0x41, 0x00, 0x22, 0x08, 0x41, 0x08, 0x21, 0x00, 0x41, 0x08, 0x41, 0x08,
    0x21, 0x08, 0x41, 0x08, 0x41, 0x08, 0x21, 0x00, 0x41, 0x08, 0x41, 0x00,
    0x42, 0x08, 0x41, 0x08, 0x21, 0x00, 0x41, 0x08, 0x21, 0x08, 0x21, 0x00,
    0x10, 0x84, 0xbf, 0xf7, 0xbe, 0xff, 0xbf, 0xf7, 0xbe, 0xff, 0xbf, 0xff,
    0xbf, 0xf7, 0xbe, 0xff, 0xbf, 0xf7, 0xde, 0xff, 0xbf, 0xff, 0xbf, 0xf7,
    0xde, 0xff, 0xbf, 0xf7, 0xbf, 0xff, 0xdf, 0xff, 0xbe, 0xf7, 0xbf, 0xff,
    0xdf, 0xff, 0xbf, 0xf7, 0xbe, 0xff, 0xdf, 0xff, 0xbf, 0xf7, 0x28, 0x42,
    0x41, 0x08, 0x42, 0x08, 0x41, 0x00, 0x41, 0x08, 0x21, 0x08, 0x28, 0x42,
    0xbf, 0xff, 0xbf, 0xff, 0xbe, 0xff, 0xbf, 0xff, 0xdf, 0xf7, 0xbe, 0xff,
    0xbf, 0xff, 0xbe, 0xf7, 0xdf, 0xff, 0xbe, 0xf7, 0xbf, 0xff, 0xdf, 0xff,
    0xbe, 0xf7, 0xbf, 0xff, 0xbf, 0xff, 0xde, 0xf7, 0xbf, 0xff, 0xbf, 0xf7,
    0xbe, 0xff, 0xbf, 0xff, 0xdf, 0xf7, 0xbe, 0xff, 0xbf, 0xf7, 0x28, 0x42,
    0x41, 0x08, 0x21, 0x08, 0x21, 0x00, 0x41, 0x08, 0x41, 0x08, 0x21, 0x00,
    0x41, 0x08, 0x21, 0x08, 0x41, 0x00, 0x42, 0x08, 0x41, 0x08, 0x41, 0x00,
    0x21, 0x08, 0x41, 0x08, 0x41, 0x08, 0x41, 0x08, 0x42, 0x08, 0x41, 0x08,
    0x41, 0x08, 0x21, 0x08, 0x41, 0x08, 0x41, 0x08, 0x21, 0x00, 0x21, 0x08,
    0x41, 0x08, 0x41, 0x00, 0x41, 0x08, 0xbf, 0xf7, 0xdf, 0xf7, 0xbf, 0xff,
    0xbf, 0xff, 0xbe, 0xf7, 0xbf, 0xf7, 0xbf, 0xff, 0xde, 0xf7, 0xbf, 0xff,
    0xbf, 0xff, 0xde, 0xf7, 0xdf, 0xf7, 0xf0, 0x83, 0x41, 0x00, 0x41, 0x08,
    0x21, 0x08, 0x21, 0x08, 0x41, 0x08, 0x42, 0x00, 0x41, 0x08, 0x41, 0x08,
    0x21, 0x00, 0x41, 0x08, 0x41, 0x08, 0x41, 0x00, 0x21, 0x08, 0x41, 0x08,
    0x41, 0x08, 0x41, 0x08, 0x41, 0x00, 0x41, 0x08, 0x21, 0x08, 0x41, 0x08,
    0x41, 0x08, 0x41, 0x08, 0x21, 0x00, 0x41, 0x08, 0x41, 0x08, 0x41, 0x08,
    0x41, 0x08, 0xd7, 0xbd, 0xbf, 0xf7, 0xbf, 0xff, 0xbe, 0xff, 0xdf, 0xf7,
    0xbe, 0xff, 0xbf, 0xf7, 0xbf, 0xff, 0xde, 0xf7, 0xbf, 0xff, 0xde, 0xf7,
    0xbf, 0xff, 0xf7, 0xbd, 0x21, 0x08, 0x21, 0x08, 0x41, 0x00, 0x41, 0x08,
    0x21, 0x08, 0x21, 0x00, 0x41, 0x08, 0x41, 0x08, 0x21, 0x08, 0x41, 0x08,
    0x41, 0x08, 0x41, 0x08, 0x21, 0x08, 0x41, 0x08, 0x41, 0x08, 0x41, 0x08,
    0x21, 0x00, 0x22, 0x08, 0x41, 0x00, 0x41, 0x08, 0x22, 0x08, 0x41, 0x08,
    0x41, 0x00, 0x41, 0x08, 0x41, 0x08, 0x21, 0x08, 0x41, 0x08, 0x10, 0x84,
    0xde, 0xf7, 0xbf, 0xff, 0xbf, 0xff, 0xbe, 0xf7, 0xbf, 0xff, 0xbf, 0xf7,
    0xbe, 0xff, 0xbf, 0xf7, 0xbf, 0xff, 0xbe, 0xff, 0xbf, 0xf7, 0xbf, 0xff,
    0xbe, 0xff, 0xbf, 0xf7, 0xde, 0xff, 0xbf, 0xf7, 0xbf, 0xff, 0xde, 0xff,
    0xbf, 0xf7, 0xbe, 0xff, 0xdf, 0xff, 0xbe, 0xf7, 0x28, 0x42, 0x41, 0x08,
    0x21, 0x08, 0x41, 0x08, 0x41, 0x08, 0x42, 0x08, 0x21, 0x08, 0x41, 0x08,
    0xbf, 0xf7, 0xbf, 0xf7, 0xde, 0xf7, 0xbf, 0xff, 0xbf, 0xff, 0xdf, 0xf7,
    0xde, 0xff, 0xbf, 0xff, 0xbf, 0xf7, 0xbe, 0xff, 0xdf, 0xf7, 0xbf, 0xff,
    0xbe, 0xff, 0xbf, 0xf7, 0xbf, 0xff, 0xde, 0xff, 0xbf, 0xf7, 0xbf, 0xff,
    0xde, 0xff, 0xbf, 0xf7, 0xdf, 0xff, 0xbf, 0xff, 0xbf, 0xff, 0x10, 0x7c,
    0x21, 0x08, 0x41, 0x08, 0x41, 0x00, 0x21, 0x08, 0x41, 0x08, 0x42, 0x08,
    0x41, 0x08, 0x41, 0x08, 0x42, 0x08, 0x41, 0x00, 0x41, 0x08, 0x21, 0x00,
    0x41, 0x08, 0x41, 0x00, 0x41, 0x08, 0x41, 0x00, 0x21, 0x08, 0x41, 0x08,
    0x41, 0x08, 0x41, 0x00, 0x41, 0x08, 0x21, 0x08, 0x41, 0x00, 0x41, 0x08,
    0x21, 0x00, 0x42, 0x08, 0x41, 0x08, 0xf7, 0xbd, 0xbf, 0xff, 0xde, 0xf7,
    0xbf, 0xff, 0xdf, 0xff, 0xdf, 0xf7, 0xbe, 0xff, 0xbf, 0xff, 0xbf, 0xf7,
    0xde, 0xff, 0xbf, 0xff, 0xbf, 0xf7, 0xf7, 0xbd, 0x21, 0x00, 0x41, 0x08,
    0x41, 0x08, 0x21, 0x00, 0x41, 0x08, 0x21, 0x08, 0x41, 0x00, 0x21, 0x08,
    0x41, 0x08, 0x41, 0x08, 0x41, 0x00, 0x41, 0x08, 0x21, 0x08, 0x42, 0x08,
    0x41, 0x00, 0x41, 0x08, 0x41, 0x08, 0x21, 0x08, 0x41, 0x08, 0x41, 0x08,
    0x41, 0x00, 0x21, 0x08, 0x41, 0x08, 0x21, 0x00, 0x41, 0x08, 0x41, 0x08,
    0x21, 0x00, 0x10, 0x84, 0xdf, 0xf7, 0xbf, 0xff, 0xde, 0xff, 0xbf, 0xf7,
    0xde, 0xff, 0xbf, 0xff, 0xbf, 0xf7, 0xbe, 0xff, 0xbf, 0xf7, 0xde, 0xff,
    0xbf, 0xff, 0xbe, 0xf7, 0xde, 0xff, 0xbf, 0xff, 0xbe, 0xf7, 0xbf, 0xff,
    0xdf, 0xff, 0xbf, 0xf7, 0xbe, 0xff, 0xdf, 0xff, 0xdf, 0xff, 0xbf, 0xf7,
    0x28, 0x42, 0x41, 0x08, 0x41, 0x08, 0x21, 0x00, 0x41, 0x08, 0x21, 0x08,
    0x29, 0x42, 0xdf, 0xf7, 0xbe, 0xff, 0xdf, 0xff, 0xdf, 0xff, 0xbe, 0xf7,
    0xdf, 0xf7, 0xbf, 0xff, 0xbf, 0xff, 0xbe, 0xf7, 0xbf, 0xff, 0xbf, 0xff,
    0xbe, 0xf7, 0xbf, 0xff, 0xdf, 0xff, 0xbe, 0xf7, 0xbe, 0xff, 0xbf, 0xf7,
    0xde, 0xff, 0xbf, 0xff, 0xbe, 0xf7, 0xbf, 0xff, 0xbf, 0xff, 0xdf, 0xf7,
    0x28, 0x42, 0x41, 0x08, 0x21, 0x08, 0x41, 0x00, 0x41, 0x08, 0x41, 0x08,
    0x21, 0x00, 0x41, 0x08, 0x41, 0x08, 0x21, 0x08, 0x41, 0x08, 0x41, 0x00,
    0x21, 0x08, 0x42, 0x00, 0x41, 0x08, 0x21, 0x00, 0x41, 0x08, 0x21, 0x00,
    0x41, 0x08, 0x41, 0x00, 0x41, 0x00, 0x21, 0x08, 0x42, 0x08, 0x21, 0x00,
    0x41, 0x08, 0x41, 0x08, 0x21, 0x00, 0x41, 0x08, 0xbf, 0xff, 0xbe, 0xf7,
    0xdf, 0xff, 0xbf, 0xff, 0xde, 0xf7, 0xbf, 0xff, 0xbe, 0xff, 0xbf, 0xf7,
    0xbf, 0xf7, 0xbf, 0xff, 0xbf, 0xff, 0xde, 0xf7, 0xf0, 0x83, 0x41, 0x08,
    0x41, 0x00, 0x21, 0x08, 0x41, 0x00, 0x41, 0x08, 0x21, 0x08, 0x41, 0x00,
    0x41, 0x08, 0x21, 0x08, 0x41, 0x08, 0x42, 0x08, 0x41, 0x08, 0x41, 0x00,
    0x41, 0x08, 0x41, 0x08, 0x21, 0x00, 0x41, 0x08, 0x41, 0x08, 0x41, 0x00,
    0x21, 0x08, 0x41, 0x08, 0x41, 0x08, 0x21, 0x00, 0x41, 0x08, 0x21, 0x00,
    0x42, 0x08, 0x41, 0x08, 0xd7, 0xbd, 0xdf, 0xff, 0xbf, 0xf7, 0xbf, 0xff,
    0xbe, 0xff, 0xbf, 0xff, 0xbf, 0xff, 0xbe, 0xf7, 0xbf, 0xff, 0xbf, 0xff,
    0xbe, 0xf7, 0xdf, 0xf7, 0xf7, 0xbd, 0x21, 0x08, 0x21, 0x00, 0x41, 0x08,
    0x41, 0x08, 0x21, 0x00, 0x41, 0x08, 0x41, 0x08, 0x41, 0x00, 0x41, 0x08,
    0x21, 0x00, 0x41, 0x00, 0x42, 0x08, 0x41, 0x00, 0x41, 0x00, 0x42, 0x08,
    0x41, 0x08, 0x41, 0x08, 0x41, 0x08, 0x41, 0x08, 0x21, 0x00, 0x41, 0x08,
    0x41, 0x08, 0x22, 0x08, 0x41, 0x00, 0x41, 0x08, 0x21, 0x00, 0x21, 0x00,
    0x10, 0x84, 0xdf, 0xf7, 0xbe, 0xff, 0xdf, 0xff, 0xde, 0xf7, 0xbf, 0xff,
    0xbf, 0xff, 0xde, 0xf7, 0xdf, 0xff, 0xbf, 0xf7, 0xbe, 0xff, 0xdf, 0xff,
    0xde, 0xff, 0xbf, 0xff, 0xbf, 0xff, 0xbe, 0xff, 0xdf, 0xf7, 0xbf, 0xff,
    0xbe, 0xff, 0xbf, 0xf7, 0xbf, 0xff, 0xde, 0xff, 0xbf, 0xf7, 0x28, 0x42,
    0x41, 0x08, 0x21, 0x08, 0x41, 0x08, 0x41, 0x08, 0x21, 0x08, 0x41, 0x00,
    0x41, 0x08, 0xbf, 0xff, 0xdf, 0xff, 0xbf, 0xff, 0xbe, 0xf7, 0xbf, 0xff,
    0xde, 0xf7, 0xbf, 0xf7, 0xbf, 0xff, 0xbe, 0xff, 0xbf, 0xf7, 0xbf, 0xff,
    0xde, 0xf7, 0xbf, 0xff, 0xbe, 0xf7, 0xdf, 0xff, 0xbf, 0xff, 0xbe, 0xf7,
    0xdf, 0xff, 0xbe, 0xf7, 0xbe, 0xff, 0xdf, 0xf7, 0xbe, 0xff, 0xdf, 0xf7,
    0xf0, 0x83, 0x21, 0x08, 0x41, 0x08, 0x21, 0x00, 0x21, 0x00, 0x41, 0x08,
    0x41, 0x08, 0x21, 0x00, 0x41, 0x08, 0x21, 0x08, 0x41, 0x08, 0x41, 0x08,
    0x42, 0x08, 0x21, 0x08, 0x41, 0x08, 0x42, 0x00, 0x21, 0x08, 0x41, 0x00,
    0x41, 0x08, 0x21, 0x08, 0x42, 0x00, 0x41, 0x08, 0x41, 0x08, 0x42, 0x00,
    0x41, 0x08, 0x21, 0x08, 0x41, 0x08, 0x41, 0x08, 0xf7, 0xbd, 0xbf, 0xf7,
    0xbf, 0xff, 0xdf, 0xff, 0xbe, 0xf7, 0xbe, 0xff, 0xbf, 0xff, 0xbf, 0xf7,
    0xbe, 0xff, 0xde, 0xff, 0xbf, 0xf7, 0xde, 0xff, 0xf7, 0xbd, 0x21, 0x08,
    0x41, 0x08, 0x41, 0x08, 0x21, 0x00, 0x41, 0x08, 0x41, 0x08, 0x41, 0x08,
    0x41, 0x08, 0x21, 0x08, 0x41, 0x08, 0x41, 0x08, 0x41, 0x00, 0x41, 0x08,
    0x21, 0x08, 0x41, 0x00, 0x41, 0x08, 0x22, 0x00, 0x41, 0x00, 0x41, 0x08,
    0x42, 0x08, 0x21, 0x08, 0x41, 0x08, 0x41, 0x08, 0x21, 0x00, 0x41, 0x08,
    0x41, 0x08, 0x21, 0x08, 0xf0, 0x7b, 0xdf, 0xff, 0xbe, 0xff, 0xbf, 0xf7,
    0xbf, 0xf7, 0xbe, 0xff, 0xdf, 0xff, 0xdf, 0xf7, 0xbe, 0xff, 0xbf, 0xff,
    0xbf, 0xf7, 0xbe, 0xff, 0xbf, 0xff, 0xbf, 0xf7, 0xde, 0xff, 0xbf, 0xf7,
    0xbe, 0xff, 0xbf, 0xf7, 0xdf, 0xff, 0xbe, 0xf7, 0xdf, 0xf7, 0xbe, 0xff,
    0xdf, 0xff, 0x28, 0x42, 0x21, 0x08, 0x41, 0x08, 0x22, 0x00, 0x41, 0x08,
    0x41, 0x08, 0x28, 0x42, 0xbf, 0xff, 0xbf, 0xf7, 0xbe, 0xf7, 0xbf, 0xff,
    0xde, 0xf7, 0xdf, 0xf7, 0xbe, 0xff, 0xbf, 0xff, 0xdf, 0xf7, 0xbe, 0xff,
    0xdf, 0xff, 0xbe, 0xf7, 0xbf, 0xff, 0xdf, 0xf7, 0xbe, 0xff, 0xbf, 0xff,
    0xbf, 0xf7, 0xdf, 0xff, 0xbe, 0xff, 0xbf, 0xf7, 0xde, 0xff, 0xdf, 0xf7,
    0xbe, 0xff, 0x28, 0x42, 0x41, 0x08, 0x21, 0x00, 0x21, 0x08, 0x41, 0x08,
    0x41, 0x08, 0x21, 0x00, 0x41, 0x08, 0x42, 0x08, 0x41, 0x08, 0x21, 0x00,
    0x41, 0x08, 0x41, 0x08, 0x41, 0x08, 0x41, 0x08, 0x42, 0x08, 0x21, 0x00,
    0x41, 0x08, 0x41, 0x08, 0x21, 0x08, 0x41, 0x08, 0x41, 0x08, 0x41, 0x08,
    0x21, 0x00, 0x41, 0x08, 0x41, 0x08, 0x21, 0x00, 0x41, 0x08, 0xdf, 0xf7,
    0xbe, 0xf7, 0xbe, 0xff, 0xbf, 0xff, 0xbf, 0xf7, 0xde, 0xff, 0xbf, 0xff,
    0xbe, 0xff, 0xde, 0xff, 0xbf, 0xf7, 0xbf, 0xff, 0xdf, 0xf7, 0xf0, 0x83,
    0x41, 0x08, 0x41, 0x08, 0x21, 0x00, 0x41, 0x08, 0x41, 0x08, 0x41, 0x08,
    0x41, 0x08, 0x42, 0x08, 0x41, 0x00, 0x21, 0x08, 0x41, 0x08, 0x21, 0x00,
    0x41, 0x08, 0x42, 0x08, 0x21, 0x08, 0x41, 0x08, 0x42, 0x08, 0x21, 0x08,
    0x41, 0x00, 0x42, 0x08, 0x41, 0x08, 0x41, 0x00, 0x21, 0x08, 0x41, 0x08,
    0x21, 0x00, 0x41, 0x08, 0x41, 0x08, 0xd7, 0xbd, 0xdf, 0xff, 0xbe, 0xf7,
    0xbf, 0xf7, 0xdf, 0xff, 0xbe, 0xf7, 0xdf, 0xff, 0xde, 0xff, 0xbf, 0xf7,
    0xbf, 0xff, 0xbe, 0xff, 0xdf, 0xf7, 0xd7, 0xbd, 0x41, 0x08, 0x41, 0x00,
    0x21, 0x08, 0x41, 0x08, 0x21, 0x00, 0x21, 0x08, 0x41, 0x08, 0x42, 0x08,
    0x41, 0x08, 0x41, 0x08, 0x21, 0x08, 0x41, 0x08, 0x41, 0x08, 0x21, 0x08,
    0x21, 0x00, 0x41, 0x08, 0x41, 0x08, 0x41, 0x00, 0x21, 0x08, 0x41, 0x08,
    0x41, 0x00, 0x41, 0x08, 0x21, 0x08, 0x41, 0x08, 0x41, 0x08, 0x21, 0x00,
    0x41, 0x08, 0x10, 0x84, 0xbf, 0xf7, 0xbe, 0xff, 0xbf, 0xf7, 0xbf, 0xff,
    0xbe, 0xff, 0xdf, 0xf7, 0xbe, 0xff, 0xbf, 0xff, 0xbe, 0xf7, 0xdf, 0xf7,
    0xbf, 0xff, 0xbe, 0xf7, 0xdf, 0xf7, 0xbf, 0xff, 0xbe, 0xf7, 0xbf, 0xff,
    0xbe, 0xf7, 0xbf, 0xff, 0xdf, 0xf7, 0xbe, 0xff, 0xdf, 0xf7, 0xbf, 0xff,
    0x28, 0x42, 0x41, 0x08, 0x21, 0x00, 0x41, 0x08, 0x21, 0x08, 0x41, 0x08,
    0x41, 0x00, 0x41, 0x08, 0xbf, 0xf7, 0xde, 0xf7, 0xde, 0xff, 0xbf, 0xff,
    0xdf, 0xff, 0xbe, 0xf7, 0xdf, 0xf7, 0xbe, 0xff, 0xdf, 0xff, 0xbf, 0xf7,
    0xbe, 0xff, 0xdf, 0xff, 0xbf, 0xf7, 0xbe, 0xff, 0xbf, 0xf7, 0xbf, 0xff,
    0xbe, 0xff, 0xbf, 0xf7, 0xbf, 0xff, 0xbf, 0xff, 0xbe, 0xf7, 0xbf, 0xff,
    0xbe, 0xff, 0x10, 0x7c, 0x41, 0x08, 0x41, 0x08, 0x21, 0x00, 0x41, 0x08,
    0x41, 0x08, 0x41, 0x00, 0x41, 0x08, 0x21, 0x08, 0x41, 0x00, 0x41, 0x08,
    0x21, 0x08, 0x41, 0x00, 0x41, 0x08, 0x41, 0x08, 0x21, 0x08, 0x41, 0x08,
    0x41, 0x08, 0x41, 0x08, 0x21, 0x08, 0x41, 0x08, 0x41, 0x08, 0x21, 0x08,
    0x41, 0x08, 0x41, 0x08, 0x21, 0x00, 0x41, 0x08, 0x41, 0x08, 0xf7, 0xbd,
    0xbf, 0xf7, 0xbf, 0xff, 0xde, 0xf7, 0xbf, 0xff, 0xbf, 0xff, 0xdf, 0xf7,
    0xbe, 0xff, 0xbf, 0xff, 0xbf, 0xf7, 0xbf, 0xff, 0xbf, 0xff, 0xf7, 0xbd,
    0x21, 0x08, 0x41, 0x08, 0x41, 0x08, 0x21, 0x00, 0x42, 0x08, 0x41, 0x08,
    0x21, 0x00, 0x42, 0x08, 0x41, 0x00, 0x21, 0x08, 0x42, 0x08, 0x21, 0x08,
    0x41, 0x08, 0x41, 0x08, 0x41, 0x08, 0x21, 0x08, 0x41, 0x08, 0x41, 0x08,
    0x41, 0x08, 0x21, 0x00, 0x41, 0x08, 0x41, 0x08, 0x42, 0x08, 0x21, 0x00,
    0x41, 0x08, 0x21, 0x08, 0x41, 0x00, 0xf0, 0x83, 0xdf, 0xf7, 0xde, 0xf7,
    0xbf, 0xff, 0xbf, 0xff, 0xbe, 0xf7, 0xbf, 0xff, 0xbe, 0xff, 0xdf, 0xf7,
    0xbf, 0xff, 0xde, 0xf7, 0xbf, 0xff, 0xbf, 0xff, 0xdf, 0xf7, 0xbf, 0xff,
    0xbe, 0xff, 0xbf, 0xf7, 0xde, 0xff, 0xbf, 0xff, 0xbf, 0xff, 0xdf, 0xff,
    0xbf, 0xff, 0xbe, 0xf7, 0x29, 0x42, 0x41, 0x08, 0x21, 0x08, 0x41, 0x08,
    0x41, 0x08, 0x21, 0x00, 0x28, 0x42, 0xdf, 0xff, 0xbf, 0xff, 0xbe, 0xff,
    0xdf, 0xff, 0xbf, 0xff, 0xbe, 0xf7, 0xbf, 0xff, 0xde, 0xff, 0xbf, 0xf7,
    0xbf, 0xff, 0xde, 0xf7, 0xbf, 0xff, 0xbf, 0xff, 0xbe, 0xf7, 0xdf, 0xff,
    0xbf, 0xff, 0xbe, 0xf7, 0xbf, 0xff, 0xbf, 0xf7, 0xbe, 0xff, 0xbf, 0xff,
    0xbf, 0xff, 0xbf, 0xf7, 0x28, 0x42, 0x41, 0x08, 0x21, 0x08, 0x41, 0x00,
    0x41, 0x08, 0x42, 0x08, 0x21, 0x00, 0x41, 0x08, 0x41, 0x08, 0x41, 0x00,
    0x41, 0x08, 0x22, 0x08, 0x41, 0x08, 0x41, 0x00, 0x21, 0x08, 0x41, 0x08,
    0x41, 0x08, 0x41, 0x08, 0x42, 0x08, 0x41, 0x08, 0x21, 0x00, 0x42, 0x08,
    0x41, 0x08, 0x21, 0x00, 0x21, 0x08, 0x41, 0x08, 0x21, 0x08, 0x41, 0x08,
    0xdf, 0xf7, 0xdf, 0xff, 0xbf, 0xff, 0xbe, 0xf7, 0xbf, 0xff, 0xdf, 0xf7,
    0xbf, 0xff, 0xbf, 0xf7, 0xde, 0xff, 0xbe, 0xff, 0xbf, 0xf7, 0xde, 0xf7,
    0xf0, 0x83, 0x41, 0x08, 0x41, 0x08, 0x21, 0x00, 0x21, 0x08, 0x41, 0x08,
    0x41, 0x00, 0x21, 0x08, 0x41, 0x08, 0x41, 0x00, 0x41, 0x08, 0x41, 0x08,
    0x21, 0x08, 0x41, 0x08, 0x41, 0x00, 0x21, 0x08, 0x41, 0x00, 0x41, 0x08,
    0x41, 0x08, 0x21, 0x08, 0x41, 0x08, 0x41, 0x00, 0x42, 0x08, 0x21, 0x08,
    0x41, 0x08, 0x21, 0x00, 0x41, 0x08, 0x41, 0x08, 0xd7, 0xbd, 0xdf, 0xf7,
    0xdf, 0xff, 0xbe, 0xff, 0xbf, 0xf7, 0xbf, 0xff, 0xbe, 0xf7, 0xbf, 0xff,
    0xde, 0xf7, 0xbf, 0xff, 0xbf, 0xff, 0xde, 0xf7, 0xd7, 0xbd, 0x21, 0x08,
    0x41, 0x08, 0x21, 0x00, 0x41, 0x08, 0x41, 0x08, 0x21, 0x00, 0x41, 0x08,
    0x41, 0x08, 0x21, 0x00, 0x41, 0x08, 0x42, 0x08, 0x21, 0x08, 0x41, 0x08,
    0x41, 0x08, 0x41, 0x08, 0x21, 0x00, 0x42, 0x08, 0x41, 0x08, 0x41, 0x08,
    0x42, 0x08, 0x41, 0x08, 0x41, 0x00, 0x41, 0x08, 0x41, 0x08, 0x41, 0x08,
    0x21, 0x08, 0x21, 0x08, 0x10, 0x7c, 0xdf, 0xf7, 0xbe, 0xff, 0xbf, 0xff,
    0xbf, 0xf7, 0xbe, 0xff, 0xbf, 0xf7, 0xbf, 0xff, 0xbe, 0xff, 0xbf, 0xff,
    0xbf, 0xff, 0xbe, 0xf7, 0xbf, 0xff, 0xbe, 0xff, 0xdf, 0xf7, 0xbf, 0xff,
    0xbe, 0xff, 0xdf, 0xf7, 0xbf, 0xff, 0xbe, 0xff, 0xbf, 0xf7, 0xdf, 0xf7,
    0xbf, 0xff, 0x28, 0x42, 0x41, 0x08, 0x21, 0x00, 0x41, 0x08, 0x41, 0x08,
    0x41, 0x08, 0x41, 0x08, 0x41, 0x08, 0xbf, 0xf7, 0xbf, 0xff, 0xdf, 0xff,
    0xbf, 0xf7, 0xbe, 0xff, 0xdf, 0xff, 0xbf, 0xf7, 0xbe, 0xff, 0xbf, 0xff,
    0xde, 0xf7, 0xbf, 0xff, 0xbf, 0xff, 0xbe, 0xf7, 0xdf, 0xff, 0xbe, 0xff,
    0xdf, 0xf7, 0xbf, 0xff, 0xde, 0xff, 0xbf, 0xf7, 0xdf, 0xff, 0xbe, 0xff,
    0xbf, 0xf7, 0xbf, 0xff, 0x10, 0x7c, 0x21, 0x00, 0x41, 0x08, 0x41, 0x08,
    0x21, 0x08, 0x41, 0x08, 0x42, 0x08, 0x41, 0x08, 0x41, 0x08, 0x42, 0x00,
    0x41, 0x08, 0x21, 0x08, 0x41, 0x00, 0x42, 0x08, 0x41, 0x08, 0x41, 0x00,
    0x41, 0x08, 0x42, 0x08, 0x21, 0x00, 0x41, 0x00, 0x41, 0x08, 0x42, 0x00,
    0x21, 0x08, 0x41, 0x08, 0x42, 0x08, 0x41, 0x00, 0x41, 0x08, 0x21, 0x08,
    0xf7, 0xbd, 0xdf, 0xf7, 0xbf, 0xff, 0xdf, 0xff, 0xbe, 0xf7, 0xbf, 0xff,
    0xbe, 0xf7, 0xdf, 0xff, 0xbf, 0xf7, 0xbe, 0xff, 0xbe, 0xf7, 0xbf, 0xf7,
    0xf7, 0xbd, 0x21, 0x00, 0x41, 0x08, 0x41, 0x08, 0x21, 0x00, 0x41, 0x08,
    0x41, 0x08, 0x21, 0x08, 0x41, 0x00, 0x41, 0x08, 0x41, 0x08, 0x41, 0x00,
    0x41, 0x08, 0x22, 0x00, 0x41, 0x08, 0x41, 0x08, 0x42, 0x00, 0x41, 0x08,
    0x41, 0x08, 0x21, 0x08, 0x41, 0x00, 0x41, 0x08, 0x41, 0x08, 0x41, 0x00,
    0x21, 0x08, 0x41, 0x08, 0x41, 0x00, 0x21, 0x08, 0x10, 0x84, 0xbf, 0xf7,
    0xbf, 0xff, 0xbe, 0xff, 0xdf, 0xff, 0xbf, 0xf7, 0xbe, 0xff, 0xbf, 0xff,
    0xbf, 0xf7, 0xbe, 0xff, 0xdf, 0xff, 0xbe, 0xf7, 0xbe, 0xff, 0xbf, 0xf7,
    0xbf, 0xff, 0xde, 0xff, 0xbf, 0xf7, 0xbf, 0xff, 0xde, 0xff, 0xbe, 0xf7,
    0xdf, 0xf7, 0xdf, 0xf7, 0xbe, 0xff, 0x29, 0x42, 0x41, 0x08, 0x21, 0x00,
    0x41, 0x08, 0x41, 0x08, 0x21, 0x08, 0x28, 0x42, 0xdf, 0xf7, 0xbf, 0xff,
    0xbe, 0xf7, 0xdf, 0xf7, 0xdf, 0xff, 0xbf, 0xf7, 0xbf, 0xff, 0xbe, 0xff,
    0xbf, 0xf7, 0xbf, 0xff, 0xbe, 0xff, 0xbf, 0xf7, 0xbe, 0xff, 0xbf, 0xff,
    0xbf, 0xf7, 0xde, 0xff, 0xbe, 0xff, 0xdf, 0xf7, 0xbf, 0xff, 0xde, 0xf7,
    0xbf, 0xff, 0xbe, 0xff, 0xdf, 0xf7, 0x28, 0x42, 0x41, 0x08, 0x21, 0x08,
    0x21, 0x00, 0x41, 0x08, 0x41, 0x08, 0x21, 0x00, 0x41, 0x08, 0x41, 0x08,
    0x21, 0x08, 0x41, 0x08, 0x41, 0x08, 0x41, 0x00, 0x21, 0x08, 0x41, 0x08,
    0x41, 0x00, 0x21, 0x08, 0x41, 0x00, 0x41, 0x08, 0x41, 0x08, 0x41, 0x00,
    0x41, 0x08, 0x41, 0x08, 0x21, 0x00, 0x41, 0x00, 0x41, 0x08, 0x21, 0x00,
    0x41, 0x08, 0xbf, 0xff, 0xbf, 0xf7, 0xbe, 0xff, 0xdf, 0xff, 0xbe, 0xf7,
    0xbe, 0xff, 0xbf, 0xff, 0xbf, 0xf7, 0xbf, 0xff, 0xbf, 0xff, 0xbe, 0xff,
    0xdf, 0xf7, 0x10, 0x84, 0x41, 0x08, 0x41, 0x00, 0x21, 0x08, 0x21, 0x00,
    0x42, 0x08, 0x41, 0x08, 0x21, 0x00, 0x41, 0x08, 0x41, 0x08, 0x22, 0x08,
    0x41, 0x00, 0x41, 0x08, 0x42, 0x08, 0x41, 0x08, 0x41, 0x00, 0x21, 0x08,
    0x41, 0x08, 0x42, 0x00, 0x41, 0x08, 0x21, 0x08, 0x41, 0x08, 0x41, 0x08,
    0x21, 0x00, 0x41, 0x08, 0x41, 0x08, 0x41, 0x08, 0x41, 0x08, 0xd7, 0xbd,
    0xbf, 0xf7, 0xbf, 0xff, 0xbe, 0xff, 0xdf, 0xff, 0xbf, 0xf7, 0xbe, 0xff,
    0xbf, 0xff, 0xbf, 0xf7, 0xbe, 0xff, 0xbf, 0xff, 0xdf, 0xf7, 0xf7, 0xbd,
    0x21, 0x08, 0x41, 0x08, 0x21, 0x00, 0x41, 0x08, 0x41, 0x08, 0x21, 0x00,
    0x41, 0x08, 0x41, 0x08, 0x21, 0x00, 0x41, 0x08, 0x41, 0x00, 0x41, 0x00,
    0x41, 0x08, 0x42, 0x08, 0x41, 0x08, 0x41, 0x08, 0x21, 0x00, 0x41, 0x08,
    0x21, 0x00, 0x41, 0x08, 0x21, 0x08, 0x22, 0x08, 0x41, 0x00, 0x41, 0x08,
    0x42, 0x00, 0x21, 0x00, 0x41, 0x08, 0x10, 0x84, 0xbe, 0xf7, 0xbf, 0xff,
    0xdf, 0xff, 0xde, 0xf7, 0xbf, 0xff, 0xbf, 0xff, 0xde, 0xf7, 0xdf, 0xf7,
    0xbf, 0xff, 0xbe, 0xff, 0xdf, 0xf7, 0xbf, 0xff, 0xbe, 0xff, 0xbf, 0xf7,
    0xdf, 0xff, 0xbe, 0xff, 0xbf, 0xf7, 0xde, 0xff, 0xbf, 0xff, 0xbe, 0xff,
    0xdf, 0xf7, 0xbe, 0xf7, 0x28, 0x42, 0x41, 0x08, 0x21, 0x08, 0x41, 0x08,
    0x41, 0x00, 0x41, 0x08, 0x41, 0x08, 0x41, 0x08, 0xbf, 0xf7, 0xbf, 0xf7,
    0xbe, 0xff, 0xdf, 0xff, 0xbf, 0xff, 0xde, 0xf7, 0xdf, 0xf7, 0xbf, 0xff,
    0xbe, 0xff, 0xbf, 0xf7, 0xbe, 0xff, 0xbf, 0xff, 0xdf, 0xf7, 0xbe, 0xff,
    0xbf, 0xff, 0xbe, 0xf7, 0xdf, 0xff, 0xbe, 0xf7, 0xbf, 0xff, 0xbe, 0xff,
    0xdf, 0xf7, 0xbf, 0xff, 0xbe, 0xff, 0x10, 0x84, 0x21, 0x08, 0x41, 0x08,
    0x21, 0x00, 0x21, 0x00, 0x41, 0x08, 0x21, 0x00, 0x21, 0x08, 0x41, 0x08,
    0x41, 0x08, 0x21, 0x08, 0x41, 0x08, 0x41, 0x08, 0x21, 0x08, 0x41, 0x00,
    0x21, 0x08, 0x41, 0x08, 0x41, 0x08, 0x41, 0x08, 0x41, 0x08, 0x41, 0x08,
    0x21, 0x08, 0x41, 0x00, 0x41, 0x08, 0x41, 0x08, 0x21, 0x00, 0x42, 0x08,
    0x41, 0x08, 0xf7, 0xbd, 0xbf, 0xf7, 0xbf, 0xff, 0xbe, 0xff, 0xdf, 0xff,
    0xdf, 0xff, 0xbe, 0xff, 0xbf, 0xf7, 0xdf, 0xff, 0xbe, 0xff, 0xdf, 0xff,
    0xbf, 0xff, 0xf7, 0xbd, 0x21, 0x00, 0x41, 0x08, 0x41, 0x08, 0x21, 0x00,
    0x41, 0x08, 0x41, 0x08, 0x41, 0x08, 0x41, 0x08, 0x22, 0x08, 0x41, 0x08,
    0x41, 0x00, 0x41, 0x08, 0x41, 0x08, 0x21, 0x00, 0x41, 0x08, 0x41, 0x08,
    0x21, 0x00, 0x41, 0x08, 0x42, 0x08, 0x41, 0x08, 0x21, 0x08, 0x41, 0x00,
    0x41, 0x08, 0x21, 0x08, 0x41, 0x08, 0x21, 0x00, 0x21, 0x08, 0x10, 0x84,
    0xdf, 0xf7, 0xbe, 0xff, 0xbf, 0xff, 0xbe, 0xf7, 0xdf, 0xff, 0xbf, 0xf7,
    0xde, 0xff, 0xbf, 0xff, 0xbf, 0xf7, 0xbf, 0xff, 0xdf, 0xff, 0xbe, 0xf7,
    0xbf, 0xff, 0xde, 0xf7, 0xbf, 0xff, 0xbf, 0xff, 0xbf, 0xf7, 0xbe, 0xff,
    0xbf, 0xff, 0xdf, 0xff, 0xbe, 0xff, 0xdf, 0xf7, 0x28, 0x42, 0x21, 0x08,
    0x41, 0x00, 0x41, 0x00, 0x41, 0x08, 0x21, 0x08, 0x29, 0x42, 0xdf, 0xf7,
    0xbe, 0xff, 0xbf, 0xff, 0xdf, 0xff, 0xdf, 0xff, 0xde, 0xf7, 0xbe, 0xff,
    0xbf, 0xff, 0xde, 0xf7, 0xbf, 0xff, 0xbf, 0xff, 0xde, 0xf7, 0xdf, 0xff,
    0xbf, 0xf7, 0xbe, 0xff, 0xbf, 0xf7, 0xbf, 0xff, 0xbe, 0xff, 0xdf, 0xf7,
    0xbf, 0xff, 0xbe, 0xf7, 0xbf, 0xff, 0xdf, 0xf7, 0x28, 0x42, 0x41, 0x08,
    0x21, 0x00, 0x41, 0x08, 0x41, 0x08, 0x41, 0x08, 0x21, 0x00, 0x41, 0x08,
    0x41, 0x08, 0x22, 0x00, 0x41, 0x08, 0x41, 0x08, 0x41, 0x08, 0x42, 0x08,
    0x41, 0x08, 0x41, 0x08, 0x22, 0x08, 0x41, 0x00, 0x21, 0x08, 0x21, 0x08,
    0x41, 0x08, 0x41, 0x08, 0x41, 0x08, 0x21, 0x08, 0x41, 0x08, 0x41, 0x08,
    0x21, 0x00, 0x41, 0x08, 0xdf, 0xf7, 0xbf, 0xf7, 0xbe, 0xff, 0xdf, 0xff,
    0xbf, 0xf7, 0xbe, 0xff, 0xdf, 0xff, 0xbe, 0xf7, 0xdf, 0xf7, 0xbf, 0xff,
    0xbe, 0xff, 0xdf, 0xf7, 0xf0, 0x83, 0x41, 0x08, 0x41, 0x08, 0x21, 0x00,
    0x41, 0x08, 0x41, 0x08, 0x41, 0x08, 0x42, 0x08, 0x41, 0x00, 0x21, 0x08,
    0x41, 0x08, 0x41, 0x00, 0x21, 0x08, 0x41, 0x08, 0x41, 0x08, 0x41, 0x08,
    0x42, 0x08, 0x21, 0x08, 0x41, 0x00, 0x41, 0x08, 0x41, 0x08, 0x21, 0x00,
    0x41, 0x08, 0x21, 0x00, 0x41, 0x08, 0x21, 0x00, 0x42, 0x08, 0x41, 0x08,
    0xd7, 0xbd, 0xdf, 0xff, 0xbf, 0xf7, 0xbe, 0xff, 0xdf, 0xff, 0xbe, 0xf7,
    0xbf, 0xff, 0xdf, 0xff, 0xbe, 0xf7, 0xbf, 0xff, 0xbe, 0xff, 0xdf, 0xf7,
    0xd7, 0xbd, 0x41, 0x08, 0x21, 0x00, 0x41, 0x08, 0x41, 0x08, 0x21, 0x00,
    0x21, 0x08, 0x42, 0x08, 0x41, 0x08, 0x41, 0x08, 0x42, 0x08, 0x21, 0x08,
    0x41, 0x08, 0x21, 0x00, 0x21, 0x08, 0x41, 0x00, 0x41, 0x08, 0x41, 0x08,
    0x41, 0x08, 0x41, 0x08, 0x41, 0x00, 0x41, 0x08, 0x41, 0x08, 0x21, 0x08,
    0x41, 0x08, 0x41, 0x08, 0x21, 0x00, 0x21, 0x08, 0x10, 0x84, 0xdf, 0xf7,
    0xbe, 0xff, 0xbf, 0xff, 0xbe, 0xf7, 0xbf, 0xff, 0xbe, 0xff, 0xbf, 0xf7,
    0xbf, 0xff, 0xde, 0xff, 0xbe, 0xf7, 0xbf, 0xff, 0xdf, 0xff, 0xbe, 0xf7,
    0xbf, 0xff, 0xbe, 0xf7, 0xbf, 0xff, 0xbf, 0xff, 0xbe, 0xf7, 0xbf, 0xff,
    0xbf, 0xff, 0xde, 0xf7, 0xdf, 0xff, 0x28, 0x42, 0x41, 0x08, 0x21, 0x00,
    0x41, 0x08, 0x41, 0x08, 0x21, 0x08, 0x41, 0x00, 0x41, 0x08, 0xbf, 0xff,
    0xdf, 0xff, 0xde, 0xff, 0xbf, 0xf7, 0xbf, 0xff, 0xde, 0xf7, 0xbf, 0xf7,
    0xbf, 0xff, 0xde, 0xff, 0xbf, 0xf7, 0xbf, 0xff, 0xde, 0xf7, 0xbf, 0xff,
    0xbf, 0xff, 0xbe, 0xf7, 0xbf, 0xff, 0xbf, 0xff, 0xbf, 0xf7, 0xbe, 0xff,
    0xbf, 0xf7, 0xdf, 0xff, 0xbe, 0xf7, 0xdf, 0xf7, 0x10, 0x84, 0x21, 0x00,
    0x41, 0x08, 0x41, 0x08, 0x21, 0x00, 0x41, 0x08, 0x41, 0x08, 0x41, 0x00,
    0x41, 0x08, 0x21, 0x00, 0x42, 0x08, 0x41, 0x00, 0x41, 0x08, 0x41, 0x08,
    0x22, 0x08, 0x41, 0x00, 0x41, 0x08, 0x21, 0x00, 0x42, 0x08, 0x41, 0x08,
    0x21, 0x08, 0x41, 0x08, 0x41, 0x08, 0x42, 0x00, 0x41, 0x08, 0x21, 0x00,
    0x41, 0x08, 0x41, 0x08, 0xf7, 0xbd, 0xbf, 0xf7, 0xdf, 0xff, 0xdf, 0xff,
    0xbe, 0xf7, 0xbf, 0xf7, 0xbf, 0xff, 0xbe, 0xff, 0xbf, 0xf7, 0xbf, 0xf7,
    0xbe, 0xff, 0xdf, 0xf7, 0xd7, 0xbd, 0x41, 0x08, 0x41, 0x08, 0x41, 0x08,
    0x21, 0x00, 0x42, 0x08, 0x41, 0x08, 0x21, 0x00, 0x41, 0x08, 0x41, 0x08,
    0x21, 0x00, 0x41, 0x08, 0x21, 0x08, 0x41, 0x08, 0x41, 0x08, 0x21, 0x08,
    0x41, 0x08, 0x41, 0x00, 0x21, 0x08, 0x41, 0x08, 0x41, 0x00, 0x22, 0x08,
    0x41, 0x08, 0x41, 0x08, 0x21, 0x00, 0x41, 0x08, 0x41, 0x00, 0x21, 0x08,
    0xf0, 0x83, 0xdf, 0xf7, 0xbf, 0xf7, 0xbe, 0xff, 0xbf, 0xff, 0xbe, 0xf7,
    0xbf, 0xff, 0xde, 0xf7, 0xbe, 0xff, 0xbf, 0xf7, 0xbe, 0xff, 0xbf, 0xff,
    0xdf, 0xf7, 0xbe, 0xff, 0xbf, 0xff, 0xbe, 0xf7, 0xdf, 0xff, 0xbe, 0xf7,
    0xdf, 0xff, 0xdf, 0xff, 0xbe, 0xf7, 0xbf, 0xff, 0xdf, 0xf7, 0x28, 0x42,
    0x41, 0x08, 0x41, 0x08, 0x21, 0x08, 0x41, 0x00, 0x41, 0x08, 0x28, 0x42,
    0xbf, 0xf7, 0xdf, 0xff, 0xbe, 0xff, 0xbf, 0xf7, 0xbe, 0xf7, 0xdf, 0xff,
    0xbf, 0xff, 0xbf, 0xf7, 0xde, 0xff, 0xbf, 0xf7, 0xbf, 0xff, 0xbe, 0xff,
    0xbf, 0xf7, 0xde, 0xff, 0xbf, 0xff, 0xbf, 0xf7, 0xde, 0xff, 0xbf, 0xff,
    0xbf, 0xf7, 0xbe, 0xff, 0xbf, 0xff, 0xbf, 0xf7, 0xde, 0xff, 0x28, 0x42,
    0x41, 0x08, 0x21, 0x08, 0x21, 0x00, 0x41, 0x08, 0x42, 0x08, 0x21, 0x00,
    0x41, 0x08, 0x41, 0x08, 0x41, 0x00, 0x21, 0x08, 0x41, 0x08, 0x21, 0x00,
    0x41, 0x00, 0x41, 0x08, 0x21, 0x08, 0x41, 0x08, 0x41, 0x08, 0x42, 0x00,
    0x41, 0x08, 0x21, 0x08, 0x42, 0x00, 0x41, 0x08, 0x21, 0x00, 0x21, 0x08,
    0x41, 0x08, 0x21, 0x08, 0x41, 0x08, 0xdf, 0xf7, 0xdf, 0xff, 0xbe, 0xff,
    0xbf, 0xf7, 0xbf, 0xff, 0xdf, 0xf7, 0xbe, 0xff, 0xbf, 0xff, 0xde, 0xf7,
    0xbf, 0xff, 0xbf, 0xf7, 0xde, 0xf7, 0xf0, 0x83, 0x41, 0x08, 0x41, 0x08,
    0x21, 0x00, 0x21, 0x08, 0x41, 0x08, 0x41, 0x00, 0x21, 0x08, 0x41, 0x08,
    0x41, 0x08, 0x41, 0x08, 0x41, 0x08, 0x21, 0x00, 0x41, 0x08, 0x21, 0x00,
    0x41, 0x08, 0x41, 0x08, 0x41, 0x00, 0x21, 0x08, 0x41, 0x08, 0x42, 0x00,
    0x41, 0x08, 0x41, 0x08, 0x21, 0x08, 0x41, 0x08, 0x21, 0x00, 0x41, 0x08,
    0x41, 0x00, 0xd7, 0xbd, 0xdf, 0xff, 0xbf, 0xf7, 0xbe, 0xff, 0xbf, 0xf7,
    0xbf, 0xff, 0xde, 0xff, 0xbf, 0xf7, 0xdf, 0xff, 0xbe, 0xf7, 0xdf, 0xf7,
    0xdf, 0xff, 0xd7, 0xbd, 0x21, 0x00, 0x41, 0x08, 0x21, 0x08, 0x41, 0x08,
    0x21, 0x00, 0x41, 0x00, 0x41, 0x08, 0x41, 0x00, 0x41, 0x08, 0x21, 0x08,
    0x41, 0x08, 0x41, 0x08, 0x41, 0x08, 0x41, 0x08, 0x42, 0x08, 0x21, 0x00,
    0x41, 0x08, 0x42, 0x08, 0x21, 0x08, 0x41, 0x08, 0x42, 0x00, 0x41, 0x08,
    0x41, 0x08, 0x21, 0x00, 0x41, 0x08, 0x21, 0x08, 0x41, 0x00, 0x10, 0x84,
    0xbf, 0xf7, 0xbe, 0xff, 0xbf, 0xf7, 0xbf, 0xff, 0xde, 0xf7, 0xdf, 0xff,
    0xbf, 0xff, 0xbe, 0xf7, 0xbf, 0xff, 0xbf, 0xf7, 0xbe, 0xff, 0xbf, 0xf7,
    0xdf, 0xff, 0xbe, 0xff, 0xbf, 0xf7, 0xdf, 0xff, 0xde, 0xff, 0xbf, 0xf7,
    0xbf, 0xf7, 0xbe, 0xff, 0xdf, 0xff, 0xbf, 0xf7, 0x28, 0x42, 0x41, 0x08,
    0x21, 0x08, 0x41, 0x08, 0x41, 0x08, 0x42, 0x08, 0x41, 0x08, 0x41, 0x08,
    0xbf, 0xf7, 0xde, 0xf7, 0xbf, 0xf7, 0xbf, 0xff, 0xdf, 0xff, 0xbe, 0xff,
    0xdf, 0xf7, 0xbe, 0xff, 0xbf, 0xff, 0xdf, 0xf7, 0xbe, 0xff, 0xbf, 0xff,
    0xbe, 0xf7, 0xdf, 0xff, 0xdf, 0xf7, 0xbe, 0xff, 0xbf, 0xff, 0xde, 0xf7,
    0xbf, 0xff, 0xbf, 0xff, 0xbe, 0xff, 0xbf, 0xff, 0xbf, 0xf7, 0x10, 0x84,
    0x21, 0x08, 0x41, 0x08, 0x41, 0x00, 0x21, 0x08, 0x41, 0x08, 0x42, 0x08,
    0x41, 0x08, 0x41, 0x08, 0x41, 0x08, 0x41, 0x00, 0x21, 0x08, 0x41, 0x08,
    0x41, 0x00, 0x41, 0x08, 0x41, 0x08, 0x41, 0x08, 0x21, 0x08, 0x41, 0x00,
    0x41, 0x00, 0x42, 0x08, 0x41, 0x00, 0x41, 0x08, 0x21, 0x08, 0x41, 0x08,
    0x21, 0x08, 0x41, 0x08, 0x41, 0x08, 0xf7, 0xbd, 0xbf, 0xf7, 0xde, 0xf7,
    0xbf, 0xf7, 0xbf, 0xff, 0xdf, 0xff, 0xbe, 0xf7, 0xbf, 0xff, 0xde, 0xff,
    0xbf, 0xf7, 0xbf, 0xff, 0xbe, 0xff, 0xf7, 0xbd, 0x21, 0x08, 0x41, 0x08,
    0x41, 0x00, 0x21, 0x08, 0x41, 0x08, 0x41, 0x00, 0x21, 0x08, 0x42, 0x08,
    0x41, 0x00, 0x41, 0x08, 0x42, 0x08, 0x41, 0x00, 0x41, 0x08, 0x42, 0x08,
    0x41, 0x00, 0x41, 0x08, 0x42, 0x08, 0x21, 0x08, 0x41, 0x00, 0x41, 0x08,
    0x41, 0x08, 0x41, 0x08, 0x42, 0x00, 0x21, 0x08, 0x41, 0x08, 0x41, 0x00,
    0x21, 0x08, 0x10, 0x84, 0xdf, 0xf7, 0xbe, 0xff, 0xbf, 0xff, 0xdf, 0xf7,
    0xbf, 0xff, 0xbf, 0xff, 0xbf, 0xff, 0xdf, 0xf7, 0xbe, 0xff, 0xbf, 0xf7,
    0xde, 0xff, 0xbf, 0xff, 0xbf, 0xf7, 0xbf, 0xff, 0xde, 0xff, 0xbf, 0xf7,
    0xbf, 0xff, 0xbe, 0xf7, 0xbf, 0xff, 0xdf, 0xff, 0xbf, 0xff, 0xbe, 0xf7,
    0x28, 0x42, 0x21, 0x08, 0x42, 0x08, 0x41, 0x08, 0x41, 0x00, 0x21, 0x08,
    0x28, 0x42, 0xbf, 0xff, 0xdf, 0xf7, 0xbe, 0xff, 0xbf, 0xff, 0xdf, 0xff,
    0xde, 0xf7, 0xbf, 0xff, 0xbf, 0xf7, 0xbe, 0xff, 0xdf, 0xff, 0xbe, 0xf7,
    0xbf, 0xff, 0xbf, 0xf7, 0xbe, 0xff, 0xdf, 0xff, 0xbf, 0xf7, 0xbe, 0xff,
    0xdf, 0xff, 0xbe, 0xf7, 0xbf, 0xff, 0xdf, 0xff, 0xbe, 0xf7, 0xbf, 0xff,
    0x28, 0x42, 0x41, 0x08, 0x21, 0x08, 0x21, 0x00, 0x41, 0x08, 0x41, 0x08,
    0x21, 0x00, 0x41, 0x08, 0x41, 0x08, 0x41, 0x08, 0x41, 0x08, 0x42, 0x08,
    0x21, 0x08, 0x41, 0x08, 0x41, 0x00, 0x41, 0x08, 0x41, 0x00, 0x41, 0x08,
    0x41, 0x08, 0x41, 0x00, 0x41, 0x08, 0x21, 0x08, 0x41, 0x00, 0x21, 0x00,
    0x41, 0x08, 0x42, 0x08, 0x21, 0x00, 0x41, 0x08, 0xbf, 0xf7, 0xbe, 0xf7,
    0xbf, 0xff, 0xbe, 0xff, 0xbf, 0xf7, 0xbf, 0xff, 0xbe, 0xff, 0xbf, 0xf7,
    0xbf, 0xff, 0xbe, 0xff, 0xbf, 0xff, 0xdf, 0xf7, 0xf0, 0x7b, 0x41, 0x08,
    0x41, 0x08, 0x21, 0x00, 0x41, 0x00, 0x41, 0x08, 0x41, 0x08, 0x21, 0x00,
    0x41, 0x08, 0x42, 0x08, 0x21, 0x00, 0x41, 0x08, 0x42, 0x08, 0x41, 0x08,
    0x41, 0x00, 0x22, 0x08, 0x41, 0x08, 0x41, 0x08, 0x41, 0x08, 0x21, 0x08,
    0x41, 0x08, 0x41, 0x08, 0x41, 0x00, 0x21, 0x08, 0x42, 0x08, 0x21, 0x00,
    0x41, 0x08, 0x41, 0x08, 0xd7, 0xbd, 0xdf, 0xf7, 0xdf, 0xff, 0xbe, 0xff,
    0xbf, 0xf7, 0xdf, 0xff, 0xbe, 0xf7, 0xbe, 0xff, 0xbf, 0xff, 0xbf, 0xff,
    0xbe, 0xff, 0xdf, 0xf7, 0xf7, 0xbd, 0x21, 0x08, 0x41, 0x00, 0x41, 0x08,
    0x41, 0x08, 0x21, 0x08, 0x21, 0x08, 0x41, 0x08, 0x41, 0x08, 0x21, 0x00,
    0x41, 0x00, 0x41, 0x08, 0x42, 0x00, 0x41, 0x08, 0x41, 0x08, 0x21, 0x08,
    0x41, 0x08, 0x41, 0x00, 0x21, 0x08, 0x41, 0x08, 0x21, 0x00, 0x41, 0x08,
    0x41, 0x08, 0x21, 0x00, 0x41, 0x08, 0x41, 0x08, 0x21, 0x00, 0x41, 0x08,
    0x10, 0x84, 0xbe, 0xf7, 0xbf, 0xff, 0xdf, 0xff, 0xbe, 0xf7, 0xbf, 0xff,
    0xbf, 0xff, 0xbe, 0xf7, 0xdf, 0xff, 0xbf, 0xff, 0xde, 0xff, 0xbf, 0xf7,
    0xbf, 0xff, 0xbe, 0xff, 0xdf, 0xf7, 0xbf, 0xff, 0xbe, 0xf7, 0xbf, 0xff,
    0xdf, 0xff, 0xbe, 0xf7, 0xbf, 0xff, 0xdf, 0xf7, 0xbf, 0xff, 0x28, 0x42,
    0x41, 0x08, 0x21, 0x00, 0x41, 0x08, 0x41, 0x08, 0x41, 0x00, 0x21, 0x08,
    0x41, 0x08, 0xbf, 0xf7, 0xbf, 0xff, 0xdf, 0xff, 0xbe, 0xff, 0xbe, 0xf7,
    0xdf, 0xf7, 0xdf, 0xff, 0xbe, 0xff, 0xbf, 0xf7, 0xbf, 0xff, 0xbe, 0xff,
    0xbf, 0xf7, 0xbf, 0xff, 0xbe, 0xff, 0xbf, 0xf7, 0xbf, 0xff, 0xde, 0xf7,
    0xbf, 0xff, 0xde, 0xf7, 0xbf, 0xf7, 0xbe, 0xff, 0xbf, 0xff, 0xbe, 0xf7,
    0x10, 0x84, 0x21, 0x08, 0x41, 0x00, 0x21, 0x08, 0x21, 0x08, 0x41, 0x00,
    0x41, 0x08, 0x21, 0x08, 0x41, 0x00, 0x42, 0x08, 0x21, 0x08, 0x41, 0x08,
    0x42, 0x08, 0x21, 0x00, 0x41, 0x08, 0x41, 0x08, 0x22, 0x00, 0x41, 0x08,
    0x41, 0x08, 0x21, 0x08, 0x41, 0x08, 0x41, 0x08, 0x21, 0x00, 0x41, 0x08,
    0x41, 0x08, 0x41, 0x00, 0x41, 0x08, 0x41, 0x08, 0xd7, 0xbd, 0xbf, 0xff,
    0xbf, 0xff, 0xde, 0xff, 0xbf, 0xff, 0xbe, 0xff, 0xbf, 0xf7, 0xdf, 0xff,
    0xbe, 0xff, 0xbf, 0xff, 0xdf, 0xf7, 0xbf, 0xff, 0xf7, 0xbd, 0x21, 0x00,
    0x41, 0x08, 0x41, 0x08, 0x21, 0x00, 0x41, 0x08, 0x41, 0x08, 0x41, 0x08,
    0x41, 0x08, 0x21, 0x08, 0x41, 0x08, 0x41, 0x08, 0x21, 0x00, 0x21, 0x08,
    0x41, 0x08, 0x41, 0x00, 0x21, 0x08, 0x41, 0x08, 0x41, 0x08, 0x41, 0x08,
    0x21, 0x00, 0x41, 0x08, 0x41, 0x08, 0x21, 0x00, 0x21, 0x08, 0x41, 0x08,
    0x21, 0x00, 0x21, 0x08, 0x10, 0x7c, 0xbf, 0xf7, 0xbe, 0xff, 0xbf, 0xff,
    0xde, 0xf7, 0xbe, 0xf7, 0xbf, 0xff, 0xbe, 0xff, 0xdf, 0xf7, 0xbf, 0xff,
    0xbe, 0xff, 0xbf, 0xf7, 0xbe, 0xff, 0xdf, 0xf7, 0xbe, 0xff, 0xbf, 0xff,
    0xbf, 0xf7, 0xbe, 0xff, 0xdf, 0xff, 0xbf, 0xf7, 0xde, 0xf7, 0xdf, 0xff,
    0xdf, 0xff, 0x28, 0x42, 0x41, 0x08, 0x41, 0x08, 0x41, 0x08, 0x41, 0x08,
    0x21, 0x08, 0x28, 0x42, 0xdf, 0xf7, 0xbf, 0xff, 0xbe, 0xff, 0xdf, 0xf7,
    0xdf, 0xf7, 0xbe, 0xff, 0xbe, 0xff, 0xbf, 0xf7, 0xbf, 0xff, 0xbe, 0xff,
    0xdf, 0xf7, 0xbf, 0xff, 0xde, 0xff, 0xbf, 0xf7, 0xbe, 0xff, 0xbf, 0xf7,
    0xbf, 0xff, 0xbe, 0xf7, 0xbf, 0xff, 0xdf, 0xff, 0xbe, 0xf7, 0xbf, 0xff,
    0xdf, 0xf7, 0x28, 0x42, 0x41, 0x08, 0x21, 0x00, 0x41, 0x08, 0x41, 0x08,
    0x41, 0x08, 0x21, 0x08, 0x41, 0x08, 0x22, 0x00, 0x41, 0x08, 0x41, 0x00,
    0x41, 0x08, 0x41, 0x08, 0x21, 0x08, 0x42, 0x08, 0x41, 0x08, 0x21, 0x08,
    0x21, 0x08, 0x41, 0x08, 0x41, 0x08, 0x41, 0x08, 0x41, 0x08, 0x41, 0x08,
    0x21, 0x08, 0x41, 0x00, 0x41, 0x08, 0x21, 0x00, 0x41, 0x08, 0xdf, 0xff,
    0xdf, 0xf7, 0xbf, 0xff, 0xde, 0xff, 0xbf, 0xf7, 0xde, 0xff, 0xbf, 0xff,
    0xdf, 0xf7, 0xbe, 0xff, 0xbe, 0xff, 0xdf, 0xf7, 0xdf, 0xff, 0xf0, 0x83,
    0x41, 0x08, 0x41, 0x08, 0x21, 0x08, 0x21, 0x00, 0x42, 0x08, 0x41, 0x08,
    0x41, 0x08, 0x41, 0x08, 0x41, 0x00, 0x21, 0x08, 0x41, 0x08, 0x41, 0x08,
    0x41, 0x08, 0x41, 0x08, 0x21, 0x00, 0x41, 0x08, 0x41, 0x00, 0x42, 0x08,
    0x41, 0x00, 0x21, 0x08, 0x41, 0x08, 0x41, 0x00, 0x21, 0x00, 0x41, 0x08,
    0x41, 0x08, 0x41, 0x08, 0x41, 0x08, 0xd7, 0xbd, 0xbf, 0xf7, 0xbf, 0xff,
    0xbe, 0xff, 0xbf, 0xf7, 0xbf, 0xff, 0xbe, 0xff, 0xbf, 0xf7, 0xdf, 0xf7,
    0xbe, 0xff, 0xbf, 0xff, 0xdf, 0xf7, 0xd7, 0xbd, 0x21, 0x08, 0x41, 0x00,
    0x21, 0x00, 0x41, 0x08, 0x41, 0x00, 0x21, 0x00, 0x41, 0x08, 0x42, 0x08,
    0x41, 0x08, 0x41, 0x08, 0x21, 0x08, 0x21, 0x08, 0x41, 0x00, 0x41, 0x00,
    0x21, 0x08, 0x41, 0x08, 0x41, 0x00, 0x41, 0x08, 0x41, 0x08, 0x41, 0x00,
    0x21, 0x08, 0x41, 0x08, 0x42, 0x08, 0x41, 0x08, 0x41, 0x08, 0x21, 0x00,
    0x21, 0x08, 0x10, 0x84, 0xdf, 0xf7, 0xbe, 0xff, 0xbf, 0xff, 0xde, 0xf7,
    0xbf, 0xff, 0xbe, 0xf7, 0xbf, 0xff, 0xbf, 0xf7, 0xde, 0xff, 0xbf, 0xf7,
    0xbf, 0xff, 0xde, 0xff, 0xbe, 0xf7, 0xbf, 0xff, 0xbe, 0xff, 0xbf, 0xf7,
    0xbe, 0xff, 0xbf, 0xff, 0xde, 0xff, 0xbf, 0xf7, 0xde, 0xf7, 0xbf, 0xff,
    0x28, 0x42, 0x41, 0x08, 0x21, 0x00, 0x41, 0x08, 0x21, 0x08, 0x41, 0x08,
    0x41, 0x08, 0x41, 0x08, 0xbf, 0xf7, 0xdf, 0xf7, 0xde, 0xff, 0xbf, 0xff,
    0xbf, 0xff, 0xdf, 0xf7, 0xbe, 0xf7, 0xbf, 0xff, 0xbe, 0xf7, 0xdf, 0xff,
    0xbf, 0xf7, 0xde, 0xf7, 0xdf, 0xff, 0xbe, 0xff, 0xbf, 0xf7, 0xbf, 0xff,
    0xbe, 0xff, 0xbf, 0xff, 0xbf, 0xff, 0xde, 0xf7, 0xdf, 0xff, 0xbf, 0xf7,
    0xbf, 0xff, 0x10, 0x7c, 0x41, 0x08, 0x41, 0x08, 0x21, 0x00, 0x41, 0x08,
    0x41, 0x08, 0x41, 0x00, 0x21, 0x08, 0x41, 0x08, 0x41, 0x08, 0x41, 0x00,
    0x41, 0x08, 0x41, 0x08, 0x21, 0x08, 0x41, 0x08, 0x41, 0x08, 0x41, 0x00,
    0x41, 0x08, 0x41, 0x08, 0x21, 0x08, 0x41, 0x08, 0x41, 0x08, 0x42, 0x08,
    0x41, 0x08, 0x41, 0x00, 0x21, 0x00, 0x42, 0x08, 0x41, 0x08, 0xf7, 0xbd,
    0xdf, 0xf7, 0xbf, 0xff, 0xbe, 0xf7, 0xdf, 0xff, 0xdf, 0xff, 0xbe, 0xf7,
    0xbf, 0xf7, 0xbf, 0xff, 0xbe, 0xf7, 0xbe, 0xff, 0xbf, 0xf7, 0xf7, 0xbd,
    0x21, 0x08, 0x41, 0x08, 0x41, 0x08, 0x21, 0x00, 0x42, 0x08, 0x41, 0x08,
    0x21, 0x00, 0x41, 0x08, 0x41, 0x00, 0x21, 0x08, 0x41, 0x08, 0x41, 0x08,
    0x41, 0x08, 0x41, 0x08, 0x22, 0x08, 0x41, 0x00, 0x41, 0x08, 0x41, 0x08,
    0x22, 0x00, 0x41, 0x08, 0x41, 0x08, 0x41, 0x08, 0x41, 0x08, 0x21, 0x00,
    0x41, 0x08, 0x41, 0x08, 0x21, 0x08, 0x10, 0x84, 0xdf, 0xf7, 0xbf, 0xf7,
    0xbf, 0xff, 0xbe, 0xff, 0xdf, 0xf7, 0xbf, 0xff, 0xbe, 0xf7, 0xbf, 0xff,
    0xdf, 0xff, 0xbe, 0xf7, 0xbf, 0xff, 0xdf, 0xff, 0xbe, 0xf7, 0xbf, 0xff,
    0xdf, 0xf7, 0xbe, 0xff, 0xbf, 0xff, 0xbf, 0xff, 0xbe, 0xf7, 0xdf, 0xff,
    0xbf, 0xff, 0xbf, 0xf7, 0x28, 0x42, 0x41, 0x08, 0x41, 0x00, 0x21, 0x00,
    0x41, 0x08, 0x21, 0x08, 0x28, 0x42, 0xdf, 0xf7, 0xbf, 0xff, 0xbe, 0xff,
    0xdf, 0xff, 0xbf, 0xff, 0xdf, 0xf7, 0xbf, 0xff, 0xde, 0xf7, 0xbf, 0xff,
    0xbf, 0xf7, 0xbe, 0xff, 0xbf, 0xff, 0xbf, 0xf7, 0xde, 0xff, 0xbf, 0xff,
    0xde, 0xff, 0xbf, 0xf7, 0xbf, 0xff, 0xde, 0xff, 0xbf, 0xf7, 0xbe, 0xff,
    0xbf, 0xff, 0xdf, 0xf7, 0x28, 0x42, 0x41, 0x08, 0x21, 0x08, 0x21, 0x00,
    0x41, 0x08, 0x42, 0x08, 0x21, 0x00, 0x41, 0x08, 0x41, 0x08, 0x21, 0x08,
    0x41, 0x08, 0x21, 0x00, 0x41, 0x00, 0x41, 0x08, 0x21, 0x08, 0x41, 0x00,
    0x42, 0x08, 0x41, 0x00, 0x21, 0x08, 0x42, 0x00, 0x21, 0x08, 0x41, 0x08,
    0x42, 0x08, 0x21, 0x00, 0x21, 0x08, 0x41, 0x08, 0x21, 0x08, 0x41, 0x08,
    0xdf, 0xf7, 0xbe, 0xf7, 0xbf, 0xff, 0xbf, 0xff, 0xbe, 0xf7, 0xbf, 0xff,
    0xdf, 0xf7, 0xbe, 0xff, 0xbf, 0xf7, 0xbf, 0xff, 0xbe, 0xf7, 0xdf, 0xf7,
    0xf0, 0x83, 0x41, 0x08, 0x41, 0x00, 0x21, 0x08, 0x41, 0x08, 0x41, 0x08,
    0x21, 0x00, 0x41, 0x08, 0x42, 0x08, 0x21, 0x08, 0x41, 0x00, 0x41, 0x08,
    0x21, 0x00, 0x41, 0x08, 0x41, 0x08, 0x41, 0x08, 0x21, 0x08, 0x41, 0x08,
    0x21, 0x00, 0x41, 0x08, 0x41, 0x08, 0x42, 0x08, 0x41, 0x08, 0x21, 0x08,
    0x41, 0x08, 0x21, 0x00, 0x41, 0x08, 0x41, 0x08, 0xd7, 0xbd, 0xdf, 0xff,
    0xbf, 0xf7, 0xde, 0xff, 0xbf, 0xff, 0xdf, 0xf7, 0xbe, 0xff, 0xbf, 0xff,
    0xdf, 0xf7, 0xbe, 0xff, 0xbf, 0xff, 0xde, 0xf7, 0xd7, 0xbd, 0x41, 0x08,
    0x21, 0x08, 0x21, 0x08, 0x41, 0x08, 0x21, 0x00, 0x41, 0x08, 0x41, 0x08,
    0x21, 0x00, 0x41, 0x08, 0x41, 0x08, 0x42, 0x08, 0x41, 0x08, 0x41, 0x08,
    0x42, 0x08, 0x41, 0x08, 0x41, 0x08, 0x22, 0x08, 0x41, 0x08, 0x41, 0x08,
    0x42, 0x08, 0x41, 0x08, 0x21, 0x00, 0x41, 0x08, 0x41, 0x08, 0x41, 0x08,
    0x21, 0x00, 0x41, 0x08, 0x10, 0x7c, 0xbf, 0xf7, 0xbe, 0xff, 0xbf, 0xf7,
    0xbf, 0xff, 0xde, 0xff, 0xbf, 0xf7, 0xbe, 0xff, 0xbf, 0xff, 0xbe, 0xf7,
    0xbf, 0xff, 0xbf, 0xff, 0xde, 0xf7, 0xbf, 0xf7, 0xbf, 0xff, 0xdf, 0xff,
    0xde, 0xf7, 0xbf, 0xf7, 0xbf, 0xff, 0xbf, 0xff, 0xbe, 0xff, 0xdf, 0xf7,
    0xbf, 0xf7, 0x28, 0x42, 0x41, 0x08, 0x21, 0x08, 0x41, 0x08, 0x41, 0x08,
    0x41, 0x08, 0x41, 0x00, 0x41, 0x08, 0xbf, 0xf7, 0xbe, 0xff, 0xdf, 0xff,
    0xbf, 0xf7, 0xbe, 0xff, 0xdf, 0xff, 0xdf, 0xf7, 0xbe, 0xff, 0xbf, 0xff,
    0xbe, 0xff, 0xbf, 0xff, 0xbf, 0xf7, 0xbe, 0xff, 0xdf, 0xff, 0xbe, 0xf7,
    0xdf, 0xf7, 0xbf, 0xff, 0xbe, 0xf7, 0xbf, 0xff, 0xbf, 0xff, 0xbe, 0xf7,
    0xbf, 0xff, 0xde, 0xf7, 0xf0, 0x83, 0x21, 0x00, 0x41, 0x08, 0x41, 0x08,
    0x21, 0x00, 0x41, 0x08, 0x42, 0x08, 0x41, 0x08, 0x21, 0x08, 0x41, 0x00,
    0x21, 0x08, 0x41, 0x08, 0x41, 0x00, 0x42, 0x08, 0x21, 0x08, 0x41, 0x00,
    0x41, 0x08, 0x22, 0x08, 0x41, 0x00, 0x41, 0x00, 0x22, 0x08, 0x41, 0x00,
    0x41, 0x08, 0x42, 0x08, 0x41, 0x08, 0x21, 0x08, 0x41, 0x08, 0x41, 0x08,
    0xf7, 0xbd, 0xbf, 0xf7, 0xdf, 0xff, 0xdf, 0xff, 0xbe, 0xf7, 0xbf, 0xff,
    0xbf, 0xff, 0xde, 0xff, 0xbf, 0xf7, 0xdf, 0xff, 0xbe, 0xff, 0xdf, 0xf7,
    0xf7, 0xbd, 0x21, 0x08, 0x41, 0x00, 0x41, 0x08, 0x21, 0x08, 0x41, 0x08,
    0x41, 0x00, 0x21, 0x08, 0x42, 0x08, 0x41, 0x08, 0x41, 0x00, 0x42, 0x08,
    0x41, 0x08, 0x41, 0x00, 0x21, 0x08, 0x41, 0x08, 0x41, 0x00, 0x41, 0x08,
    0x21, 0x08, 0x41, 0x08, 0x41, 0x08, 0x22, 0x00, 0x41, 0x08, 0x41, 0x08,
    0x21, 0x00, 0x41, 0x08, 0x41, 0x00, 0x21, 0x08, 0xf0, 0x83, 0xdf, 0xf7,
    0xbe, 0xff, 0xbf, 0xff, 0xdf, 0xff, 0xbe, 0xff, 0xbf, 0xf7, 0xdf, 0xff,
    0xbe, 0xff, 0xbf, 0xf7, 0xbf, 0xf7, 0xde, 0xff, 0xbf, 0xff, 0xbf, 0xf7,
    0xbe, 0xff, 0xdf, 0xff, 0xbe, 0xf7, 0xbf, 0xf7, 0xdf, 0xff, 0xdf, 0xff,
    0xbe, 0xff, 0xbe, 0xf7, 0xdf, 0xff, 0x28, 0x42, 0x21, 0x08, 0x41, 0x08,
    0x21, 0x08, 0x41, 0x08, 0x41, 0x00, 0x28, 0x42, 0xbf, 0xff, 0xbf, 0xff,
    0xbe, 0xf7, 0xdf, 0xf7, 0xbe, 0xf7, 0xbf, 0xff, 0xbf, 0xff, 0xbe, 0xff,
    0xdf, 0xf7, 0xbe, 0xff, 0xdf, 0xff, 0xbe, 0xf7, 0xbf, 0xf7, 0xbf, 0xff,
    0xbe, 0xf7, 0xbf, 0xff, 0xdf, 0xff, 0xbe, 0xf7, 0xbf, 0xff, 0xbf, 0xf7,
    0xbe, 0xff, 0xbf, 0xff, 0xbf, 0xf7, 0x28, 0x42, 0x41, 0x08, 0x21, 0x08,
    0x41, 0x00, 0x41, 0x08, 0x41, 0x08, 0x21, 0x00, 0x41, 0x08, 0x41, 0x08,
    0x41, 0x00, 0x42, 0x08, 0x41, 0x08, 0x41, 0x08, 0x42, 0x08, 0x41, 0x00,
    0x41, 0x08, 0x41, 0x08, 0x41, 0x08, 0x41, 0x00, 0x41, 0x08, 0x21, 0x00,
    0x41, 0x08, 0x41, 0x08, 0x21, 0x00, 0x41, 0x08, 0x41, 0x08, 0x21, 0x00,
    0x41, 0x08, 0xbf, 0xf7, 0xde, 0xff, 0xbf, 0xff, 0xbf, 0xf7, 0xde, 0xff,
    0xbf, 0xff, 0xbe, 0xf7, 0xbf, 0xff, 0xdf, 0xff, 0xbe, 0xf7, 0xbf, 0xff,
    0xdf, 0xf7, 0xf0, 0x83, 0x41, 0x08, 0x41, 0x00, 0x21, 0x00, 0x41, 0x08,
    0x41, 0x08, 0x41, 0x08, 0x21, 0x00, 0x41, 0x08, 0x41, 0x08, 0x41, 0x08,
    0x42, 0x08, 0x21, 0x00, 0x41, 0x08, 0x42, 0x08, 0x21, 0x00, 0x41, 0x08,
    0x42, 0x08, 0x41, 0x08, 0x21, 0x08, 0x41, 0x00, 0x41, 0x08, 0x21, 0x08,
    0x21, 0x00, 0x41, 0x08, 0x21, 0x00, 0x41, 0x08, 0x41, 0x08, 0xd7, 0xbd,
    0xdf, 0xff, 0xbf, 0xf7, 0xbe, 0xff, 0xbf, 0xff, 0xde, 0xf7, 0xbf, 0xff,
    0xbf, 0xff, 0xbe, 0xf7, 0xbf, 0xff, 0xbf, 0xff, 0xde, 0xf7, 0xf7, 0xbd,
    0x21, 0x08, 0x41, 0x00, 0x41, 0x08, 0x41, 0x08, 0x21, 0x08, 0x21, 0x08,
    0x41, 0x08, 0x41, 0x08, 0x21, 0x00, 0x41, 0x08, 0x41, 0x00, 0x21, 0x00,
    0x41, 0x08, 0x21, 0x08, 0x41, 0x00, 0x41, 0x08, 0x21, 0x00, 0x41, 0x08,
    0x21, 0x00, 0x41, 0x08, 0x41, 0x08, 0x41, 0x00, 0x21, 0x08, 0x41, 0x08,
    0x41, 0x00, 0x21, 0x08, 0x41, 0x08, 0x10, 0x84, 0xbe, 0xf7, 0xbf, 0xff,
    0xdf, 0xff, 0xbe, 0xf7, 0xbf, 0xff, 0xdf, 0xff, 0xbf, 0xf7, 0xde, 0xff,
    0xbf, 0xff, 0xbe, 0xf7, 0xdf, 0xff, 0xbf, 0xff, 0xbe, 0xf7, 0xbf, 0xff,
    0xbf, 0xff, 0xbe, 0xff, 0xdf, 0xf7, 0xbe, 0xf7, 0xbf, 0xff, 0xbe, 0xff,
    0xdf, 0xf7, 0xbf, 0xff, 0x28, 0x42, 0x41, 0x08, 0x21, 0x00, 0x41, 0x08,
    0x41, 0x00, 0x21, 0x08, 0x41, 0x08, 0x41, 0x08, 0xbf, 0xf7, 0xbf, 0xff,
    0xbe, 0xff, 0xdf, 0xf7, 0xbf, 0xff, 0xbe, 0xf7, 0xdf, 0xff, 0xbf, 0xff,
    0xbe, 0xf7, 0xdf, 0xf7, 0xbe, 0xff, 0xbf, 0xff, 0xbf, 0xf7, 0xbe, 0xff,
    0xbf, 0xff, 0xde, 0xff, 0xbf, 0xf7, 0xde, 0xff, 0xbf, 0xf7, 0xbf, 0xff,
    0xbe, 0xff, 0xdf, 0xff, 0xbf, 0xff, 0x10, 0x7c, 0x21, 0x08, 0x41, 0x08,
    0x21, 0x00, 0x21, 0x08, 0x41, 0x08, 0x41, 0x00, 0x41, 0x08, 0x41, 0x08,
    0x42, 0x00, 0x21, 0x08, 0x41, 0x08, 0x41, 0x00, 0x41, 0x08, 0x21, 0x08,
    0x41, 0x08, 0x41, 0x08, 0x21, 0x08, 0x41, 0x08, 0x41, 0x08, 0x41, 0x08,
    0x21, 0x08, 0x41, 0x00, 0x41, 0x08, 0x21, 0x08, 0x21, 0x00, 0x41, 0x08,
    0x41, 0x08, 0xd7, 0xbd, 0xbf, 0xf7, 0xdf, 0xff, 0xbe, 0xf7, 0xbf, 0xff,
    0xdf, 0xff, 0xbe, 0xf7, 0xbf, 0xff, 0xbe, 0xff, 0xbf, 0xf7, 0xbf, 0xff,
    0xbf, 0xff, 0xf7, 0xbd, 0x21, 0x08, 0x41, 0x08, 0x41, 0x00, 0x21, 0x08,
    0x41, 0x08, 0x41, 0x08, 0x41, 0x08, 0x41, 0x08, 0x21, 0x08, 0x41, 0x00,
    0x21, 0x08, 0x41, 0x08, 0x42, 0x00, 0x21, 0x08, 0x41, 0x08, 0x41, 0x08,
    0x22, 0x00, 0x41, 0x08, 0x41, 0x08, 0x41, 0x00, 0x21, 0x08, 0x41, 0x08,
    0x42, 0x08, 0x21, 0x00, 0x41, 0x08, 0x21, 0x08, 0x41, 0x00, 0x10, 0x84,
    0xbf, 0xf7, 0xbe, 0xff, 0xbf, 0xf7, 0xbf, 0xf7, 0xbe, 0xff, 0xbf, 0xff,
    0xde, 0xf7, 0xbe, 0xff, 0xbf, 0xff, 0xbf, 0xff, 0xbe, 0xf7, 0xbf, 0xff,
    0xbf, 0xff, 0xbe, 0xf7, 0xbf, 0xff, 0xdf, 0xff, 0xbe, 0xf7, 0xbe, 0xff,
    0xbf, 0xff, 0xdf, 0xff, 0xbf, 0xf7, 0xdf, 0xf7, 0x28, 0x42, 0x21, 0x08,
    0x42, 0x08, 0x41, 0x00, 0x41, 0x08, 0x21, 0x08, 0x28, 0x42, 0xbf, 0xf7,
    0xbf, 0xff, 0xbf, 0xff, 0xdf, 0xff, 0xdf, 0xff, 0xde, 0xf7, 0xbe, 0xff,
    0xbf, 0xf7, 0xbf, 0xff, 0xbe, 0xff, 0xdf, 0xf7, 0xbf, 0xff, 0xbe, 0xff,
    0xdf, 0xff, 0xbf, 0xf7, 0xbe, 0xf7, 0xbf, 0xff, 0xde, 0xff, 0xbf, 0xf7,
    0xdf, 0xff, 0xde, 0xf7, 0xbf, 0xff, 0xdf, 0xf7, 0x28, 0x42, 0x41, 0x08,
    0x21, 0x00, 0x21, 0x08, 0x41, 0x08, 0x41, 0x08, 0x21, 0x00, 0x41, 0x08,
    0x41, 0x08, 0x21, 0x00, 0x41, 0x08, 0x41, 0x08, 0x21, 0x08, 0x21, 0x08,
    0x41, 0x00, 0x21, 0x08, 0x21, 0x08, 0x41, 0x08, 0x41, 0x08, 0x41, 0x08,
    0x42, 0x08, 0x41, 0x00, 0x41, 0x08, 0x21, 0x00, 0x41, 0x08, 0x41, 0x08,
    0x21, 0x00, 0x41, 0x08, 0xdf, 0xff, 0xbf, 0xf7, 0xbe, 0xff, 0xdf, 0xf7,
    0xbf, 0xff, 0xbe, 0xff, 0xbf, 0xf7, 0xdf, 0xff, 0xbe, 0xff, 0xbf, 0xff,
    0xbe, 0xff, 0xdf, 0xf7, 0xf0, 0x83, 0x41, 0x08, 0x41, 0x08, 0x21, 0x08,
    0x21, 0x00, 0x41, 0x08, 0x42, 0x08, 0x41, 0x08, 0x41, 0x00, 0x21, 0x08,
    0x41, 0x08, 0x41, 0x08, 0x41, 0x08, 0x41, 0x08, 0x21, 0x00, 0x41, 0x08,
    0x41, 0x08, 0x41, 0x00, 0x41, 0x08, 0x41, 0x08, 0x21, 0x00, 0x41, 0x08,
    0x41, 0x08, 0x21, 0x00, 0x42, 0x08, 0x41, 0x08, 0x41, 0x08, 0x41, 0x00,
    0xd7, 0xbd, 0xdf, 0xf7, 0xdf, 0xff, 0xbf, 0xff, 0xbe, 0xf7, 0xbf, 0xff,
    0xbf, 0xf7, 0xde, 0xff, 0xbe, 0xf7, 0xbf, 0xff, 0xbf, 0xff, 0xdf, 0xf7,
    0xd7, 0xbd, 0x21, 0x08, 0x41, 0x00, 0x21, 0x00, 0x41, 0x08, 0x41, 0x00,
    0x21, 0x00, 0x42, 0x08, 0x41, 0x08, 0x41, 0x08, 0x42, 0x08, 0x21, 0x08,
    0x41, 0x08, 0x41, 0x08, 0x41, 0x00, 0x21, 0x08, 0x41, 0x08, 0x41, 0x08,
    0x42, 0x00, 0x41, 0x08, 0x21, 0x08, 0x41, 0x08, 0x42, 0x08, 0x41, 0x08,
    0x41, 0x00, 0x42, 0x08, 0x21, 0x00, 0x21, 0x08, 0x10, 0x84, 0xdf, 0xf7,
    0xbe, 0xff, 0xbf, 0xff, 0xbf, 0xf7, 0xbe, 0xff, 0xbf, 0xff, 0xde, 0xf7,
    0xbf, 0xff, 0xbf, 0xff, 0xde, 0xf7, 0xbf, 0xff, 0xbf, 0xff, 0xde, 0xf7,
    0xbe, 0xff, 0xbf, 0xf7, 0xbf, 0xff, 0xbe, 0xff, 0xdf, 0xff, 0xbf, 0xf7,
    0xbe, 0xff, 0xdf, 0xf7, 0xdf, 0xff, 0x28, 0x42, 0x41, 0x08, 0x21, 0x08,
    0x41, 0x08, 0x41, 0x08, 0x41, 0x08, 0x41, 0x08, 0x41, 0x08, 0xbf, 0xf7,
    0xdf, 0xff, 0xdf, 0xff, 0xbe, 0xf7, 0xbf, 0xff, 0xde, 0xf7, 0xdf, 0xf7,
    0xbf, 0xff, 0xbe, 0xff, 0xdf, 0xf7, 0xbf, 0xff, 0xde, 0xff, 0xbf, 0xf7,
    0xbf, 0xff, 0xbe, 0xff, 0xbf, 0xf7, 0xbf, 0xff, 0xbe, 0xff, 0xdf, 0xf7,
    0xbe, 0xf7, 0xdf, 0xff, 0xbe, 0xf7, 0xbf, 0xff, 0x10, 0x84, 0x41, 0x00,
    0x41, 0x08, 0x21, 0x08, 0x41, 0x00, 0x41, 0x08, 0x21, 0x08, 0x41, 0x08,
    0x41, 0x08, 0x41, 0x08, 0x41, 0x08, 0x22, 0x08, 0x41, 0x08, 0x41, 0x00,
    0x41, 0x08, 0x42, 0x08, 0x41, 0x00, 0x41, 0x08, 0x41, 0x08, 0x41, 0x00,
    0x41, 0x08, 0x21, 0x08, 0x41, 0x08, 0x41, 0x00, 0x41, 0x08, 0x41, 0x00,
    0x41, 0x08, 0x41, 0x08, 0xf7, 0xbd, 0xbf, 0xf7, 0xbf, 0xff, 0xdf, 0xff,
    0xbe, 0xf7, 0xbf, 0xff, 0xbf, 0xf7, 0xbe, 0xff, 0xdf, 0xff, 0xbe, 0xf7,
    0xbf, 0xff, 0xbe, 0xf7, 0xf7, 0xbd, 0x21, 0x00, 0x41, 0x08, 0x41, 0x08,
    0x21, 0x00, 0x42, 0x08, 0x41, 0x00, 0x21, 0x00, 0x41, 0x08, 0x41, 0x08,
    0x42, 0x08, 0x21, 0x08, 0x41, 0x08, 0x41, 0x08, 0x41, 0x00, 0x41, 0x08,
    0x41, 0x08, 0x41, 0x08, 0x41, 0x00, 0x41, 0x08, 0x41, 0x08, 0x41, 0x08,
    0x41, 0x00, 0x41, 0x08, 0x21, 0x08, 0x41, 0x08, 0x21, 0x00, 0x41, 0x08,
    0x10, 0x84, 0xbf, 0xf7, 0xbf, 0xff, 0xde, 0xff, 0xbf, 0xf7, 0xbf, 0xff,
    0xde, 0xff, 0xbf, 0xf7, 0xbf, 0xf7, 0xde, 0xff, 0xbf, 0xff, 0xde, 0xf7,
    0xdf, 0xff, 0xbe, 0xff, 0xbf, 0xf7, 0xdf, 0xff, 0xbe, 0xff, 0xbf, 0xf7,
    0xdf, 0xff, 0xbe, 0xf7, 0xdf, 0xf7, 0xbf, 0xff, 0xdf, 0xff, 0x28, 0x42,
    0x41, 0x08, 0x41, 0x08, 0x21, 0x08, 0x41, 0x08, 0x21, 0x08, 0x28, 0x42,
    0xdf, 0xf7, 0xdf, 0xff, 0xbe, 0xff, 0xbe, 0xf7, 0xdf, 0xf7, 0xdf, 0xff,
    0xbe, 0xf7, 0xbf, 0xff, 0xbf, 0xf7, 0xbe, 0xff, 0xbf, 0xf7, 0xbf, 0xff,
    0xde, 0xff, 0xbf, 0xf7, 0xbe, 0xff, 0xdf, 0xff, 0xbf, 0xf7, 0xbe, 0xff,
    0xbf, 0xff, 0xbe, 0xf7, 0xbf, 0xff, 0xbe, 0xff, 0xdf, 0xf7, 0x28, 0x42,
    0x41, 0x08, 0x21, 0x08, 0x21, 0x00, 0x41, 0x08, 0x42, 0x08, 0x21, 0x00,
    0x41, 0x08, 0x42, 0x08, 0x21, 0x08, 0x41, 0x08, 0x41, 0x00, 0x41, 0x08,
    0x41, 0x08, 0x41, 0x08, 0x42, 0x00, 0x41, 0x08, 0x21, 0x00, 0x42, 0x08,
    0x21, 0x08, 0x41, 0x08, 0x41, 0x08, 0x21, 0x08, 0x21, 0x00, 0x41, 0x08,
    0x41, 0x08, 0x21, 0x00, 0x41, 0x08, 0xdf, 0xf7, 0xbf, 0xf7, 0xbe, 0xff,
    0xbf, 0xff, 0xbf, 0xf7, 0xbe, 0xff, 0xdf, 0xf7, 0xbe, 0xf7, 0xbf, 0xff,
    0xbf, 0xf7, 0xde, 0xff, 0xdf, 0xf7, 0xf0, 0x7b, 0x41, 0x08, 0x41, 0x08,
    0x21, 0x00, 0x41, 0x08, 0x41, 0x08, 0x21, 0x00, 0x41, 0x08, 0x41, 0x08,
    0x22, 0x00, 0x41, 0x08, 0x41, 0x00, 0x21, 0x08, 0x42, 0x08, 0x41, 0x00,
    0x41, 0x08, 0x21, 0x08, 0x41, 0x00, 0x41, 0x08, 0x22, 0x08, 0x41, 0x08,
    0x41, 0x08, 0x42, 0x08, 0x21, 0x00, 0x41, 0x08, 0x21, 0x08, 0x41, 0x08,
    0x41, 0x08, 0xd7, 0xbd, 0xbf, 0xf7, 0xbf, 0xff, 0xbe, 0xf7, 0xdf, 0xff,
    0xbf, 0xff, 0xbe, 0xf7, 0xdf, 0xff, 0xbf, 0xff, 0xbe, 0xf7, 0xdf, 0xf7,
    0xdf, 0xff, 0xd7, 0xbd, 0x41, 0x08, 0x21, 0x08, 0x21, 0x08, 0x41, 0x08,
    0x41, 0x00, 0x21, 0x08, 0x41, 0x08, 0x41, 0x00, 0x41, 0x08, 0x21, 0x08,
    0x41, 0x00, 0x41, 0x08, 0x42, 0x08, 0x41, 0x08, 0x41, 0x08, 0x42, 0x08,
    0x41, 0x08, 0x21, 0x08, 0x41, 0x08, 0x41, 0x00, 0x21, 0x08, 0x41, 0x08,
    0x21, 0x00, 0x41, 0x08, 0x41, 0x08, 0x21, 0x00, 0x21, 0x08, 0x10, 0x7c,
    0xdf, 0xf7, 0xbe, 0xff, 0xbf, 0xf7, 0xdf, 0xff, 0xbe, 0xf7, 0xbf, 0xff,
    0xbf, 0xf7, 0xbe, 0xff, 0xbf, 0xf7, 0xbf, 0xff, 0xbe, 0xf7, 0xbf, 0xff,
    0xbf, 0xff, 0xde, 0xf7, 0xbf, 0xff, 0xbf, 0xf7, 0xde, 0xff, 0xbf, 0xff,
    0xbf, 0xf7, 0xbe, 0xff, 0xde, 0xff, 0xbf, 0xf7, 0x28, 0x42, 0x41, 0x08,
    0x21, 0x00, 0x41, 0x08, 0x41, 0x08, 0x42, 0x08, 0x41, 0x00, 0x41, 0x08,
    0xbf, 0xf7, 0xde, 0xf7, 0xdf, 0xff, 0xbf, 0xff, 0xbf, 0xff, 0xde, 0xf7,
    0xbf, 0xf7, 0xbf, 0xff, 0xbe, 0xff, 0xbf, 0xf7, 0xbf, 0xff, 0xbe, 0xff,
    0xdf, 0xf7, 0xbf, 0xf7, 0xde, 0xff, 0xbf, 0xf7, 0xbf, 0xff, 0xde, 0xff,
    0xbf, 0xff, 0xbf, 0xff, 0xbe, 0xf7, 0xbf, 0xff, 0xbe, 0xf7, 0x10, 0x84,
    0x21, 0x08, 0x41, 0x08, 0x41, 0x00, 0x21, 0x08, 0x41, 0x08, 0x42, 0x00,
    0x21, 0x08, 0x41, 0x00, 0x21, 0x08, 0x41, 0x00, 0x41, 0x08, 0x21, 0x08,
    0x41, 0x08, 0x21, 0x00, 0x41, 0x08, 0x21, 0x08, 0x41, 0x00, 0x22, 0x08,
    0x41, 0x08, 0x41, 0x00, 0x42, 0x08, 0x41, 0x08, 0x41, 0x08, 0x41, 0x08,
    0x21, 0x00, 0x42, 0x08, 0x41, 0x08, 0xf7, 0xbd, 0xbf, 0xf7, 0xde, 0xff,
    0xbf, 0xff, 0xdf, 0xff, 0xdf, 0xff, 0xbe, 0xf7, 0xbf, 0xff, 0xdf, 0xf7,
    0xbe, 0xff, 0xbf, 0xff, 0xdf, 0xf7, 0xf7, 0xbd, 0x21, 0x08, 0x41, 0x08,
    0x41, 0x08, 0x21, 0x00, 0x41, 0x08, 0x41, 0x08, 0x22, 0x08, 0x41, 0x00,
    0x41, 0x08, 0x41, 0x00, 0x41, 0x08, 0x21, 0x08, 0x41, 0x00, 0x41, 0x08,
    0x22, 0x08, 0x21, 0x08, 0x41, 0x08, 0x21, 0x08, 0x22, 0x00, 0x41, 0x08,
    0x41, 0x08, 0x21, 0x08, 0x41, 0x00, 0x21, 0x08, 0x41, 0x08, 0x41, 0x00,
    0x21, 0x08, 0xf0, 0x83, 0xdf, 0xf7, 0xbe, 0xff, 0xdf, 0xff, 0xbe, 0xf7,
    0xbf, 0xff, 0xbf, 0xff, 0xbf, 0xff, 0xbf, 0xf7, 0xbe, 0xff, 0xbf, 0xf7,
    0xbf, 0xff, 0xbe, 0xf7, 0xbf, 0xff, 0xdf, 0xf7, 0xbe, 0xff, 0xbf, 0xff,
    0xbf, 0xf7, 0xbe, 0xff, 0xbf, 0xff, 0xdf, 0xff, 0xbe, 0xff, 0xbe, 0xf7,
    0x28, 0x42, 0x41, 0x08, 0x41, 0x00, 0x21, 0x00, 0x41, 0x08, 0x41, 0x08,
    0x28, 0x42, 0xbf, 0xf7, 0xbf, 0xff, 0xbe, 0xff, 0xdf, 0xff, 0xbf, 0xff,
    0xbf, 0xf7, 0xbe, 0xff, 0xdf, 0xff, 0xdf, 0xff, 0xbe, 0xf7, 0xbf, 0xff,
    0xde, 0xf7, 0xbf, 0xff, 0xbf, 0xf7, 0xbe, 0xff, 0xbf, 0xff, 0xdf, 0xf7,
    0xbe, 0xff, 0xbf, 0xff, 0xbf, 0xf7, 0xbe, 0xff, 0xbf, 0xff, 0xbf, 0xf7,
    0x28, 0x42, 0x41, 0x08, 0x21, 0x08, 0x41, 0x00, 0x41, 0x08, 0x41, 0x08,
    0x21, 0x00, 0x41, 0x08, 0x41, 0x08, 0x41, 0x08, 0x21, 0x00, 0x42, 0x08,
    0x41, 0x08, 0x21, 0x00, 0x41, 0x08, 0x41, 0x08, 0x41, 0x08, 0x41, 0x08,
    0x41, 0x00, 0x21, 0x08, 0x41, 0x00, 0x41, 0x08, 0x41, 0x08, 0x21, 0x00,
    0x21, 0x08, 0x41, 0x08, 0x21, 0x08, 0x41, 0x08, 0xbf, 0xf7, 0xde, 0xff,
    0xbf, 0xff, 0xbe, 0xf7, 0xdf, 0xff, 0xbf, 0xff, 0xbe, 0xff, 0xbf, 0xff,
    0xbf, 0xf7, 0xbe, 0xff, 0xbf, 0xff, 0xdf, 0xf7, 0xf0, 0x83, 0x41, 0x08,
    0x41, 0x08, 0x21, 0x00, 0x41, 0x08, 0x41, 0x08, 0x21, 0x00, 0x41, 0x08,
    0x41, 0x08, 0x41, 0x08, 0x41, 0x08, 0x21, 0x00, 0x41, 0x08, 0x41, 0x08,
    0x41, 0x08, 0x21, 0x08, 0x42, 0x08, 0x41, 0x08, 0x21, 0x08, 0x41, 0x00,
    0x41, 0x08, 0x41, 0x08, 0x41, 0x00, 0x21, 0x08, 0x41, 0x08, 0x21, 0x00,
    0x41, 0x08, 0x41, 0x08, 0xd7, 0xbd, 0xdf, 0xff, 0xbf, 0xff, 0xbe, 0xf7,
    0xbf, 0xff, 0xbe, 0xff, 0xbf, 0xf7, 0xbf, 0xff, 0xde, 0xff, 0xbf, 0xf7,
    0xbe, 0xff, 0xde, 0xf7, 0xf7, 0xbd, 0x21, 0x08, 0x41, 0x00, 0x41, 0x08,
    0x41, 0x08, 0x21, 0x08, 0x21, 0x08, 0x41, 0x08, 0x41, 0x00, 0x21, 0x08,
    0x41, 0x08, 0x41, 0x00, 0x21, 0x08, 0x41, 0x08, 0x21, 0x00, 0x41, 0x00,
    0x41, 0x08, 0x21, 0x00, 0x41, 0x08, 0x41, 0x08, 0x42, 0x00, 0x41, 0x08,
    0x41, 0x08, 0x21, 0x08, 0x41, 0x08, 0x41, 0x08, 0x21, 0x08, 0x41, 0x08,
    0x10, 0x84, 0xbe, 0xf7, 0xbf, 0xff, 0xbe, 0xff, 0xdf, 0xf7, 0xbe, 0xff,
    0xbf, 0xff, 0xdf, 0xff, 0xbe, 0xf7, 0xdf, 0xff, 0xbe, 0xff, 0xdf, 0xf7,
    0xbf, 0xff, 0xbe, 0xff, 0xdf, 0xf7, 0xbf, 0xff, 0xbe, 0xff, 0xbf, 0xf7,
    0xbe, 0xff, 0xdf, 0xff, 0xbf, 0xf7, 0xbf, 0xf7, 0xbf, 0xff, 0x28, 0x42,
    0x41, 0x08, 0x21, 0x00, 0x41, 0x08, 0x41, 0x08, 0x21, 0x08, 0x41, 0x08,
    0x41, 0x08, 0xbf, 0xf7, 0xbf, 0xff, 0xbe, 0xff, 0xbf, 0xf7, 0xbe, 0xff,
    0xdf, 0xff, 0xde, 0xf7, 0xbf, 0xff, 0xbf, 0xff, 0xde, 0xf7, 0xbf, 0xff,
    0xbe, 0xff, 0xbf, 0xf7, 0xdf, 0xff, 0xbe, 0xff, 0xbf, 0xf7, 0xdf, 0xff,
    0xbe, 0xf7, 0xbf, 0xff, 0xbf, 0xff, 0xde, 0xf7, 0xbf, 0xff, 0xdf, 0xf7,
    0xf0, 0x7b, 0x21, 0x08, 0x41, 0x08, 0x21, 0x00, 0x21, 0x08, 0x41, 0x08,
    0x41, 0x08, 0x41, 0x00, 0x41, 0x08, 0x42, 0x08, 0x41, 0x08, 0x41, 0x00,
    0x41, 0x08, 0x42, 0x08, 0x41, 0x08, 0x21, 0x08, 0x41, 0x08, 0x41, 0x08,
    0x21, 0x08, 0x41, 0x08, 0x21, 0x08, 0x41, 0x00, 0x21, 0x08, 0x42, 0x00,
    0x41, 0x08, 0x21, 0x08, 0x41, 0x08, 0x41, 0x08, 0xf7, 0xbd, 0xbf, 0xf7,
    0xdf, 0xff, 0xbe, 0xff, 0xbf, 0xf7, 0xbe, 0xff, 0xbf, 0xff, 0xbf, 0xf7,
    0xbe, 0xff, 0xdf, 0xff, 0xbf, 0xf7, 0xdf, 0xff, 0xd7, 0xbd, 0x21, 0x00,
    0x41, 0x08, 0x41, 0x08, 0x21, 0x00, 0x41, 0x08, 0x41, 0x08, 0x41, 0x08,
    0x41, 0x08, 0x21, 0x08, 0x41, 0x00, 0x41, 0x08, 0x42, 0x08, 0x21, 0x00,
    0x41, 0x08, 0x41, 0x08, 0x41, 0x00, 0x41, 0x08, 0x41, 0x08, 0x41, 0x08,
    0x41, 0x00, 0x22, 0x08, 0x41, 0x08, 0x41, 0x08, 0x21, 0x00, 0x41, 0x08,
    0x41, 0x00, 0x21, 0x08, 0x10, 0x7c, 0xdf, 0xf7, 0xbf, 0xff, 0xbe, 0xff,
    0xbf, 0xf7, 0xde, 0xf7, 0xbe, 0xff, 0xdf, 0xff, 0xbe, 0xff, 0xbf, 0xf7,
    0xdf, 0xff, 0xbe, 0xff, 0xbf, 0xf7, 0xbf, 0xff, 0xbe, 0xff, 0xbe, 0xf7,
    0xdf, 0xff, 0xbf, 0xff, 0xdf, 0xff, 0xdf, 0xff, 0xbe, 0xf7, 0xdf, 0xf7,
    0xdf, 0xff, 0x28, 0x42, 0x21, 0x08, 0x41, 0x08, 0x41, 0x08, 0x41, 0x08,
    0x21, 0x00, 0x28, 0x42, 0xbf, 0xff, 0xdf, 0xff, 0xbe, 0xf7, 0xdf, 0xf7,
    0xdf, 0xff, 0xbe, 0xf7, 0xbf, 0xff, 0xbe, 0xf7, 0xbf, 0xff, 0xdf, 0xff,
    0xbe, 0xf7, 0xbf, 0xff, 0xbf, 0xff, 0xde, 0xff, 0xbf, 0xf7, 0xbe, 0xff,
    0xbf, 0xff, 0xdf, 0xf7, 0xbe, 0xff, 0xdf, 0xff, 0xdf, 0xf7, 0xbe, 0xff,
    0xdf, 0xff, 0x28, 0x42, 0x41, 0x08, 0x21, 0x08, 0x21, 0x00, 0x41, 0x08,
    0x41, 0x08, 0x21, 0x00, 0x41, 0x08, 0x41, 0x08, 0x41, 0x00, 0x41, 0x08,
    0x21, 0x08, 0x41, 0x08, 0x41, 0x00, 0x22, 0x08, 0x41, 0x08, 0x21, 0x08,
    0x41, 0x08, 0x41, 0x08, 0x41, 0x08, 0x22, 0x08, 0x41, 0x00, 0x41, 0x08,
    0x21, 0x08, 0x41, 0x00, 0x41, 0x08, 0x21, 0x00, 0x41, 0x08, 0xdf, 0xf7,
    0xdf, 0xff, 0xbe, 0xff, 0xbf, 0xf7, 0xde, 0xff, 0xbf, 0xf7, 0xbf, 0xff,
    0xde, 0xff, 0xdf, 0xf7, 0xbe, 0xff, 0xbf, 0xff, 0xde, 0xf7, 0xf0, 0x83,
    0x41, 0x08, 0x41, 0x08, 0x21, 0x00, 0x21, 0x08, 0x41, 0x08, 0x42, 0x08,
    0x41, 0x08, 0x21, 0x00, 0x41, 0x08, 0x41, 0x08, 0x42, 0x08, 0x21, 0x08,
    0x41, 0x00, 0x41, 0x08, 0x41, 0x08, 0x41, 0x00, 0x41, 0x08, 0x41, 0x08,
    0x41, 0x00, 0x21, 0x08, 0x41, 0x08, 0x41, 0x08, 0x21, 0x00, 0x41, 0x08,
    0x41, 0x00, 0x42, 0x08, 0x41, 0x08, 0xd7, 0xbd, 0xdf, 0xff, 0xbf, 0xf7,
    0xbe, 0xff, 0xdf, 0xff, 0xbf, 0xf7, 0xbe, 0xff, 0xdf, 0xf7, 0xbf, 0xff,
    0xbf, 0xff, 0xbf, 0xff, 0xdf, 0xf7, 0xd7, 0xbd, 0x21, 0x08, 0x41, 0x00,
    0x21, 0x00, 0x41, 0x08, 0x21, 0x00, 0x41, 0x00, 0x41, 0x08, 0x42, 0x08,
    0x41, 0x08, 0x41, 0x08, 0x42, 0x08, 0x41, 0x08, 0x21, 0x08, 0x41, 0x08,
    0x41, 0x08, 0x21, 0x08, 0x41, 0x00, 0x41, 0x08, 0x21, 0x08, 0x41, 0x08,
    0x41, 0x00, 0x41, 0x08, 0x42, 0x08, 0x41, 0x00, 0x41, 0x08, 0x21, 0x00,
    0x41, 0x00, 0x10, 0x84, 0xbf, 0xf7, 0xbe, 0xff, 0xdf, 0xff, 0xbf, 0xf7,
    0xbe, 0xff, 0xdf, 0xf7, 0xbe, 0xff, 0xbf, 0xff, 0xbf, 0xf7, 0xde, 0xff,
    0xbf, 0xff, 0xbe, 0xf7, 0xbf, 0xff, 0xbf, 0xff, 0xde, 0xf7, 0xbf, 0xff,
    0xbf, 0xf7, 0xde, 0xff, 0xbf, 0xff, 0xbe, 0xf7, 0xdf, 0xff, 0xdf, 0xf7,
    0x28, 0x42, 0x41, 0x08, 0x21, 0x08, 0x41, 0x08, 0x21, 0x08, 0x41, 0x00,
    0x41, 0x08, 0x41, 0x08, 0xbf, 0xf7, 0xdf, 0xff, 0xde, 0xf7, 0xbf, 0xff,
    0xdf, 0xff, 0xbe, 0xf7, 0xdf, 0xff, 0xbe, 0xff, 0xbf, 0xf7, 0xdf, 0xff,
    0xbe, 0xf7, 0xbf, 0xff, 0xbe, 0xff, 0xbf, 0xff, 0xbe, 0xf7, 0xbf, 0xff,
    0xbe, 0xff, 0xbf, 0xf7, 0xbf, 0xf7, 0xde, 0xff, 0xbf, 0xff, 0xbf, 0xff,
    0xbe, 0xff, 0x10, 0x7c, 0x41, 0x08, 0x41, 0x08, 0x21, 0x00, 0x41, 0x00,
    0x41, 0x08, 0x41, 0x08, 0x21, 0x08, 0x41, 0x08, 0x41, 0x08, 0x21, 0x08,
    0x41, 0x08, 0x21, 0x00, 0x41, 0x08, 0x41, 0x08, 0x41, 0x00, 0x42, 0x00,
    0x41, 0x08, 0x41, 0x00, 0x41, 0x08, 0x41, 0x08, 0x41, 0x08, 0x41, 0x08,
    0x41, 0x08, 0x41, 0x08, 0x21, 0x08, 0x41, 0x00, 0x41, 0x08, 0xf7, 0xbd,
    0xbf, 0xf7, 0xdf, 0xff, 0xde, 0xf7, 0xbf, 0xf7, 0xdf, 0xff, 0xbe, 0xff,
    0xbf, 0xf7, 0xde, 0xff, 0xbf, 0xff, 0xbe, 0xf7, 0xbe, 0xff, 0xf7, 0xbd,
    0x21, 0x08, 0x41, 0x08, 0x41, 0x08, 0x21, 0x00, 0x42, 0x08, 0x41, 0x08,
    0x21, 0x00, 0x41, 0x08, 0x42, 0x08, 0x21, 0x08, 0x41, 0x08, 0x41, 0x08,
    0x41, 0x08, 0x41, 0x08, 0x41, 0x00, 0x21, 0x08, 0x42, 0x00, 0x41, 0x08,
    0x41, 0x08, 0x21, 0x08, 0x41, 0x00, 0x41, 0x08, 0x41, 0x08, 0x21, 0x00,
    0x42, 0x08, 0x21, 0x08, 0x21, 0x08, 0x10, 0x84, 0xbf, 0xf7, 0xde, 0xf7,
    0xbf, 0xff, 0xbf, 0xff, 0xbf, 0xf7, 0xde, 0xff, 0xbf, 0xf7, 0xbf, 0xff,
    0xde, 0xff, 0xbf, 0xf7, 0xde, 0xff, 0xbf, 0xff, 0xdf, 0xf7, 0xbe, 0xff,
    0xbf, 0xf7, 0xbf, 0xf7, 0xbe, 0xff, 0xbe, 0xf7, 0xbf, 0xf7, 0xdf, 0xff,
    0xbf, 0xff, 0xbf, 0xf7, 0x28, 0x42, 0x41, 0x08, 0x42, 0x08, 0x21, 0x08,
    0x41, 0x08, 0x21, 0x08, 0x28, 0x42, 0xdf, 0xf7, 0xbf, 0xff, 0xbe, 0xff,
    0xdf, 0xff, 0xbf, 0xff, 0xde, 0xf7, 0xbf, 0xff, 0xbf, 0xf7, 0xbe, 0xff,
    0xbf, 0xff, 0xdf, 0xf7, 0xbe, 0xff, 0xbf, 0xff, 0xdf, 0xf7, 0xbe, 0xff,
    0xbf, 0xf7, 0xbe, 0xff, 0xbf, 0xf7, 0xbe, 0xff, 0xbf, 0xff, 0xbf, 0xf7,
    0xbe, 0xff, 0xdf, 0xf7, 0x28, 0x42, 0x41, 0x08, 0x21, 0x00, 0x41, 0x08,
    0x41, 0x08, 0x41, 0x08, 0x21, 0x00, 0x41, 0x08, 0x42, 0x08, 0x21, 0x08,
    0x41, 0x08, 0x41, 0x08, 0x41, 0x00, 0x41, 0x08, 0x41, 0x08, 0x41, 0x00,
    0x41, 0x00, 0x22, 0x08, 0x41, 0x00, 0x41, 0x08, 0x41, 0x08, 0x41, 0x08,
    0x41, 0x08, 0x21, 0x00, 0x41, 0x08, 0x42, 0x08, 0x21, 0x00, 0x41, 0x08,
    0xbf, 0xf7, 0xbf, 0xf7, 0xbf, 0xff, 0xbe, 0xff, 0xbf, 0xf7, 0xbe, 0xff,
    0xbf, 0xf7, 0xbf, 0xff, 0xbe, 0xf7, 0xbf, 0xff, 0xbf, 0xf7, 0xdf, 0xf7,
    0x10, 0x84, 0x41, 0x08, 0x41, 0x00, 0x21, 0x08, 0x41, 0x00, 0x41, 0x08,
    0x41, 0x08, 0x41, 0x00, 0x21, 0x08, 0x42, 0x08, 0x41, 0x00, 0x41, 0x08,
    0x41, 0x08, 0x21, 0x00, 0x42, 0x08, 0x21, 0x08, 0x41, 0x00, 0x21, 0x08,
    0x42, 0x08, 0x41, 0x08, 0x21, 0x00, 0x42, 0x08, 0x41, 0x08, 0x21, 0x00,
    0x41, 0x08, 0x21, 0x08, 0x41, 0x00, 0x41, 0x08, 0xd7, 0xbd, 0xdf, 0xf7,
    0xdf, 0xff, 0xbe, 0xff, 0xbf, 0xf7, 0xdf, 0xff, 0xbe, 0xff, 0xbe, 0xf7,
    0xbf, 0xf7, 0xbe, 0xff, 0xbf, 0xff, 0xdf, 0xf7, 0xf7, 0xbd, 0x21, 0x08,
    0x21, 0x08, 0x41, 0x08, 0x41, 0x08, 0x21, 0x00, 0x21, 0x08, 0x41, 0x08,
    0x41, 0x00, 0x21, 0x08, 0x41, 0x00, 0x41, 0x08, 0x41, 0x00, 0x41, 0x08,
    0x42, 0x08, 0x41, 0x08, 0x41, 0x08, 0x42, 0x08, 0x41, 0x00, 0x21, 0x08,
    0x41, 0x08, 0x21, 0x08, 0x41, 0x00, 0x41, 0x08, 0x21, 0x08, 0x41, 0x08,
    0x21, 0x00, 0x21, 0x08, 0x10, 0x84, 0xdf, 0xf7, 0xbe, 0xff, 0xbf, 0xff,
    0xbf, 0xf7, 0xbe, 0xff, 0xbf, 0xf7, 0xbf, 0xff, 0xbe, 0xff, 0xbf, 0xf7,
    0xbf, 0xff, 0xbe, 0xf7, 0xdf, 0xf7, 0xbf, 0xff, 0xbe, 0xff, 0xbe, 0xf7,
    0xdf, 0xff, 0xbf, 0xff, 0xbe, 0xf7, 0xbf, 0xff, 0xbe, 0xff, 0xde, 0xf7,
    0xbf, 0xff, 0x28, 0x42, 0x41, 0x08, 0x21, 0x00, 0x41, 0x08, 0x41, 0x08,
    0x41, 0x08, 0x21, 0x08, 0x41, 0x08, 0xbf, 0xf7, 0xbf, 0xff, 0xdf, 0xff,
    0xbe, 0xf7, 0xbf, 0xff, 0xdf, 0xf7, 0xbf, 0xf7, 0xbe, 0xff, 0xbf, 0xff,
    0xbf, 0xf7, 0xde, 0xff, 0xbf, 0xf7, 0xdf, 0xff, 0xbe, 0xf7, 0xdf, 0xff,
    0xbf, 0xff, 0xde, 0xf7, 0xbf, 0xff, 0xbe, 0xff, 0xbf, 0xf7, 0xbf, 0xff,
    0xbe, 0xf7, 0xbf, 0xff, 0x10, 0x84, 0x21, 0x00, 0x41, 0x08, 0x41, 0x08,
    0x21, 0x08, 0x41, 0x08, 0x42, 0x00, 0x21, 0x08, 0x41, 0x00, 0x41, 0x00,
    0x21, 0x08, 0x42, 0x08, 0x41, 0x08, 0x21, 0x00, 0x41, 0x08, 0x41, 0x08,
    0x21, 0x08, 0x41, 0x08, 0x42, 0x08, 0x21, 0x00, 0x41, 0x08, 0x42, 0x08,
    0x21, 0x00, 0x41, 0x08, 0x42, 0x08, 0x41, 0x00, 0x21, 0x08, 0x41, 0x08,
    0xf7, 0xbd, 0xbf, 0xff, 0xbf, 0xff, 0xdf, 0xff, 0xbe, 0xff, 0xbf, 0xf7,
    0xdf, 0xff, 0xbe, 0xff, 0xbf, 0xf7, 0xbf, 0xff, 0xbf, 0xff, 0xbf, 0xf7,
    0xf7, 0xbd, 0x41, 0x08, 0x41, 0x08, 0x41, 0x08, 0x21, 0x00, 0x41, 0x08,
    0x41, 0x08, 0x21, 0x08, 0x41, 0x00, 0x41, 0x08, 0x41, 0x08, 0x21, 0x00,
    0x41, 0x08, 0x41, 0x08, 0x22, 0x00, 0x41, 0x08, 0x41, 0x08, 0x21, 0x08,
    0x41, 0x00, 0x41, 0x08, 0x41, 0x08, 0x41, 0x08, 0x42, 0x08, 0x41, 0x08,
    0x21, 0x00, 0x41, 0x08, 0x41, 0x08, 0x21, 0x00, 0xf0, 0x83, 0xdf, 0xff,
    0xbe, 0xf7, 0xbf, 0xff, 0xbf, 0xff, 0xbe, 0xff, 0xbf, 0xf7, 0xbf, 0xff,
    0xbe, 0xf7, 0xbf, 0xff, 0xbf, 0xf7, 0xbe, 0xff, 0xbf, 0xff, 0xdf, 0xf7,
    0xbe, 0xff, 0xbf, 0xff, 0xdf, 0xff, 0xbe, 0xf7, 0xdf, 0xff, 0xbe, 0xff,
    0xbe, 0xf7, 0xdf, 0xff, 0xdf, 0xff, 0x28, 0x42, 0x21, 0x08, 0x41, 0x08,
    0x21, 0x00, 0x41, 0x08, 0x41, 0x08, 0x28, 0x42, 0xbf, 0xf7, 0xbf, 0xff,
    0xbe, 0xf7, 0xdf, 0xf7, 0xbf, 0xf7, 0xde, 0xff, 0xbf, 0xff, 0xdf, 0xf7,
    0xbe, 0xff, 0xbf, 0xff, 0xbe, 0xf7, 0xbf, 0xff, 0xbe, 0xf7, 0xbf, 0xff,
    0xdf, 0xff, 0xbe, 0xf7, 0xdf, 0xff, 0xbf, 0xff, 0xbe, 0xf7, 0xdf, 0xf7,
    0xbe, 0xff, 0xbf, 0xff, 0xbf, 0xf7, 0x28, 0x42, 0x41, 0x08, 0x21, 0x08,
    0x21, 0x00, 0x41, 0x08, 0x42, 0x08, 0x21, 0x00, 0x41, 0x08, 0x41, 0x08,
    0x21, 0x00, 0x41, 0x08, 0x42, 0x08, 0x21, 0x08, 0x41, 0x08, 0x41, 0x08,
    0x21, 0x08, 0x41, 0x08, 0x41, 0x08, 0x21, 0x08, 0x41, 0x00, 0x41, 0x08,
    0x21, 0x08, 0x42, 0x00, 0x21, 0x08, 0x21, 0x08, 0x41, 0x08, 0x41, 0x08,
    0x41, 0x08, 0xbf, 0xff, 0xde, 0xf7, 0xbf, 0xff, 0xdf, 0xff, 0xbe, 0xf7,
    0xdf, 0xff, 0xbe, 0xff, 0xbf, 0xf7, 0xdf, 0xff, 0xbe, 0xff, 0xbf, 0xff,
    0xde, 0xf7, 0xf0, 0x83, 0x41, 0x08, 0x41, 0x08, 0x21, 0x00, 0x21, 0x08,
    0x41, 0x08, 0x41, 0x00, 0x21, 0x08, 0x41, 0x08, 0x41, 0x08, 0x21, 0x00,
    0x41, 0x08, 0x41, 0x08, 0x41, 0x08, 0x41, 0x08, 0x41, 0x08, 0x21, 0x08,
    0x41, 0x00, 0x41, 0x08, 0x41, 0x08, 0x41, 0x08, 0x41, 0x08, 0x41, 0x08,
    0x21, 0x00, 0x41, 0x08, 0x21, 0x08, 0x41, 0x08, 0x41, 0x08, 0xd7, 0xbd,
    0xbf, 0xf7, 0xbf, 0xff, 0xbe, 0xf7, 0xbf, 0xff, 0xbf, 0xff, 0xde, 0xf7,
    0xbf, 0xff, 0xdf, 0xff, 0xbe, 0xf7, 0xbe, 0xff, 0xdf, 0xf7, 0xf7, 0xbd,
    0x21, 0x08, 0x41, 0x00, 0x41, 0x08, 0x41, 0x08, 0x21, 0x08, 0x41, 0x08,
    0x41, 0x08, 0x21, 0x08, 0x41, 0x08, 0x21, 0x08, 0x41, 0x00, 0x21, 0x08,
    0x41, 0x00, 0x21, 0x00, 0x41, 0x08, 0x21, 0x08, 0x41, 0x00, 0x41, 0x08,
    0x42, 0x08, 0x41, 0x08, 0x41, 0x08, 0x22, 0x08, 0x41, 0x00, 0x41, 0x08,
    0x41, 0x08, 0x21, 0x08, 0x41, 0x08, 0x10, 0x7c, 0xbf, 0xf7, 0xbe, 0xff,
    0xbf, 0xf7, 0xdf, 0xff, 0xbe, 0xff, 0xdf, 0xf7, 0xbf, 0xff, 0xde, 0xf7,
    0xdf, 0xff, 0xbf, 0xff, 0xbe, 0xff, 0xdf, 0xf7, 0xbf, 0xff, 0xbe, 0xf7,
    0xbf, 0xff, 0xbf, 0xff, 0xde, 0xf7, 0xbf, 0xf7, 0xbf, 0xff, 0xdf, 0xff,
    0xbf, 0xf7, 0xbf, 0xf7, 0x28, 0x42, 0x41, 0x08, 0x21, 0x08, 0x41, 0x08,
    0x41, 0x00, 0x41, 0x08, 0x41, 0x08, 0x41, 0x08, 0xbf, 0xf7, 0xde, 0xf7,
    0xbf, 0xff, 0xbf, 0xff, 0xdf, 0xff, 0xde, 0xf7, 0xbf, 0xf7, 0xbf, 0xff,
    0xde, 0xff, 0xbf, 0xf7, 0xbf, 0xff, 0xbe, 0xff, 0xbf, 0xf7, 0xdf, 0xff,
    0xbe, 0xff, 0xbf, 0xf7, 0xbf, 0xff, 0xde, 0xff, 0xbf, 0xf7, 0xdf, 0xff,
    0xde, 0xf7, 0xbf, 0xff, 0xbf, 0xff, 0x10, 0x7c, 0x21, 0x08, 0x41, 0x08,
    0x21, 0x00, 0x21, 0x08, 0x41, 0x08, 0x41, 0x08, 0x41, 0x08, 0x41, 0x08,
    0x42, 0x08, 0x41, 0x00, 0x41, 0x08, 0x41, 0x08, 0x41, 0x08, 0x22, 0x08,
    0x41, 0x08, 0x41, 0x00, 0x21, 0x08, 0x41, 0x08, 0x41, 0x08, 0x21, 0x00,
    0x41, 0x08, 0x41, 0x08, 0x21, 0x00, 0x41, 0x08, 0x21, 0x00, 0x41, 0x08,
    0x42, 0x08, 0xf7, 0xbd, 0xbf, 0xf7, 0xbf, 0xf7, 0xbe, 0xff, 0xdf, 0xff,
    0xbf, 0xff, 0xbe, 0xf7, 0xbf, 0xff, 0xdf, 0xf7, 0xbe, 0xff, 0xbf, 0xff,
    0xbf, 0xf7, 0xf7, 0xbd, 0x21, 0x00, 0x41, 0x08, 0x41, 0x08, 0x21, 0x00,
    0x41, 0x08, 0x41, 0x08, 0x41, 0x08, 0x41, 0x08, 0x41, 0x00, 0x41, 0x08,
    0x22, 0x08, 0x41, 0x00, 0x41, 0x08, 0x21, 0x08, 0x41, 0x08, 0x41, 0x08,
    0x41, 0x08, 0x21, 0x08, 0x42, 0x00, 0x21, 0x08, 0x41, 0x00, 0x21, 0x08,
    0x41, 0x08, 0x21, 0x00, 0x41, 0x08, 0x41, 0x00, 0x21, 0x00, 0x10, 0x84,
    0xdf, 0xf7, 0xbf, 0xff, 0xbe, 0xf7, 0xde, 0xff, 0xdf, 0xf7, 0xbf, 0xff,
    0xde, 0xff, 0xbf, 0xf7, 0xbf, 0xff, 0xde, 0xff, 0xbf, 0xf7, 0xbe, 0xff,
    0xbf, 0xff, 0xbf, 0xf7, 0xde, 0xff, 0xbf, 0xff, 0xbf, 0xf7, 0xbf, 0xff,
    0xbf, 0xff, 0xdf, 0xff, 0xbe, 0xf7, 0xdf, 0xff, 0x28, 0x42, 0x21, 0x00,
    0x41, 0x08, 0x41, 0x00, 0x41, 0x08, 0x21, 0x08, 0x28, 0x42, 0xdf, 0xf7,
    0xbf, 0xff, 0xbe, 0xff, 0xdf, 0xff, 0xdf, 0xff, 0xbe, 0xf7, 0xbf, 0xff,
    0xbe, 0xff, 0xdf, 0xf7, 0xbf, 0xff, 0xde, 0xff, 0xbf, 0xf7, 0xbf, 0xff,
    0xde, 0xff, 0xbf, 0xf7, 0xbf, 0xff, 0xbe, 0xff, 0xdf, 0xf7, 0xbf, 0xff,
    0xbe, 0xff, 0xdf, 0xf7, 0xbf, 0xff, 0xbe, 0xf7, 0x28, 0x42, 0x41, 0x08,
    0x21, 0x08, 0x21, 0x00, 0x41, 0x08, 0x41, 0x08, 0x21, 0x00, 0x41, 0x08,
    0x41, 0x08, 0x41, 0x00, 0x41, 0x08, 0x21, 0x00, 0x41, 0x08, 0x42, 0x00,
    0x21, 0x08, 0x41, 0x08, 0x42, 0x00, 0x41, 0x08, 0x41, 0x08, 0x22, 0x08,
    0x41, 0x00, 0x41, 0x08, 0x41, 0x08, 0x21, 0x00, 0x41, 0x00, 0x41, 0x08,
    0x21, 0x00, 0x41, 0x08, 0xdf, 0xf7, 0xde, 0xf7, 0xbf, 0xff, 0xbf, 0xff,
    0xbe, 0xf7, 0xdf, 0xff, 0xbf, 0xff, 0xbe, 0xf7, 0xdf, 0xff, 0xbf, 0xff,
    0xbe, 0xf7, 0xdf, 0xf7, 0xf0, 0x83, 0x41, 0x08, 0x41, 0x08, 0x21, 0x00,
    0x21, 0x08, 0x41, 0x08, 0x42, 0x08, 0x41, 0x08, 0x41, 0x08, 0x41, 0x08,
    0x21, 0x08, 0x42, 0x00, 0x21, 0x08, 0x41, 0x08, 0x41, 0x00, 0x41, 0x08,
    0x42, 0x08, 0x41, 0x08, 0x21, 0x00, 0x41, 0x08, 0x21, 0x08, 0x41, 0x00,
    0x41, 0x08, 0x21, 0x08, 0x41, 0x08, 0x21, 0x00, 0x41, 0x08, 0x41, 0x08,
    0xd7, 0xbd, 0xdf, 0xff, 0xbf, 0xf7, 0xbe, 0xff, 0xdf, 0xf7, 0xbe, 0xff,
    0xbf, 0xff, 0xbf, 0xf7, 0xbf, 0xff, 0xde, 0xff, 0xbf, 0xf7, 0xbf, 0xff,
    0xf7, 0xbd, 0x21, 0x00, 0x21, 0x08, 0x21, 0x00, 0x41, 0x08, 0x21, 0x00,
    0x41, 0x00, 0x41, 0x08, 0x42, 0x08, 0x41, 0x00, 0x41, 0x08, 0x42, 0x08,
    0x41, 0x08, 0x21, 0x08, 0x41, 0x08, 0x41, 0x08, 0x42, 0x00, 0x21, 0x08,
    0x41, 0x08, 0x41, 0x00, 0x21, 0x00, 0x41, 0x08, 0x41, 0x08, 0x21, 0x08,
    0x41, 0x00, 0x42, 0x08, 0x21, 0x00, 0x41, 0x08, 0x10, 0x84, 0xbe, 0xf7,
    0xbf, 0xff, 0xdf, 0xff, 0xbe, 0xf7, 0xbf, 0xff, 0xbe, 0xff, 0xbf, 0xf7,
    0xbe, 0xff, 0xbf, 0xf7, 0xbe, 0xff, 0xbf, 0xff, 0xbe, 0xff, 0xdf, 0xf7,
    0xbf, 0xff, 0xbe, 0xff, 0xdf, 0xf7, 0xbf, 0xff, 0xbe, 0xff, 0xdf, 0xf7,
    0xbe, 0xff, 0xdf, 0xff, 0xde, 0xf7, 0x28, 0x42, 0x41, 0x08, 0x21, 0x00,
    0x41, 0x08, 0x41, 0x08, 0x41, 0x08, 0x41, 0x00, 0x41, 0x08, 0xbf, 0xf7,
    0xdf, 0xff, 0xde, 0xff, 0xbf, 0xf7, 0xbe, 0xff, 0xde, 0xff, 0xdf, 0xf7,
    0xbf, 0xff, 0xbe, 0xff, 0xbe, 0xf7, 0xbf, 0xff, 0xde, 0xff, 0xbf, 0xf7,
    0xbf, 0xff, 0xbe, 0xf7, 0xbf, 0xff, 0xbf, 0xff, 0xbe, 0xf7, 0xbf, 0xff,
    0xbe, 0xff, 0xbf, 0xf7, 0xbe, 0xff, 0xdf, 0xf7, 0x10, 0x84, 0x21, 0x08,
    0x41, 0x08, 0x41, 0x00, 0x21, 0x00, 0x41, 0x08, 0x41, 0x08, 0x21, 0x00,
    0x41, 0x08, 0x21, 0x08, 0x41, 0x08, 0x21, 0x00, 0x41, 0x08, 0x41, 0x08,
    0x41, 0x00, 0x41, 0x08, 0x41, 0x08, 0x41, 0x00, 0x41, 0x08, 0x41, 0x08,
    0x41, 0x08, 0x41, 0x08, 0x41, 0x08, 0x42, 0x00, 0x41, 0x08, 0x21, 0x08,
    0x41, 0x08, 0x41, 0x08, 0xf7, 0xbd, 0xbf, 0xf7, 0xdf, 0xff, 0xdf, 0xff,
    0xbe, 0xf7, 0xbf, 0xff, 0xbe, 0xff, 0xdf, 0xf7, 0xbe, 0xff, 0xbe, 0xf7,
    0xdf, 0xff, 0xde, 0xf7, 0xd7, 0xbd, 0x21, 0x08, 0x41, 0x08, 0x41, 0x08,
    0x21, 0x00, 0x42, 0x08, 0x41, 0x08, 0x21, 0x00, 0x42, 0x08, 0x21, 0x08,
    0x41, 0x08, 0x41, 0x08, 0x41, 0x00, 0x41, 0x08, 0x41, 0x08, 0x21, 0x00,
    0x42, 0x08, 0x41, 0x08, 0x41, 0x00, 0x41, 0x08, 0x41, 0x08, 0x21, 0x08,
    0x41, 0x00, 0x41, 0x08, 0x21, 0x08, 0x41, 0x08, 0x21, 0x08, 0x41, 0x08,
    0xf0, 0x83, 0xdf, 0xf7, 0xbf, 0xff, 0xbe, 0xff, 0xbf, 0xf7, 0xbf, 0xff,
    0xbe, 0xff, 0xbf, 0xf7, 0xde, 0xff, 0xbf, 0xff, 0xbf, 0xf7, 0xde, 0xff,
    0xbf, 0xf7, 0xbe, 0xff, 0xdf, 0xf7, 0xbe, 0xff, 0xbe, 0xff, 0xdf, 0xf7,
    0xdf, 0xff, 0xdf, 0xff, 0xbe, 0xf7, 0xbf, 0xf7, 0xdf, 0xff, 0x28, 0x42,
    0x41, 0x08, 0x41, 0x08, 0x21, 0x08, 0x41, 0x08, 0x21, 0x00, 0x28, 0x42,
    0xbf, 0xff, 0xdf, 0xff, 0xbe, 0xff, 0xbf, 0xf7, 0xdf, 0xf7, 0xde, 0xff,
    0xbf, 0xff, 0xbf, 0xf7, 0xbe, 0xf7, 0xbf, 0xff, 0xdf, 0xff, 0xbe, 0xf7,
    0xbf, 0xff, 0xbe, 0xf7, 0xbf, 0xff, 0xbf, 0xff, 0xbe, 0xf7, 0xbf, 0xff,
    0xbf, 0xff, 0xbe, 0xff, 0xbf, 0xf7, 0xbf, 0xff, 0xdf, 0xff, 0x28, 0x42,
    0x41, 0x08, 0x41, 0x00, 0x21, 0x08, 0x41, 0x08, 0x41, 0x08, 0x21, 0x00,
    0x41, 0x08, 0x42, 0x08, 0x21, 0x08, 0x41, 0x08, 0x41, 0x08, 0x41, 0x00,
    0x41, 0x08, 0x41, 0x08, 0x41, 0x00, 0x21, 0x08, 0x41, 0x08, 0x41, 0x00,
    0x41, 0x08, 0x21, 0x08, 0x41, 0x08, 0x41, 0x08, 0x21, 0x00, 0x41, 0x08,
    0x41, 0x08, 0x21, 0x00, 0x41, 0x08, 0xbf, 0xff, 0xbf, 0xf7, 0xbe, 0xff,
    0xbf, 0xf7, 0xbf, 0xff, 0xbe, 0xf7, 0xbf, 0xff, 0xbe, 0xf7, 0xbf, 0xff,
    0xbf, 0xff, 0xbe, 0xf7, 0xdf, 0xf7, 0xf0, 0x83, 0x41, 0x08, 0x41, 0x00,
    0x21, 0x08, 0x41, 0x00, 0x41, 0x08, 0x41, 0x08, 0x21, 0x00, 0x42, 0x00,
    0x41, 0x08, 0x41, 0x08, 0x41, 0x08, 0x41, 0x00, 0x21, 0x08, 0x22, 0x08,
    0x41, 0x00, 0x41, 0x08, 0x21, 0x08, 0x41, 0x08, 0x42, 0x00, 0x41, 0x08,
    0x21, 0x08, 0x42, 0x00, 0x21, 0x08, 0x41, 0x08, 0x41, 0x00, 0x42, 0x08,
    0x41, 0x08, 0xd7, 0xbd, 0xdf, 0xff, 0xbf, 0xff, 0xbe, 0xf7, 0xdf, 0xff,
    0xbf, 0xf7, 0xbe, 0xff, 0xbe, 0xff, 0xbf, 0xf7, 0xbf, 0xff, 0xde, 0xf7,
    0xdf, 0xff, 0xd7, 0xbd, 0x41, 0x08, 0x41, 0x08, 0x21, 0x00, 0x41, 0x08,
    0x21, 0x08, 0x21, 0x00, 0x41, 0x08, 0x41, 0x08, 0x21, 0x00, 0x41, 0x08,
    0x41, 0x08, 0x41, 0x08, 0x42, 0x08, 0x41, 0x08, 0x41, 0x08, 0x41, 0x08,
    0x21, 0x08, 0x41, 0x08, 0x41, 0x08, 0x21, 0x08, 0x41, 0x00, 0x41, 0x08,
    0x41, 0x08, 0x41, 0x08, 0x41, 0x08, 0x21, 0x00, 0x21, 0x08, 0x10, 0x84,
    0xdf, 0xf7, 0xbe, 0xff, 0xbf, 0xff, 0xbf, 0xf7, 0xde, 0xff, 0xbf, 0xff,
    0xbf, 0xf7, 0xdf, 0xff, 0xbe, 0xff, 0xbf, 0xf7, 0xdf, 0xf7, 0xbe, 0xff,
    0xbf, 0xff, 0xdf, 0xf7, 0xbe, 0xff, 0xbf, 0xff, 0xbf, 0xf7, 0xbe, 0xff,
    0xbf, 0xff, 0xbf, 0xf7, 0xde, 0xff, 0xbf, 0xff, 0x28, 0x42, 0x41, 0x08,
    0x21, 0x08, 0x41, 0x08, 0x41, 0x08, 0x42, 0x08, 0x21, 0x08, 0x41, 0x08,
    0xbf, 0xf7, 0xbf, 0xff, 0xde, 0xf7, 0xbf, 0xff, 0xbf, 0xff, 0xbf, 0xf7,
    0xde, 0xf7, 0xbf, 0xff, 0xbf, 0xff, 0xdf, 0xf7, 0xbe, 0xff, 0xbf, 0xff,
    0xbf, 0xf7, 0xbe, 0xff, 0xdf, 0xff, 0xde, 0xf7, 0xbf, 0xff, 0xbf, 0xf7,
    0xde, 0xff, 0xbf, 0xff, 0xbf, 0xf7, 0xbe, 0xff, 0xbf, 0xff, 0x10, 0x7c,
    0x21, 0x08, 0x41, 0x08, 0x41, 0x08, 0x21, 0x00, 0x41, 0x08, 0x42, 0x08,
    0x41, 0x00, 0x21, 0x08, 0x41, 0x08, 0x41, 0x08, 0x42, 0x08, 0x21, 0x00,
    0x41, 0x08, 0x21, 0x08, 0x41, 0x00, 0x22, 0x08, 0x41, 0x08, 0x21, 0x00,
    0x22, 0x08, 0x41, 0x08, 0x41, 0x00, 0x21, 0x08, 0x41, 0x08, 0x41, 0x08,
    0x21, 0x08, 0x41, 0x00, 0x41, 0x08, 0xf7, 0xbd, 0xbf, 0xff, 0xde, 0xf7,
    0xbf, 0xf7, 0xbf, 0xff, 0xdf, 0xff, 0xbf, 0xf7, 0xbf, 0xff, 0xbf, 0xff,
    0xbf, 0xf7, 0xbf, 0xff, 0xbf, 0xff, 0xf7, 0xbd, 0x21, 0x08, 0x41, 0x08,
    0x41, 0x00, 0x21, 0x08, 0x41, 0x08, 0x41, 0x00, 0x41, 0x08, 0x21, 0x08,
    0x41, 0x00, 0x41, 0x08, 0x21, 0x08, 0x41, 0x08, 0x42, 0x08, 0x21, 0x00,
    0x41, 0x08, 0x41, 0x08, 0x21, 0x00, 0x41, 0x08, 0x41, 0x08, 0x41, 0x08,
    0x42, 0x08, 0x41, 0x08, 0x41, 0x00, 0x21, 0x08, 0x41, 0x08, 0x41, 0x00,
    0x21, 0x08, 0xf0, 0x83, 0xde, 0xf7, 0xbf, 0xff, 0xbf, 0xff, 0xbe, 0xf7,
    0xdf, 0xff, 0xbf, 0xff, 0xbe, 0xf7, 0xbf, 0xff, 0xbe, 0xf7, 0xbf, 0xff,
    0xdf, 0xff, 0xbe, 0xf7, 0xbf, 0xff, 0xbf, 0xff, 0xbf, 0xf7, 0xbe, 0xff,
    0xbe, 0xff, 0xbf, 0xf7, 0xbe, 0xff, 0xdf, 0xff, 0xbf, 0xff, 0xbf, 0xf7,
    0x28, 0x42, 0x41, 0x08, 0x42, 0x08, 0x21, 0x00, 0x41, 0x08, 0x41, 0x08,
    0x28, 0x42, 0xbf, 0xf7, 0xbf, 0xff, 0xbe, 0xf7, 0xdf, 0xff, 0xbf, 0xff,
    0xde, 0xf7, 0xbf, 0xff, 0xbf, 0xff, 0xbe, 0xf7, 0xbf, 0xff, 0xbe, 0xf7,
    0xdf, 0xff, 0xbf, 0xff, 0xbe, 0xf7, 0xdf, 0xff, 0xde, 0xf7, 0xbf, 0xf7,
    0xde, 0xff, 0xbf, 0xf7, 0xde, 0xf7, 0xbe, 0xff, 0xbf, 0xff, 0xdf, 0xf7,
    0x28, 0x42, 0x41, 0x08, 0x21, 0x08, 0x41, 0x00, 0x41, 0x08, 0x42, 0x08,
    0x21, 0x00, 0x41, 0x08, 0x41, 0x08, 0x21, 0x00, 0x41, 0x08, 0x42, 0x08,
    0x21, 0x08, 0x41, 0x08, 0x41, 0x08, 0x21, 0x08, 0x41, 0x08, 0x41, 0x08,
    0x21, 0x00, 0x41, 0x08, 0x41, 0x08, 0x41, 0x00, 0x41, 0x08, 0x21, 0x08,
    0x21, 0x08, 0x41, 0x08, 0x21, 0x00, 0x41, 0x08, 0xdf, 0xff, 0xbe, 0xf7,
    0xbf, 0xff, 0xde, 0xff, 0xdf, 0xf7, 0xbf, 0xff, 0xde, 0xff, 0xbf, 0xf7,
    0xde, 0xff, 0xbf, 0xff, 0xbf, 0xff, 0xde, 0xf7, 0xf0, 0x83, 0x41, 0x08,
    0x41, 0x08, 0x21, 0x00, 0x21, 0x08, 0x41, 0x08, 0x41, 0x08, 0x21, 0x08,
    0x41, 0x08, 0x41, 0x00, 0x21, 0x08, 0x41, 0x08, 0x41, 0x08, 0x41, 0x08,
    0x41, 0x08, 0x41, 0x00, 0x21, 0x08, 0x41, 0x08, 0x41, 0x00, 0x41, 0x08,
    0x41, 0x08, 0x41, 0x08, 0x41, 0x00, 0x21, 0x00, 0x41, 0x08, 0x21, 0x00,
    0x41, 0x08, 0x41, 0x08, 0xd7, 0xbd, 0xdf, 0xf7, 0xdf, 0xff, 0xbe, 0xff,
    0xbf, 0xf7, 0xbf, 0xff, 0xde, 0xff, 0xdf, 0xf7, 0xbf, 0xff, 0xbe, 0xff,
    0xbf, 0xf7, 0xde, 0xf7, 0xd7, 0xbd, 0x41, 0x08, 0x41, 0x00, 0x21, 0x08,
    0x41, 0x08, 0x41, 0x08, 0x21, 0x00, 0x41, 0x08, 0x41, 0x08, 0x21, 0x08,
    0x41, 0x08, 0x21, 0x00, 0x21, 0x00, 0x41, 0x08, 0x21, 0x00, 0x41, 0x00,
    0x41, 0x08, 0x41, 0x08, 0x42, 0x00, 0x41, 0x08, 0x41, 0x08, 0x42, 0x08,
    0x21, 0x00, 0x41, 0x08, 0x41, 0x08, 0x41, 0x08, 0x21, 0x00, 0x21, 0x00,
    0x10, 0x84, 0xde, 0xf7, 0xbf, 0xff, 0xbe, 0xf7, 0xdf, 0xff, 0xbf, 0xff,
    0xbe, 0xf7, 0xdf, 0xff, 0xbe, 0xff, 0xbf, 0xf7, 0xdf, 0xff, 0xbe, 0xff,
    0xbf, 0xf7, 0xbe, 0xff, 0xbf, 0xf7, 0xde, 0xff, 0xbf, 0xff, 0xbe, 0xf7,
    0xdf, 0xff, 0xbe, 0xff, 0xbf, 0xf7, 0xdf, 0xf7, 0xbf, 0xff, 0x28, 0x42,
    0x41, 0x08, 0x21, 0x00, 0x41, 0x08, 0x41, 0x08, 0x21, 0x00, 0x41, 0x08,
    0x41, 0x08, 0xbf, 0xf7, 0xdf, 0xff, 0xbf, 0xff, 0xbe, 0xf7, 0xbf, 0xff,
    0xdf, 0xf7, 0xde, 0xff, 0xbe, 0xff, 0xbf, 0xf7, 0xbf, 0xff, 0xde, 0xf7,
    0xbf, 0xff, 0xbf, 0xff, 0xde, 0xf7, 0xbf, 0xff, 0xbf, 0xff, 0xbe, 0xf7,
    0xdf, 0xff, 0xbf, 0xff, 0xde, 0xf7, 0xbf, 0xff, 0xbf, 0xff, 0xbe, 0xf7,
    0x10, 0x7c, 0x21, 0x08, 0x41, 0x08, 0x21, 0x00, 0x21, 0x08, 0x41, 0x08,
    0x41, 0x08, 0x41, 0x08, 0x41, 0x08, 0x41, 0x00, 0x41, 0x08, 0x41, 0x08,
    0x41, 0x08, 0x41, 0x08, 0x42, 0x08, 0x21, 0x08, 0x41, 0x08, 0x41, 0x08,
    0x41, 0x08, 0x41, 0x00, 0x41, 0x08, 0x21, 0x08, 0x41, 0x08, 0x41, 0x08,
    0x42, 0x08, 0x41, 0x00, 0x41, 0x08, 0x41, 0x08, 0xd7, 0xbd, 0xbf, 0xf7,
    0xbf, 0xff, 0xde, 0xff, 0xbe, 0xff, 0xbf, 0xf7, 0xde, 0xff, 0xbe, 0xff,
    0xdf, 0xf7, 0xbe, 0xff, 0xbe, 0xff, 0xbf, 0xf7, 0xf7, 0xbd, 0x41, 0x00,
    0x41, 0x08, 0x41, 0x08, 0x21, 0x00, 0x41, 0x08, 0x41, 0x08, 0x41, 0x08,
    0x41, 0x08, 0x42, 0x00, 0x41, 0x08, 0x21, 0x08, 0x41, 0x00, 0x41, 0x08,
    0x41, 0x08, 0x41, 0x08, 0x41, 0x08, 0x21, 0x08, 0x42, 0x08, 0x21, 0x00,
    0x21, 0x08, 0x41, 0x08, 0x41, 0x00, 0x41, 0x08, 0x21, 0x00, 0x41, 0x08,
    0x21, 0x00, 0x41, 0x00, 0x10, 0x84, 0xbf, 0xf7, 0xbe, 0xff, 0xdf, 0xf7,
    0xbe, 0xff, 0xbf, 0xf7, 0xdf, 0xff, 0xbe, 0xff, 0xdf, 0xf7, 0xbf, 0xff,
    0xbe, 0xff, 0xbf, 0xf7, 0xdf, 0xff, 0xbe, 0xff, 0xbf, 0xf7, 0xdf, 0xf7,
    0xbf, 0xff, 0xbf, 0xff, 0xdf, 0xff, 0xbe, 0xf7, 0xdf, 0xf7, 0xde, 0xff,
    0xdf, 0xff, 0x28, 0x42, 0x21, 0x08, 0x41, 0x08, 0x41, 0x08, 0x41, 0x08,
    0x21, 0x08, 0x28, 0x42, 0xdf, 0xf7, 0xbf, 0xff, 0xbf, 0xff, 0xde, 0xf7,
    0xbf, 0xff, 0xbf, 0xf7, 0xbe, 0xff, 0xdf, 0xff, 0xdf, 0xff, 0xbe, 0xf7,
    0xbf, 0xff, 0xbf, 0xff, 0xde, 0xf7, 0xbf, 0xff, 0xbf, 0xff, 0xbe, 0xff,
    0xbf, 0xff, 0xbf, 0xff, 0xdf, 0xff, 0xbf, 0xf7, 0xbe, 0xff, 0xbf, 0xff,
    0xdf, 0xf7, 0x28, 0x42, 0x21, 0x08, 0x21, 0x08, 0x21, 0x00, 0x41, 0x08,
    0x41, 0x08, 0x21, 0x00, 0x41, 0x08, 0x41, 0x08, 0x41, 0x08, 0x41, 0x00,
    0x21, 0x08, 0x41, 0x08, 0x41, 0x00, 0x22, 0x08, 0x41, 0x00, 0x41, 0x08,
    0x42, 0x08, 0x41, 0x08, 0x21, 0x08, 0x42, 0x08, 0x41, 0x00, 0x41, 0x08,
    0x21, 0x00, 0x41, 0x00, 0x41, 0x08, 0x21, 0x08, 0x41, 0x08, 0xdf, 0xf7,
    0xdf, 0xf7, 0xbe, 0xff, 0xbf, 0xff, 0xbe, 0xf7, 0xbf, 0xff, 0xbf, 0xff,
    0xde, 0xf7, 0xbf, 0xf7, 0xbf, 0xff, 0xbe, 0xff, 0xdf, 0xf7, 0x10, 0x84,
    0x41, 0x08, 0x41, 0x08, 0x21, 0x00, 0x41, 0x08, 0x42, 0x08, 0x41, 0x00,
    0x41, 0x08, 0x41, 0x08, 0x21, 0x08, 0x42, 0x00, 0x41, 0x08, 0x21, 0x08,
    0x41, 0x00, 0x41, 0x08, 0x41, 0x08, 0x42, 0x08, 0x41, 0x08, 0x21, 0x08,
    0x21, 0x08, 0x41, 0x08, 0x41, 0x08, 0x41, 0x08, 0x21, 0x08, 0x41, 0x08,
    0x21, 0x00, 0x41, 0x08, 0x41, 0x08, 0xd7, 0xbd, 0xbf, 0xf7, 0xbf, 0xf7,
    0xbe, 0xff, 0xbf, 0xff, 0xbf, 0xf7, 0xbe, 0xff, 0xbf, 0xf7, 0xdf, 0xff,
    0xbe, 0xff, 0xbf, 0xff, 0xdf, 0xf7, 0xd7, 0xbd, 0x21, 0x08, 0x41, 0x00,
    0x21, 0x08, 0x41, 0x08, 0x41, 0x00, 0x21, 0x08, 0x42, 0x08, 0x41, 0x00,
    0x41, 0x08, 0x42, 0x08, 0x41, 0x08, 0x41, 0x08, 0x41, 0x08, 0x41, 0x08,
    0x22, 0x08, 0x41, 0x08, 0x21, 0x00, 0x41, 0x08, 0x21, 0x08, 0x41, 0x08,
    0x41, 0x08, 0x21, 0x08, 0x42, 0x00, 0x41, 0x08, 0x21, 0x08, 0x41, 0x00,
    0x41, 0x08, 0x10, 0x84, 0xbf, 0xf7, 0xbe, 0xff, 0xbf, 0xff, 0xbe, 0xf7,
    0xbf, 0xff, 0xbe, 0xf7, 0xbf, 0xff, 0xbf, 0xff, 0xbe, 0xf7, 0xbf, 0xff,
    0xbf, 0xff, 0xde, 0xf7, 0xbf, 0xff, 0xbf, 0xff, 0xbf, 0xf7, 0xde, 0xff,
    0xbf, 0xf7, 0xbf, 0xff, 0xbe, 0xff, 0xbe, 0xf7, 0xdf, 0xf7, 0xbf, 0xff,
    0x28, 0x42, 0x41, 0x08, 0x21, 0x00, 0x41, 0x08, 0x21, 0x08, 0x41, 0x08,
    0x41, 0x08, 0x41, 0x08, 0xbf, 0xf7, 0xde, 0xf7, 0xdf, 0xff, 0xbe, 0xff,
    0xdf, 0xff, 0xdf, 0xf7, 0xbf, 0xff, 0xbe, 0xff, 0xbf, 0xf7, 0xbf, 0xff,
    0xde, 0xff, 0xbf, 0xf7, 0xbe, 0xff, 0xbf, 0xf7, 0xbf, 0xff, 0xbe, 0xff,
    0xbe, 0xf7, 0xbf, 0xff, 0xbf, 0xf7, 0xbe, 0xff, 0xdf, 0xff, 0xbf, 0xf7,
    0xbe, 0xff, 0x10, 0x84, 0x41, 0x00, 0x41, 0x08, 0x21, 0x00, 0x41, 0x08,
    0x41, 0x08, 0x21, 0x00, 0x41, 0x08, 0x42, 0x08, 0x21, 0x00, 0x21, 0x08,
    0x41, 0x08, 0x21, 0x00, 0x41, 0x00, 0x41, 0x08, 0x41, 0x08, 0x41, 0x00,
    0x41, 0x08, 0x21, 0x08, 0x41, 0x08, 0x42, 0x00, 0x41, 0x08, 0x41, 0x00,
    0x41, 0x08, 0x21, 0x08, 0x21, 0x00, 0x41, 0x08, 0x42, 0x08, 0xf7, 0xbd,
    0xdf, 0xf7, 0xdf, 0xff, 0xbe, 0xff, 0xdf, 0xff, 0xdf, 0xff, 0xbe, 0xf7,
    0xbf, 0xff, 0xbf, 0xf7, 0xde, 0xff, 0xbf, 0xff, 0xbf, 0xf7, 0xf7, 0xbd,
    0x21, 0x08, 0x41, 0x08, 0x41, 0x08, 0x21, 0x00, 0x42, 0x08, 0x21, 0x08,
    0x21, 0x00, 0x41, 0x08, 0x41, 0x08, 0x21, 0x08, 0x41, 0x00, 0x42, 0x08,
    0x21, 0x08, 0x41, 0x00, 0x42, 0x08, 0x21, 0x00, 0x41, 0x08, 0x41, 0x08,
    0x41, 0x00, 0x41, 0x08, 0x21, 0x08, 0x41, 0x08, 0x42, 0x08, 0x21, 0x08,
    0x41, 0x08, 0x21, 0x08, 0x21, 0x08, 0x10, 0x7c, 0xdf, 0xf7, 0xbf, 0xff,
    0xbe, 0xff, 0xbf, 0xf7, 0xbf, 0xff, 0xbe, 0xf7, 0xbf, 0xff, 0xdf, 0xff,
    0xbe, 0xf7, 0xbf, 0xff, 0xbe, 0xf7, 0xbf, 0xff, 0xde, 0xff, 0xbe, 0xf7,
    0xbf, 0xff, 0xde, 0xff, 0xbf, 0xf7, 0xbe, 0xff, 0xbf, 0xff, 0xbf, 0xff,
    0xbe, 0xf7, 0xdf, 0xf7, 0x28, 0x42, 0x21, 0x08, 0x41, 0x00, 0x41, 0x00,
    0x41, 0x08, 0x21, 0x08, 0x28, 0x42, 0xdf, 0xf7, 0xbf, 0xff, 0xbe, 0xff,
    0xdf, 0xff, 0xdf, 0xff, 0xde, 0xf7, 0xbf, 0xf7, 0xbe, 0xff, 0xbf, 0xf7,
    0xde, 0xff, 0xbf, 0xff, 0xbf, 0xf7, 0xbe, 0xff, 0xbf, 0xf7, 0xbf, 0xf7,
    0xde, 0xff, 0xbf, 0xf7, 0xbe, 0xff, 0xbf, 0xff, 0xbf, 0xf7, 0xbe, 0xff,
    0xbf, 0xff, 0xdf, 0xf7, 0x28, 0x42, 0x41, 0x08, 0x21, 0x00, 0x41, 0x08,
    0x41, 0x08, 0x41, 0x08, 0x21, 0x00, 0x41, 0x08, 0x41, 0x08, 0x22, 0x08,
    0x41, 0x08, 0x41, 0x00, 0x41, 0x08, 0x41, 0x08, 0x41, 0x08, 0x21, 0x00,
    0x41, 0x08, 0x41, 0x08, 0x41, 0x00, 0x41, 0x08, 0x21, 0x08, 0x41, 0x08,
    0x42, 0x08, 0x21, 0x08, 0x21, 0x00, 0x41, 0x08, 0x21, 0x08, 0x41, 0x08,
    0xbf, 0xf7, 0xbf, 0xf7, 0xbf, 0xff, 0xbe, 0xff, 0xbf, 0xf7, 0xbf, 0xff,
    0xbe, 0xff, 0xbf, 0xff, 0xbf, 0xf7, 0xde, 0xff, 0xbf, 0xf7, 0xbf, 0xf7,
    0xf0, 0x83, 0x41, 0x08, 0x41, 0x00, 0x21, 0x08, 0x21, 0x00, 0x41, 0x08,
    0x41, 0x08, 0x21, 0x00, 0x41, 0x08, 0x41, 0x08, 0x41, 0x08, 0x41, 0x00,
    0x22, 0x08, 0x41, 0x08, 0x21, 0x00, 0x21, 0x08, 0x41, 0x00, 0x41, 0x08,
    0x41, 0x00, 0x42, 0x00, 0x21, 0x08, 0x41, 0x00, 0x42, 0x08, 0x21, 0x08,
    0x41, 0x08, 0x21, 0x00, 0x41, 0x08, 0x41, 0x08, 0xd7, 0xbd, 0xdf, 0xff,
    0xbf, 0xff, 0xbe, 0xf7, 0xdf, 0xff, 0xde, 0xff, 0xbf, 0xf7, 0xbf, 0xff,
    0xbe, 0xf7, 0xbf, 0xff, 0xbf, 0xff, 0xde, 0xf7, 0xf7, 0xbd, 0x21, 0x08,
    0x21, 0x08, 0x41, 0x00, 0x41, 0x08, 0x21, 0x00, 0x21, 0x08, 0x41, 0x08,
    0x41, 0x08, 0x41, 0x00, 0x21, 0x08, 0x41, 0x08, 0x42, 0x00, 0x41, 0x08,
    0x41, 0x08, 0x41, 0x08, 0x21, 0x00, 0x41, 0x08, 0x41, 0x08, 0x41, 0x00,
    0x21, 0x00, 0x41, 0x08, 0x41, 0x08, 0x41, 0x08, 0x21, 0x00, 0x41, 0x08,
    0x21, 0x08, 0x21, 0x08, 0x10, 0x7c, 0xdf, 0xf7, 0xbf, 0xff, 0xbe, 0xff,
    0xdf, 0xf7, 0xbf, 0xff, 0xde, 0xff, 0xbf, 0xf7, 0xdf, 0xff, 0xde, 0xf7,
    0xbe, 0xff, 0xbf, 0xf7, 0xdf, 0xff, 0xbe, 0xff, 0xbf, 0xf7, 0xbe, 0xff,
    0xbf, 0xff, 0xdf, 0xf7, 0xbe, 0xff, 0xbf, 0xff, 0xdf, 0xff, 0xde, 0xf7,
    0xbf, 0xf7, 0x28, 0x42, 0x41, 0x08, 0x21, 0x08, 0x41, 0x08, 0x41, 0x08,
    0x41, 0x08, 0x41, 0x00, 0x41, 0x08, 0xbf, 0xf7, 0xbf, 0xff, 0xdf, 0xff,
    0xbe, 0xf7, 0xbf, 0xff, 0xbe, 0xf7, 0xdf, 0xf7, 0xbf, 0xff, 0xbe, 0xff,
    0xdf, 0xf7, 0xbf, 0xff, 0xbe, 0xff, 0xdf, 0xf7, 0xbe, 0xff, 0xdf, 0xf7,
    0xdf, 0xff, 0xbe, 0xff, 0xbf, 0xf7, 0xde, 0xff, 0xbf, 0xff, 0xbe, 0xf7,
    0xdf, 0xff, 0xdf, 0xf7, 0xf0, 0x83, 0x21, 0x08, 0x41, 0x08, 0x41, 0x00,
    0x21, 0x08, 0x41, 0x08, 0x41, 0x00, 0x21, 0x08, 0x41, 0x08, 0x41, 0x08,
    0x42, 0x08, 0x41, 0x08, 0x41, 0x08, 0x22, 0x08, 0x41, 0x00, 0x41, 0x08,
    0x21, 0x08, 0x42, 0x00, 0x41, 0x08, 0x21, 0x08, 0x41, 0x08, 0x21, 0x08,
    0x41, 0x08, 0x42, 0x00, 0x41, 0x08, 0x21, 0x00, 0x41, 0x08, 0x41, 0x08,
    0xf7, 0xbd, 0xbf, 0xf7, 0xbf, 0xff, 0xbf, 0xff, 0xbf, 0xf7, 0xbf, 0xf7,
    0xbf, 0xff, 0xbe, 0xff, 0xbf, 0xf7, 0xbf, 0xff, 0xde, 0xff, 0xdf, 0xf7,
    0xd7, 0xbd, 0x21, 0x08, 0x41, 0x08, 0x41, 0x00, 0x21, 0x08, 0x41, 0x08,
    0x41, 0x08, 0x41, 0x00, 0x42, 0x08, 0x21, 0x08, 0x41, 0x08, 0x41, 0x08,
    0x41, 0x08, 0x21, 0x08, 0x41, 0x08, 0x41, 0x00, 0x41, 0x08, 0x41, 0x08,
    0x41, 0x08, 0x41, 0x08, 0x42, 0x00, 0x41, 0x08, 0x41, 0x08, 0x41, 0x00,
    0x21, 0x00, 0x41, 0x08, 0x41, 0x08, 0x21, 0x08, 0xf0, 0x83, 0xdf, 0xf7,
    0xbf, 0xff, 0xbe, 0xff, 0xdf, 0xf7, 0xbf, 0xff, 0xbe, 0xff, 0xbf, 0xf7,
    0xbe, 0xff, 0xdf, 0xff, 0xbf, 0xf7, 0xbe, 0xff, 0xdf, 0xff, 0xbf, 0xf7,
    0xbf, 0xff, 0xbe, 0xff, 0xbf, 0xf7, 0xde, 0xf7, 0xdf, 0xff, 0xdf, 0xff,
    0xbf, 0xff, 0xbf, 0xf7, 0xdf, 0xff, 0x28, 0x42, 0x21, 0x08, 0x41, 0x08,
    0x21, 0x08, 0x41, 0x08, 0x21, 0x00, 0x28, 0x42, 0xbf, 0xff, 0xdf, 0xff,
    0xbe, 0xf7, 0xbf, 0xf7, 0xdf, 0xf7, 0xde, 0xff, 0xbf, 0xff, 0xbf, 0xf7,
    0xbe, 0xff, 0xbf, 0xff, 0xde, 0xf7, 0xbf, 0xff, 0xde, 0xff, 0xbf, 0xff,
    0xbe, 0xf7, 0xdf, 0xff, 0xbf, 0xf7, 0xbe, 0xf7, 0xde, 0xff, 0xdf, 0xff,
    0xbe, 0xf7, 0xbf, 0xff, 0xde, 0xf7, 0x28, 0x42, 0x41, 0x08, 0x21, 0x08,
    0x21, 0x00, 0x41, 0x08, 0x41, 0x08, 0x21, 0x00, 0x41, 0x08, 0x41, 0x08,
    0x41, 0x00, 0x21, 0x08, 0x41, 0x08, 0x22, 0x08, 0x41, 0x08, 0x41, 0x08,
    0x41, 0x08, 0x21, 0x08, 0x41, 0x00, 0x21, 0x08, 0x42, 0x08, 0x41, 0x00,
    0x21, 0x08, 0x41, 0x08, 0x21, 0x00, 0x41, 0x08, 0x41, 0x08, 0x21, 0x00,
    0x41, 0x08, 0xdf, 0xff, 0xde, 0xf7, 0xbf, 0xff, 0xdf, 0xff, 0xde, 0xf7,
    0xbf, 0xf7, 0xde, 0xff, 0xbf, 0xff, 0xbf, 0xff, 0xde, 0xff, 0xbf, 0xff,
    0xdf, 0xf7, 0xf0, 0x83, 0x41, 0x08, 0x41, 0x08, 0x21, 0x00, 0x41, 0x08,
    0x41, 0x08, 0x21, 0x08, 0x42, 0x08, 0x41, 0x00, 0x21, 0x08, 0x41, 0x08,
    0x41, 0x08, 0x41, 0x08, 0x41, 0x08, 0x41, 0x08, 0x42, 0x08, 0x41, 0x08,
    0x21, 0x08, 0x41, 0x08, 0x41, 0x08, 0x41, 0x08, 0x41, 0x08, 0x41, 0x00,
    0x21, 0x00, 0x41, 0x08, 0x41, 0x08, 0x42, 0x08, 0x41, 0x00, 0xd7, 0xbd,
    0xdf, 0xff, 0xbf, 0xf7, 0xbe, 0xff, 0xbf, 0xff, 0xbf, 0xf7, 0xbe, 0xff,
    0xdf, 0xff, 0xbe, 0xf7, 0xbf, 0xff, 0xbf, 0xff, 0xde, 0xf7, 0xf7, 0xbd,
    0x21, 0x08, 0x41, 0x00, 0x21, 0x08, 0x41, 0x08, 0x41, 0x08, 0x21, 0x00,
    0x41, 0x08, 0x41, 0x08, 0x21, 0x08, 0x41, 0x00, 0x41, 0x08, 0x21, 0x08,
    0x21, 0x00, 0x41, 0x08, 0x41, 0x08, 0x41, 0x00, 0x42, 0x08, 0x41, 0x08,
    0x41, 0x08, 0x42, 0x08, 0x21, 0x00, 0x41, 0x08, 0x41, 0x08, 0x41, 0x08,
    0x41, 0x08, 0x21, 0x00, 0x21, 0x08, 0x10, 0x84, 0xde, 0xf7, 0xbf, 0xff,
    0xbf, 0xf7, 0xbe, 0xff, 0xdf, 0xff, 0xbf, 0xf7, 0xbe, 0xff, 0xbf, 0xff,
    0xbf, 0xf7, 0xbe, 0xff, 0xbf, 0xff, 0xbf, 0xf7, 0xde, 0xff, 0xbf, 0xf7,
    0xbf, 0xff, 0xde, 0xff, 0xbf, 0xf7, 0xbf, 0xf7, 0xbe, 0xff, 0xbf, 0xff,
    0xdf, 0xf7, 0xbe, 0xff, 0x28, 0x42, 0x41, 0x08, 0x21, 0x00, 0x41, 0x08,
    0x41, 0x00, 0x41, 0x08, 0x21, 0x08, 0x41, 0x08, 0xbf, 0xf7, 0xbf, 0xff,
    0xbe, 0xff, 0xdf, 0xff, 0xbf, 0xff, 0xde, 0xf7, 0xdf, 0xf7, 0xbf, 0xff,
    0xbe, 0xff, 0xbf, 0xf7, 0xbf, 0xff, 0xbe, 0xff, 0xbf, 0xf7, 0xbf, 0xff,
    0xbe, 0xff, 0xbf, 0xf7, 0xbf, 0xff, 0xde, 0xf7, 0xbf, 0xff, 0xbf, 0xf7,
    0xbe, 0xff, 0xbf, 0xff, 0xbf, 0xf7, 0x10, 0x7c, 0x21, 0x08, 0x41, 0x08,
    0x21, 0x00, 0x21, 0x08, 0x41, 0x08, 0x42, 0x08, 0x41, 0x00, 0x41, 0x08,
    0x41, 0x08, 0x21, 0x00, 0x41, 0x00, 0x41, 0x08, 0x41, 0x08, 0x21, 0x08,
    0x41, 0x08, 0x41, 0x08, 0x41, 0x00, 0x41, 0x08, 0x41, 0x08, 0x41, 0x00,
    0x41, 0x08, 0x21, 0x08, 0x41, 0x08, 0x41, 0x08, 0x21, 0x08, 0x41, 0x08,
    0x41, 0x08, 0xf7, 0xbd, 0xbf, 0xf7, 0xde, 0xf7, 0xde, 0xff, 0xbf, 0xf7,
    0xdf, 0xff, 0xbe, 0xff, 0xdf, 0xf7, 0xbf, 0xff, 0xbe, 0xf7, 0xbf, 0xff,
    0xbf, 0xff, 0xf7, 0xbd, 0x21, 0x08, 0x41, 0x00, 0x41, 0x08, 0x21, 0x00,
    0x41, 0x08, 0x41, 0x08, 0x41, 0x08, 0x41, 0x00, 0x41, 0x08, 0x41, 0x00,
    0x41, 0x08, 0x41, 0x00, 0x41, 0x08, 0x21, 0x08, 0x41, 0x08, 0x41, 0x08,
    0x22, 0x00, 0x21, 0x08, 0x41, 0x08, 0x21, 0x00, 0x41, 0x08, 0x41, 0x08,
    0x21, 0x08, 0x21, 0x00, 0x41, 0x08, 0x41, 0x00, 0x21, 0x00, 0x10, 0x84,
    0xdf, 0xf7, 0xbe, 0xff, 0xbf, 0xff, 0xde, 0xf7, 0xbf, 0xff, 0xdf, 0xff,
    0xbe, 0xf7, 0xbf, 0xff, 0xdf, 0xff, 0xbe, 0xf7, 0xbf, 0xff, 0xbf, 0xf7,
    0xbe, 0xff, 0xdf, 0xff, 0xbf, 0xf7, 0xbf, 0xff, 0xbf, 0xff, 0xbe, 0xf7,
    0xbe, 0xf7, 0xdf, 0xff, 0xbe, 0xff, 0xdf, 0xf7, 0x28, 0x42, 0x41, 0x08,
    0x42, 0x08, 0x21, 0x00, 0x41, 0x08, 0x41, 0x08, 0x28, 0x42, 0xbf, 0xf7,
    0xbf, 0xff, 0xbe, 0xff, 0xdf, 0xff, 0xbf, 0xff, 0xbe, 0xf7, 0xbf, 0xff,
    0xdf, 0xff, 0xbe, 0xf7, 0xbf, 0xff, 0xbf, 0xf7, 0xbe, 0xf7, 0xbf, 0xff,
    0xdf, 0xff, 0xbe, 0xff, 0xbf, 0xff, 0xbf, 0xff, 0xbf, 0xf7, 0xbf, 0xff,
    0xbe, 0xff, 0xbf, 0xf7, 0xbf, 0xff, 0xbf, 0xff, 0x28, 0x42, 0x41, 0x08,
    0x21, 0x08, 0x41, 0x00, 0x41, 0x08, 0x42, 0x08, 0x21, 0x00, 0x41, 0x08,
    0x41, 0x08, 0x41, 0x08, 0x41, 0x00, 0x41, 0x08, 0x41, 0x00, 0x21, 0x00,
    0x41, 0x08, 0x42, 0x08, 0x41, 0x00, 0x41, 0x08, 0x41, 0x08, 0x41, 0x08,
    0x41, 0x00, 0x41, 0x08, 0x41, 0x08, 0x21, 0x00, 0x41, 0x08, 0x41, 0x08,
    0x21, 0x00, 0x41, 0x08, 0xdf, 0xf7, 0xbe, 0xf7, 0xbf, 0xff, 0xbf, 0xff,
    0xbe, 0xff, 0xbf, 0xf7, 0xdf, 0xf7, 0xbe, 0xff, 0xbf, 0xf7, 0xbe, 0xf7,
    0xbe, 0xff, 0xdf, 0xf7, 0x10, 0x7c, 0x41, 0x08, 0x41, 0x08, 0x21, 0x00,
    0x41, 0x08, 0x41, 0x08, 0x41, 0x00, 0x41, 0x08, 0x41, 0x08, 0x22, 0x00,
    0x41, 0x08, 0x41, 0x08, 0x21, 0x00, 0x41, 0x00, 0x41, 0x08, 0x41, 0x08,
    0x41, 0x00, 0x21, 0x08, 0x42, 0x08, 0x41, 0x00, 0x21, 0x08, 0x41, 0x08,
    0x41, 0x08, 0x21, 0x00, 0x41, 0x08, 0x21, 0x08, 0x41, 0x08, 0x41, 0x08,
    0xd7, 0xbd, 0xdf, 0xf7, 0xdf, 0xff, 0xbe, 0xff, 0xbf, 0xf7, 0xbf, 0xff,
    0xde, 0xff, 0xbf, 0xf7, 0xbf, 0xff, 0xde, 0xf7, 0xbf, 0xff, 0xbf, 0xf7,
    0xf7, 0xbd, 0x21, 0x08, 0x41, 0x00, 0x21, 0x08, 0x41, 0x08, 0x21, 0x00,
    0x41, 0x08, 0x41, 0x08, 0x42, 0x00, 0x41, 0x08, 0x41, 0x08, 0x41, 0x08,
    0x41, 0x08, 0x41, 0x08, 0x22, 0x00, 0x41, 0x08, 0x41, 0x08, 0x21, 0x08,
    0x21, 0x08, 0x41, 0x08, 0x41, 0x08, 0x41, 0x08, 0x21, 0x00, 0x42, 0x08,
    0x41, 0x08, 0x41, 0x00, 0x41, 0x00, 0x21, 0x08, 0x10, 0x84, 0xde, 0xf7,
    0xbf, 0xff, 0xbf, 0xff, 0xbe, 0xf7, 0xbf, 0xff, 0xbf, 0xf7, 0xbe, 0xff,
    0xbf, 0xff, 0xdf, 0xf7, 0xbe, 0xff, 0xbf, 0xff, 0xde, 0xf7, 0xbf, 0xff,
    0xbf, 0xff, 0xde, 0xf7, 0xbe, 0xff, 0xbf, 0xff, 0xdf, 0xf7, 0xbe, 0xff,
    0xbf, 0xff, 0xdf, 0xf7, 0xbf, 0xff, 0x28, 0x42, 0x41, 0x08, 0x21, 0x00,
    0x41, 0x08, 0x41, 0x08, 0x41, 0x08, 0x41, 0x08, 0x41, 0x08, 0xdf, 0xf7,
    0xdf, 0xff, 0xbf, 0xff, 0xbe, 0xf7, 0xbf, 0xff, 0xdf, 0xff, 0xbe, 0xf7,
    0xbf, 0xff, 0xde, 0xf7, 0xbf, 0xff, 0xde, 0xf7, 0xbf, 0xff, 0xbf, 0xff,
    0xde, 0xf7, 0xbf, 0xff, 0xbf, 0xff, 0xbe, 0xf7, 0xbf, 0xff, 0xbf, 0xff,
    0xde, 0xf7, 0xbf, 0xff, 0xbe, 0xff, 0xbe, 0xff, 0x10, 0x84, 0x41, 0x00,
    0x41, 0x08, 0x21, 0x08, 0x41, 0x00, 0x41, 0x08, 0x41, 0x08, 0x21, 0x08,
    0x41, 0x00, 0x41, 0x08, 0x21, 0x08, 0x41, 0x08, 0x41, 0x00, 0x21, 0x08,
    0x41, 0x08, 0x42, 0x00, 0x21, 0x08, 0x41, 0x08, 0x21, 0x08, 0x42, 0x00,
    0x41, 0x08, 0x41, 0x08, 0x42, 0x00, 0x41, 0x08, 0x41, 0x08, 0x41, 0x00,
    0x41, 0x08, 0x41, 0x08, 0xd7, 0xbd, 0xbf, 0xff, 0xbf, 0xff, 0xdf, 0xff,
    0xbe, 0xff, 0xbe, 0xff, 0xbf, 0xf7, 0xbf, 0xff, 0xde, 0xff, 0xbf, 0xf7,
    0xbe, 0xf7, 0xbf, 0xff, 0xf7, 0xbd, 0x41, 0x00, 0x41, 0x08, 0x41, 0x08,
    0x21, 0x08, 0x42, 0x00, 0x21, 0x08, 0x21, 0x08, 0x41, 0x08, 0x41, 0x08,
    0x22, 0x08, 0x21, 0x00, 0x41, 0x08, 0x42, 0x08, 0x41, 0x00, 0x21, 0x08,
    0x41, 0x08, 0x41, 0x00, 0x41, 0x08, 0x41, 0x08, 0x41, 0x08, 0x21, 0x08,
    0x42, 0x08, 0x41, 0x08, 0x21, 0x08, 0x41, 0x08, 0x21, 0x00, 0x41, 0x08,
    0xf0, 0x83, 0xdf, 0xf7, 0xbf, 0xff, 0xbe, 0xf7, 0xbf, 0xff, 0xbe, 0xff,
    0xbf, 0xf7, 0xdf, 0xff, 0xbe, 0xf7, 0xbf, 0xff, 0xbe, 0xff, 0xdf, 0xf7,
    0xbf, 0xff, 0xbe, 0xff, 0xde, 0xf7, 0xbf, 0xff, 0xbe, 0xff, 0xbf, 0xff,
    0xdf, 0xff, 0xbf, 0xf7, 0xde, 0xff, 0xbf, 0xff, 0xdf, 0xff, 0x28, 0x42,
    0x21, 0x08, 0x41, 0x08, 0x41, 0x08, 0x41, 0x08, 0x21, 0x08, 0x28, 0x42,
    0xdf, 0xf7, 0xbf, 0xff, 0xbe, 0xff, 0xdf, 0xf7, 0xdf, 0xf7, 0xbe, 0xff,
    0xbf, 0xff, 0xbf, 0xf7, 0xde, 0xff, 0xbf, 0xff, 0xbf, 0xff, 0xde, 0xf7,
    0xbf, 0xff, 0xbf, 0xf7, 0xbe, 0xf7, 0xde, 0xff, 0xbf, 0xff, 0xde, 0xf7,
    0xbf, 0xff, 0xbf, 0xff, 0xde, 0xf7, 0xbf, 0xff, 0xdf, 0xf7, 0x28, 0x42,
    0x41, 0x08, 0x21, 0x00, 0x21, 0x08, 0x41, 0x08, 0x41, 0x08, 0x21, 0x00,
    0x41, 0x08, 0x22, 0x08, 0x21, 0x08, 0x41, 0x08, 0x42, 0x08, 0x41, 0x08,
    0x21, 0x08, 0x41, 0x08, 0x41, 0x00, 0x21, 0x08, 0x42, 0x08, 0x21, 0x08,
    0x41, 0x00, 0x21, 0x08, 0x41, 0x08, 0x41, 0x08, 0x21, 0x00, 0x21, 0x08,
    0x41, 0x08, 0x21, 0x00, 0x41, 0x08, 0xbf, 0xff, 0xdf, 0xf7, 0xbe, 0xff,
    0xbf, 0xf7, 0xbe, 0xff, 0xbf, 0xff, 0xbf, 0xff, 0xde, 0xf7, 0xbf, 0xff,
    0xbf, 0xff, 0xbf, 0xff, 0xde, 0xf7, 0xf0, 0x83, 0x41, 0x08, 0x41, 0x08,
    0x21, 0x00, 0x21, 0x08, 0x41, 0x08, 0x41, 0x00, 0x21, 0x08, 0x41, 0x08,
    0x41, 0x08, 0x41, 0x00, 0x21, 0x08, 0x42, 0x08, 0x41, 0x08, 0x21, 0x08,
    0x41, 0x00, 0x41, 0x08, 0x41, 0x08, 0x41, 0x00, 0x21, 0x08, 0x41, 0x08,
    0x42, 0x08, 0x21, 0x08, 0x21, 0x08, 0x41, 0x08, 0x21, 0x00, 0x41, 0x08,
    0x41, 0x08, 0xd7, 0xbd, 0xbf, 0xf7, 0xbf, 0xff, 0xde, 0xf7, 0xbf, 0xff,
    0xbe, 0xf7, 0xdf, 0xff, 0xbf, 0xff, 0xbe, 0xf7, 0xdf, 0xff, 0xde, 0xf7,
    0xbf, 0xff, 0xf7, 0xbd, 0x21, 0x08, 0x21, 0x08, 0x41, 0x00, 0x41, 0x08,
    0x21, 0x00, 0x21, 0x08, 0x41, 0x08, 0x41, 0x00, 0x21, 0x08, 0x42, 0x08,
    0x21, 0x00, 0x41, 0x08, 0x41, 0x08, 0x41, 0x08, 0x21, 0x08, 0x41, 0x00,
    0x41, 0x08, 0x41, 0x00, 0x21, 0x00, 0x41, 0x08, 0x41, 0x08, 0x41, 0x08,
    0x21, 0x00, 0x41, 0x08, 0x41, 0x08, 0x21, 0x08, 0x41, 0x00, 0x10, 0x84,
    0xbf, 0xf7, 0xbe, 0xff, 0xdf, 0xff, 0xbe, 0xf7, 0xbf, 0xff, 0xde, 0xff,
    0xbf, 0xf7, 0xde, 0xff, 0xbf, 0xf7, 0xbf, 0xff, 0xde, 0xf7, 0xbf, 0xff,
    0xbf, 0xff, 0xbe, 0xf7, 0xbf, 0xf7, 0xbf, 0xff, 0xbe, 0xff, 0xdf, 0xf7,
    0xbf, 0xff, 0xbe, 0xf7, 0xdf, 0xf7, 0xbf, 0xff, 0x28, 0x42, 0x41, 0x08,
    0x21, 0x08, 0x41, 0x08, 0x41, 0x08, 0x42, 0x08, 0x41, 0x00, 0x21, 0x08,
    0xbf, 0xf7, 0xde, 0xf7, 0xdf, 0xf7, 0xbf, 0xff, 0xdf, 0xff, 0xbe, 0xf7,
    0xdf, 0xff, 0xbf, 0xff, 0xbe, 0xff, 0xbf, 0xf7, 0xbf, 0xff, 0xde, 0xf7,
    0xbf, 0xff, 0xbe, 0xf7, 0xdf, 0xff, 0xbf, 0xff, 0xde, 0xf7, 0xbf, 0xff,
    0xbf, 0xff, 0xde, 0xf7, 0xbf, 0xf7, 0xbf, 0xff, 0xbf, 0xf7, 0x10, 0x84,
    0x21, 0x08, 0x41, 0x08, 0x41, 0x00, 0x21, 0x08, 0x41, 0x08, 0x41, 0x00,
    0x21, 0x08, 0x42, 0x08, 0x41, 0x08, 0x41, 0x08, 0x42, 0x08, 0x41, 0x08,
    0x41, 0x00, 0x41, 0x08, 0x41, 0x08, 0x41, 0x00, 0x21, 0x08, 0x41, 0x08,
    0x21, 0x08, 0x41, 0x08, 0x21, 0x08, 0x41, 0x00, 0x41, 0x08, 0x21, 0x08,
    0x21, 0x00, 0x42, 0x08, 0x41, 0x08, 0xf7, 0xbd, 0xdf, 0xf7, 0xbf, 0xf7,
    0xbf, 0xff, 0xdf, 0xff, 0xdf, 0xf7, 0xbe, 0xff, 0xbf, 0xff, 0xbf, 0xff,
    0xde, 0xff, 0xbf, 0xf7, 0xbf, 0xff, 0xf7, 0xbd, 0x21, 0x00, 0x41, 0x08,
    0x41, 0x08, 0x21, 0x00, 0x41, 0x08, 0x41, 0x08, 0x41, 0x00, 0x42, 0x08,
    0x41, 0x08, 0x41, 0x08, 0x41, 0x08, 0x21, 0x08, 0x41, 0x08, 0x41, 0x00,
    0x41, 0x08, 0x42, 0x08, 0x41, 0x08, 0x21, 0x08, 0x42, 0x00, 0x41, 0x08,
    0x41, 0x00, 0x41, 0x00, 0x41, 0x08, 0x21, 0x00, 0x41, 0x08, 0x41, 0x08,
    0x21, 0x08, 0xf0, 0x7b, 0xdf, 0xf7, 0xbe, 0xff, 0xbf, 0xff, 0xdf, 0xf7,
    0xbe, 0xff, 0xbf, 0xff, 0xbe, 0xf7, 0xbf, 0xff, 0xbf, 0xf7, 0xde, 0xff,
    0xbf, 0xff, 0xbf, 0xf7, 0xbe, 0xff, 0xbf, 0xf7, 0xdf, 0xf7, 0xbe, 0xff,
    0xbe, 0xf7, 0xbf, 0xff, 0xbf, 0xff, 0xdf, 0xff, 0xbf, 0xf7, 0xbf, 0xf7,
    0x28, 0x42, 0x41, 0x08, 0x41, 0x00, 0x21, 0x00, 0x41, 0x08, 0x21, 0x08,
    0x28, 0x42, 0xdf, 0xf7, 0xbf, 0xff, 0xbe, 0xff, 0xdf, 0xff, 0xdf, 0xff,
    0xde, 0xf7, 0xbf, 0xff, 0xbe, 0xf7, 0xbf, 0xff, 0xbf, 0xff, 0xde, 0xf7,
    0xbf, 0xff, 0xbf, 0xff, 0xbe, 0xf7, 0xdf, 0xff, 0xbf, 0xff, 0xbe, 0xf7,
    0xbf, 0xff, 0xde, 0xf7, 0xbf, 0xff, 0xbe, 0xff, 0xbe, 0xf7, 0xdf, 0xf7,
    0x28, 0x42, 0x41, 0x08, 0x21, 0x08, 0x21, 0x00, 0x41, 0x08, 0x41, 0x08,
    0x21, 0x00, 0x41, 0x08, 0x41, 0x08, 0x41, 0x00, 0x21, 0x08, 0x41, 0x08,
    0x41, 0x00, 0x41, 0x08, 0x42, 0x08, 0x21, 0x08, 0x41, 0x08, 0x41, 0x00,
    0x41, 0x08, 0x21, 0x08, 0x42, 0x08, 0x41, 0x08, 0x41, 0x00, 0x21, 0x08,
    0x41, 0x08, 0x41, 0x08, 0x21, 0x00, 0x41, 0x08, 0xdf, 0xff, 0xbf, 0xf7,
    0xbe, 0xff, 0xdf, 0xff, 0xdf, 0xf7, 0xbe, 0xff, 0xbf, 0xff, 0xbf, 0xf7,
    0xde, 0xff, 0xbf, 0xff, 0xbf, 0xf7, 0xdf, 0xf7, 0xf0, 0x83, 0x41, 0x08,
    0x41, 0x08, 0x21, 0x00, 0x21, 0x08, 0x42, 0x08, 0x41, 0x08, 0x41, 0x08,
    0x22, 0x08, 0x41, 0x08, 0x41, 0x08, 0x41, 0x00, 0x41, 0x08, 0x41, 0x08,
    0x22, 0x08, 0x41, 0x08, 0x21, 0x08, 0x42, 0x08, 0x41, 0x08, 0x41, 0x08,
    0x41, 0x00, 0x41, 0x00, 0x41, 0x08, 0x21, 0x00, 0x42, 0x08, 0x41, 0x00,
    0x41, 0x08, 0x41, 0x08, 0xd7, 0xbd, 0xdf, 0xff, 0xbf, 0xf7, 0xbe, 0xff,
    0xbf, 0xff, 0xbf, 0xf7, 0xbe, 0xff, 0xbf, 0xff, 0xbf, 0xf7, 0xbe, 0xff,
    0xbf, 0xff, 0xdf, 0xf7, 0xf7, 0xbd, 0x21, 0x08, 0x41, 0x00, 0x41, 0x08,
    0x41, 0x08, 0x21, 0x00, 0x21, 0x08, 0x41, 0x08, 0x41, 0x08, 0x41, 0x08,
    0x21, 0x08, 0x41, 0x00, 0x41, 0x08, 0x42, 0x08, 0x41, 0x00, 0x41, 0x08,
    0x42, 0x08, 0x41, 0x08, 0x41, 0x08, 0x42, 0x08, 0x21, 0x00, 0x41, 0x08,
    0x42, 0x08, 0x41, 0x08, 0x21, 0x08, 0x41, 0x08, 0x21, 0x00, 0x21, 0x08,
    0x10, 0x84, 0xbf, 0xf7, 0xbe, 0xff, 0xdf, 0xf7, 0xbf, 0xff, 0xbe, 0xff,
    0xdf, 0xf7, 0xbf, 0xff, 0xbe, 0xff, 0xbf, 0xff, 0xbf, 0xf7, 0xbe, 0xff,
    0xbf, 0xff, 0xde, 0xf7, 0xbf, 0xff, 0xbf, 0xff, 0xde, 0xf7, 0xbf, 0xff,
    0xbe, 0xff, 0xbf, 0xff, 0xbe, 0xff, 0xde, 0xf7, 0xbf, 0xf7, 0x28, 0x42,
    0x41, 0x08, 0x21, 0x00, 0x41, 0x08, 0x41, 0x08, 0x21, 0x08, 0x41, 0x08,
    0x41, 0x08, 0xbf, 0xf7, 0xbf, 0xff, 0xde, 0xff, 0xbf, 0xff, 0xbe, 0xf7,
    0xde, 0xf7, 0xdf, 0xf7, 0xbf, 0xff, 0xbe, 0xff, 0xbf, 0xf7, 0xbf, 0xff,
    0xde, 0xff, 0xbf, 0xf7, 0xbf, 0xff, 0xbe, 0xf7, 0xbf, 0xff, 0xde, 0xf7,
    0xbf, 0xff, 0xbf, 0xff, 0xbe, 0xf7, 0xdf, 0xff, 0xbf, 0xff, 0xde, 0xf7,
    0x10, 0x7c, 0x21, 0x08, 0x41, 0x08, 0x21, 0x00, 0x21, 0x08, 0x41, 0x08,
    0x41, 0x08, 0x41, 0x00, 0x21, 0x08, 0x41, 0x00, 0x21, 0x08, 0x41, 0x08,
    0x21, 0x08, 0x42, 0x08, 0x21, 0x08, 0x41, 0x08, 0x41, 0x08, 0x42, 0x00,
    0x41, 0x08, 0x41, 0x08, 0x41, 0x00, 0x21, 0x08, 0x41, 0x08, 0x42, 0x00,
    0x41, 0x08, 0x21, 0x00, 0x41, 0x08, 0x41, 0x08, 0xf7, 0xbd, 0xbf, 0xf7,
    0xdf, 0xff, 0xde, 0xff, 0xbf, 0xf7, 0xbf, 0xff, 0xbe, 0xf7, 0xbf, 0xf7,
    0xbe, 0xff, 0xdf, 0xff, 0xbf, 0xf7, 0xde, 0xf7, 0xd7, 0xbd, 0x21, 0x08,
    0x41, 0x08, 0x41, 0x08, 0x21, 0x00, 0x41, 0x08, 0x41, 0x08, 0x41, 0x08,
    0x21, 0x00, 0x41, 0x08, 0x41, 0x00, 0x41, 0x08, 0x41, 0x08, 0x21, 0x00,
    0x41, 0x08, 0x41, 0x08, 0x21, 0x00, 0x41, 0x08, 0x41, 0x08, 0x21, 0x08,
    0x41, 0x08, 0x41, 0x08, 0x21, 0x08, 0x41, 0x08, 0x21, 0x00, 0x42, 0x08,
    0x41, 0x08, 0x21, 0x00, 0x10, 0x84, 0xdf, 0xff, 0xbe, 0xff, 0xbf, 0xf7,
    0xbf, 0xff, 0xde, 0xf7, 0xbf, 0xff, 0xdf, 0xff, 0xbe, 0xf7, 0xbf, 0xff,
    0xdf, 0xf7, 0xbe, 0xff, 0xbf, 0xff, 0xdf, 0xf7, 0xbf, 0xff, 0xbf, 0xff,
    0xdf, 0xf7, 0xbe, 0xff, 0xdf, 0xff, 0xdf, 0xff, 0xbe, 0xf7, 0xde, 0xf7,
    0xdf, 0xff, 0x28, 0x42, 0x41, 0x08, 0x41, 0x08, 0x21, 0x08, 0x41, 0x08,
    0x21, 0x00, 0x28, 0x42, 0xbf, 0xff, 0xdf, 0xff, 0xbf, 0xf7, 0xbe, 0xf7,
    0xbf, 0xf7, 0xdf, 0xff, 0xbe, 0xff, 0xbf, 0xf7, 0xdf, 0xf7, 0xbe, 0xff,
    0xbf, 0xf7, 0xbf, 0xff, 0xde, 0xff, 0xbf, 0xf7, 0xbf, 0xff, 0xbf, 0xff,
    0xbf, 0xf7, 0xbe, 0xff, 0xbf, 0xff, 0xdf, 0xf7, 0xbf, 0xff, 0xbf, 0xff,
    0xbf, 0xff, 0x28, 0x42, 0x41, 0x08, 0x21, 0x08, 0x41, 0x00, 0x41, 0x08,
    0x42, 0x08, 0x21, 0x00, 0x41, 0x08, 0x41, 0x08, 0x41, 0x00, 0x41, 0x08,
    0x21, 0x08, 0x41, 0x00, 0x41, 0x08, 0x21, 0x08, 0x41, 0x00, 0x41, 0x08,
    0x41, 0x08, 0x41, 0x00, 0x41, 0x08, 0x41, 0x08, 0x41, 0x00, 0x42, 0x08,
    0x21, 0x00, 0x41, 0x08, 0x41, 0x08, 0x21, 0x00, 0x41, 0x08, 0xdf, 0xf7,
    0xbf, 0xf7, 0xbe, 0xff, 0xbf, 0xff, 0xbf, 0xf7, 0xbe, 0xff, 0xdf, 0xf7,
    0xbe, 0xff, 0xbe, 0xf7, 0xbf, 0xff, 0xbe, 0xff, 0xdf, 0xf7, 0xf0, 0x83,
    0x41, 0x08, 0x41, 0x00, 0x21, 0x08, 0x41, 0x00, 0x41, 0x08, 0x41, 0x00,
    0x41, 0x08, 0x41, 0x00, 0x21, 0x08, 0x41, 0x08, 0x41, 0x08, 0x21, 0x00,
    0x41, 0x08, 0x41, 0x00, 0x41, 0x08, 0x41, 0x00, 0x21, 0x00, 0x41, 0x08,
    0x21, 0x08, 0x41, 0x08, 0x41, 0x08, 0x41, 0x08, 0x21, 0x00, 0x41, 0x08,
    0x21, 0x08, 0x41, 0x00, 0x41, 0x08, 0xd7, 0xbd, 0xdf, 0xff, 0xbf, 0xff,
    0xbe, 0xf7, 0xdf, 0xff, 0xdf, 0xff, 0xbe, 0xf7, 0xbe, 0xff, 0xdf, 0xff,
    0xbf, 0xf7, 0xbe, 0xff, 0xdf, 0xf7, 0xd7, 0xbd, 0x21, 0x08, 0x41, 0x00,
    0x21, 0x08, 0x41, 0x08, 0x41, 0x00, 0x21, 0x08, 0x41, 0x08, 0x42, 0x00,
    0x41, 0x08, 0x41, 0x08, 0x41, 0x08, 0x21, 0x08, 0x21, 0x00, 0x41, 0x08,
    0x21, 0x08, 0x41, 0x00, 0x21, 0x08, 0x41, 0x08, 0x41, 0x08, 0x41, 0x08,
    0x21, 0x00, 0x41, 0x08, 0x41, 0x08, 0x41, 0x00, 0x42, 0x08, 0x21, 0x00,
    0x41, 0x08, 0x10, 0x84, 0xdf, 0xf7, 0xbe, 0xff, 0xbf, 0xf7, 0xbf, 0xff,
    0xbe, 0xf7, 0xbf, 0xf7, 0xbf, 0xff, 0xde, 0xf7, 0xbf, 0xff, 0xde, 0xff,
    0xbf, 0xf7, 0xbf, 0xff, 0xde, 0xf7, 0xbf, 0xff, 0xbf, 0xff, 0xde, 0xf7,
    0xbf, 0xff, 0xbf, 0xf7, 0xde, 0xf7, 0xbf, 0xff, 0xdf, 0xff, 0xbf, 0xf7,
    0x28, 0x42, 0x41, 0x08, 0x21, 0x08, 0x41, 0x08, 0x21, 0x08, 0x41, 0x00,
    0x41, 0x08, 0x41, 0x08, 0xbf, 0xf7, 0xdf, 0xff, 0xbe, 0xf7, 0xbf, 0xff,
    0xdf, 0xff, 0xbf, 0xf7, 0xbe, 0xff, 0xbf, 0xff, 0xdf, 0xf7, 0xbe, 0xff,
    0xbf, 0xff, 0xbe, 0xf7, 0xdf, 0xff, 0xbf, 0xff, 0xbe, 0xff, 0xbf, 0xf7,
    0xbf, 0xff, 0xde, 0xff, 0xbf, 0xf7, 0xbe, 0xff, 0xbf, 0xff, 0xbe, 0xff,
    0xbf, 0xff, 0x10, 0x7c, 0x21, 0x08, 0x41, 0x08, 0x41, 0x00, 0x21, 0x00,
    0x41, 0x08, 0x42, 0x08, 0x41, 0x08, 0x41, 0x08, 0x41, 0x08, 0x41, 0x00,
    0x21, 0x00, 0x41, 0x08, 0x41, 0x00, 0x41, 0x08, 0x21, 0x08, 0x41, 0x00,
    0x41, 0x08, 0x21, 0x08, 0x41, 0x00, 0x42, 0x08, 0x41, 0x08, 0x41, 0x08,
    0x41, 0x08, 0x41, 0x08, 0x21, 0x08, 0x41, 0x08, 0x41, 0x08, 0xf7, 0xbd,
    0xbf, 0xf7, 0xbe, 0xff, 0xde, 0xf7, 0xbf, 0xff, 0xdf, 0xff, 0xbe, 0xff,
    0xbf, 0xf7, 0xdf, 0xff, 0xbe, 0xff, 0xbf, 0xff, 0xbf, 0xff, 0xf7, 0xbd,
    0x21, 0x08, 0x41, 0x08, 0x41, 0x08, 0x21, 0x00, 0x42, 0x08, 0x41, 0x08,
    0x21, 0x08, 0x41, 0x08, 0x21, 0x08, 0x22, 0x00, 0x41, 0x08, 0x41, 0x08,
    0x42, 0x08, 0x21, 0x08, 0x41, 0x08, 0x41, 0x00, 0x21, 0x08, 0x41, 0x08,
    0x41, 0x00, 0x41, 0x08, 0x22, 0x08, 0x41, 0x08, 0x41, 0x08, 0x21, 0x00,
    0x41, 0x08, 0x21, 0x00, 0x41, 0x08, 0xf0, 0x83, 0xbf, 0xf7, 0xdf, 0xf7,
    0xbe, 0xff, 0xbf, 0xff, 0xbf, 0xf7, 0xbe, 0xff, 0xdf, 0xff, 0xbe, 0xf7,
    0xbf, 0xff, 0xbe, 0xff, 0xbf, 0xf7, 0xde, 0xff, 0xbe, 0xff, 0xbe, 0xff,
    0xbf, 0xff, 0xbf, 0xf7, 0xbe, 0xff, 0xbf, 0xf7, 0xbf, 0xf7, 0xdf, 0xff,
    0xbe, 0xff, 0xbf, 0xff, 0x28, 0x42, 0x21, 0x08, 0x42, 0x08, 0x41, 0x00,
    0x41, 0x08, 0x21, 0x08, 0x28, 0x42, 0xbf, 0xf7, 0xbf, 0xff, 0xbe, 0xff,
    0xdf, 0xff, 0xbf, 0xff, 0xde, 0xf7, 0xbf, 0xff, 0xbf, 0xff, 0xbe, 0xff,
    0xde, 0xff, 0xbf, 0xf7, 0xbe, 0xff, 0xbf, 0xff, 0xde, 0xf7, 0xbe, 0xff,
    0xdf, 0xf7, 0xde, 0xff, 0xbf, 0xff, 0xbf, 0xf7, 0xbe, 0xff, 0xde, 0xf7,
    0xbf, 0xff, 0xdf, 0xf7, 0x28, 0x42, 0x41, 0x08, 0x21, 0x00, 0x21, 0x08,
    0x41, 0x08, 0x41, 0x08, 0x21, 0x00, 0x41, 0x08, 0x42, 0x08, 0x21, 0x08,
    0x41, 0x08, 0x42, 0x08, 0x41, 0x08, 0x21, 0x08, 0x41, 0x00, 0x41, 0x08,
    0x22, 0x08, 0x21, 0x08, 0x41, 0x08, 0x41, 0x00, 0x21, 0x08, 0x41, 0x08,
    0x41, 0x08, 0x21, 0x00, 0x21, 0x08, 0x41, 0x08, 0x21, 0x00, 0x41, 0x08,
    0xdf, 0xff, 0xbf, 0xf7, 0xbe, 0xff, 0xdf, 0xf7, 0xbe, 0xff, 0xbf, 0xff,
    0xbf, 0xf7, 0xdf, 0xff, 0xbf, 0xff, 0xbe, 0xf7, 0xdf, 0xff, 0xde, 0xf7,
    0xf0, 0x83, 0x41, 0x08, 0x41, 0x08, 0x21, 0x00, 0x21, 0x08, 0x41, 0x08,
    0x21, 0x08, 0x41, 0x00, 0x41, 0x08, 0x41, 0x08, 0x22, 0x00, 0x41, 0x08,
    0x41, 0x08, 0x22, 0x08, 0x41, 0x08, 0x41, 0x08, 0x41, 0x08, 0x41, 0x08,
    0x21, 0x00, 0x42, 0x08, 0x41, 0x08, 0x21, 0x08, 0x42, 0x08, 0x21, 0x00,
    0x41, 0x08, 0x21, 0x08, 0x41, 0x08, 0x41, 0x00, 0xd7, 0xbd, 0xdf, 0xf7,
    0xdf, 0xff, 0xbe, 0xff, 0xbf, 0xf7, 0xbf, 0xff, 0xbe, 0xf7, 0xdf, 0xff,
    0xbf, 0xff, 0xbe, 0xf7, 0xbf, 0xff, 0xdf, 0xf7, 0xd7, 0xbd, 0x41, 0x08,
    0x21, 0x08, 0x21, 0x00, 0x41, 0x08, 0x41, 0x08, 0x21, 0x00, 0x41, 0x08,
    0x41, 0x08, 0x21, 0x00, 0x41, 0x08, 0x42, 0x08, 0x41, 0x00, 0x41, 0x08,
    0x41, 0x08, 0x41, 0x08, 0x21, 0x00, 0x41, 0x08, 0x41, 0x08, 0x21, 0x00,
    0x42, 0x08, 0x41, 0x08, 0x21, 0x08, 0x41, 0x00, 0x41, 0x08, 0x41, 0x08,
    0x21, 0x08, 0x21, 0x00, 0x10, 0x84, 0xde, 0xf7, 0xbf, 0xff, 0xbf, 0xff,
    0xde, 0xff, 0xbf, 0xff, 0xbe, 0xff, 0xdf, 0xf7, 0xbf, 0xff, 0xbe, 0xf7,
    0xbf, 0xff, 0xdf, 0xff, 0xbe, 0xf7, 0xbf, 0xff, 0xbe, 0xff, 0xbf, 0xf7,
    0xbf, 0xff, 0xbe, 0xff, 0xbf, 0xf7, 0xbf, 0xff, 0xbe, 0xff, 0xdf, 0xf7,
    0xbf, 0xff, 0x28, 0x42, 0x41, 0x08, 0x21, 0x00, 0x41, 0x08, 0x41, 0x08,
    0x41, 0x08, 0x41, 0x08, 0x41, 0x08, 0xbf, 0xf7, 0xbe, 0xff, 0xdf, 0xff,
    0xbf, 0xf7, 0xbe, 0xff, 0xdf, 0xff, 0xdf, 0xf7, 0xbe, 0xff, 0xbf, 0xf7,
    0xdf, 0xff, 0xbe, 0xf7, 0xbf, 0xff, 0xbe, 0xf7, 0xdf, 0xff, 0xbe, 0xff,
    0xbf, 0xf7, 0xdf, 0xff, 0xbe, 0xf7, 0xbf, 0xff, 0xdf, 0xf7, 0xbe, 0xf7,
    0xbf, 0xff, 0xbf, 0xff, 0x10, 0x7c, 0x21, 0x08, 0x41, 0x08, 0x41, 0x08,
    0x21, 0x08, 0x41, 0x08, 0x41, 0x00, 0x21, 0x08, 0x41, 0x08, 0x42, 0x08,
    0x41, 0x08, 0x41, 0x08, 0x42, 0x08, 0x41, 0x00, 0x41, 0x08, 0x21, 0x08,
    0x42, 0x08, 0x41, 0x08, 0x21, 0x08, 0x41, 0x08, 0x41, 0x08, 0x21, 0x00,
    0x41, 0x08, 0x41, 0x08, 0x42, 0x08, 0x41, 0x00, 0x41, 0x08, 0x41, 0x08,
    0xf7, 0xbd, 0xbf, 0xff, 0xbf, 0xff, 0xdf, 0xff, 0xbe, 0xf7, 0xbf, 0xff,
    0xbf, 0xff, 0xde, 0xf7, 0xbf, 0xf7, 0xbe, 0xff, 0xbe, 0xf7, 0xbf, 0xff,
    0xf7, 0xbd, 0x41, 0x00, 0x41, 0x08, 0x41, 0x08, 0x21, 0x00, 0x41, 0x08,
    0x41, 0x08, 0x41, 0x00, 0x42, 0x08, 0x41, 0x08, 0x41, 0x08, 0x41, 0x00,
    0x21, 0x08, 0x41, 0x08, 0x41, 0x00, 0x42, 0x08, 0x41, 0x08, 0x41, 0x08,
    0x22, 0x00, 0x41, 0x08, 0x41, 0x00, 0x41, 0x00, 0x41, 0x08, 0x41, 0x08,
    0x21, 0x00, 0x41, 0x08, 0x41, 0x08, 0x21, 0x08, 0x10, 0x7c, 0xdf, 0xf7,
    0xbe, 0xff, 0xbf, 0xff, 0xde, 0xf7, 0xbf, 0xff, 0xbf, 0xf7, 0xbe, 0xff,
    0xbf, 0xff, 0xdf, 0xf7, 0xbe, 0xff, 0xbf, 0xf7, 0xbf, 0xf7, 0xbf, 0xff,
    0xde, 0xf7, 0xbf, 0xf7, 0xbe, 0xff, 0xdf, 0xff, 0xdf, 0xff, 0xbe, 0xff,
    0xbf, 0xf7, 0xdf, 0xf7, 0xdf, 0xff, 0x28, 0x42, 0x21, 0x08, 0x41, 0x08,
    0x41, 0x08, 0x41, 0x08, 0x21, 0x08, 0x28, 0x42, 0xdf, 0xf7, 0xdf, 0xff,
    0xbe, 0xf7, 0xdf, 0xf7, 0xdf, 0xff, 0xbe, 0xf7, 0xbf, 0xf7, 0xbf, 0xff,
    0xbe, 0xff, 0xbf, 0xf7, 0xdf, 0xff, 0xbf, 0xf7, 0xbf, 0xff, 0xbe, 0xff,
    0xbf, 0xf7, 0xbf, 0xff, 0xbe, 0xff, 0xdf, 0xf7, 0xbf, 0xff, 0xbe, 0xff,
    0xbf, 0xf7, 0xbe, 0xff, 0xdf, 0xf7, 0x28, 0x42, 0x41, 0x08, 0x21, 0x08,
    0x41, 0x00, 0x41, 0x08, 0x41, 0x08, 0x21, 0x00, 0x41, 0x08, 0x41, 0x08,
    0x41, 0x00, 0x21, 0x08, 0x41, 0x00, 0x41, 0x08, 0x42, 0x08, 0x41, 0x08,
    0x41, 0x08, 0x41, 0x00, 0x41, 0x08, 0x41, 0x08, 0x22, 0x08, 0x41, 0x08,
    0x41, 0x08, 0x41, 0x08, 0x21, 0x00, 0x41, 0x08, 0x41, 0x08, 0x21, 0x00,
    0x41, 0x08, 0xdf, 0xff, 0xbe, 0xf7, 0xbf, 0xff, 0xdf, 0xff, 0xbe, 0xf7,
    0xbe, 0xff, 0xbf, 0xff, 0xbf, 0xf7, 0xde, 0xff, 0xbf, 0xff, 0xbf, 0xf7,
    0xdf, 0xf7, 0xf0, 0x83, 0x41, 0x08, 0x41, 0x08, 0x21, 0x00, 0x41, 0x08,
    0x41, 0x08, 0x42, 0x08, 0x21, 0x08, 0x41, 0x08, 0x41, 0x08, 0x41, 0x00,
    0x41, 0x08, 0x41, 0x08, 0x21, 0x00, 0x41, 0x08, 0x21, 0x08, 0x42, 0x08,
    0x41, 0x08, 0x41, 0x08, 0x41, 0x00, 0x41, 0x08, 0x41, 0x00, 0x41, 0x08,
    0x21, 0x08, 0x41, 0x08, 0x41, 0x00, 0x41, 0x08, 0x41, 0x08, 0xd7, 0xbd,
    0xbf, 0xf7, 0xbf, 0xff, 0xbe, 0xff, 0xbf, 0xf7, 0xbf, 0xff, 0xbe, 0xff,
    0xbf, 0xf7, 0xbf, 0xff, 0xbe, 0xff, 0xbf, 0xff, 0xde, 0xf7, 0xf7, 0xbd,
    0x21, 0x08, 0x41, 0x00, 0x41, 0x08, 0x41, 0x08, 0x21, 0x00, 0x21, 0x08,
    0x41, 0x08, 0x41, 0x08, 0x21, 0x00, 0x41, 0x08, 0x41, 0x08, 0x21, 0x08,
    0x41, 0x08, 0x42, 0x08, 0x41, 0x00, 0x41, 0x08, 0x42, 0x08, 0x41, 0x08,
    0x21, 0x00, 0x41, 0x08, 0x41, 0x08, 0x41, 0x08, 0x22, 0x08, 0x41, 0x08,
    0x41, 0x08, 0x21, 0x00, 0x41, 0x08, 0x10, 0x84, 0xbf, 0xf7, 0xbe, 0xf7,
    0xbf, 0xff, 0xdf, 0xf7, 0xbe, 0xff, 0xbf, 0xff, 0xbe, 0xff, 0xbf, 0xf7,
    0xbf, 0xff, 0xbe, 0xf7, 0xbf, 0xff, 0xdf, 0xff, 0xbe, 0xf7, 0xbf, 0xff,
    0xde, 0xf7, 0xbf, 0xff, 0xde, 0xff, 0xbf, 0xf7, 0xbf, 0xff, 0xbe, 0xff,
    0xdf, 0xf7, 0xdf, 0xf7, 0x28, 0x42, 0x41, 0x08, 0x21, 0x08, 0x41, 0x08,
    0x41, 0x00, 0x41, 0x08, 0x21, 0x08, 0x41, 0x08, 0xdf, 0xf7, 0xbf, 0xf7,
    0xbe, 0xff, 0xdf, 0xff, 0xbf, 0xff, 0xde, 0xf7, 0xdf, 0xf7, 0xbe, 0xff,
    0xbf, 0xff, 0xbe, 0xf7, 0xdf, 0xff, 0xbf, 0xff, 0xbf, 0xf7, 0xbe, 0xf7,
    0xdf, 0xff, 0xbe, 0xff, 0xbf, 0xf7, 0xbe, 0xff, 0xbf, 0xff, 0xdf, 0xff,
    0xbe, 0xf7, 0xbf, 0xff, 0xdf, 0xf7, 0x10, 0x84, 0x21, 0x00, 0x41, 0x08,
    0x21, 0x00, 0x21, 0x08, 0x41, 0x08, 0x41, 0x00, 0x21, 0x08, 0x41, 0x00,
    0x21, 0x08, 0x21, 0x08, 0x41, 0x08, 0x21, 0x08, 0x41, 0x08, 0x41, 0x00,
    0x41, 0x08, 0x41, 0x00, 0x41, 0x08, 0x41, 0x00, 0x41, 0x08, 0x21, 0x08,
    0x42, 0x00, 0x41, 0x08, 0x21, 0x08, 0x41, 0x00, 0x21, 0x00, 0x41, 0x08,
    0x42, 0x08, 0xf7, 0xbd, 0xbf, 0xf7, 0xdf, 0xf7, 0xbe, 0xff, 0xdf, 0xff,
    0xdf, 0xff, 0xbe, 0xf7, 0xbf, 0xff, 0xbf, 0xff, 0xdf, 0xf7, 0xbf, 0xff,
    0xbe, 0xf7, 0xf7, 0xbd, 0x21, 0x08, 0x41, 0x08, 0x41, 0x08, 0x21, 0x00,
    0x41, 0x08, 0x41, 0x08, 0x21, 0x00, 0x41, 0x08, 0x41, 0x08, 0x41, 0x08,
    0x21, 0x00, 0x41, 0x08, 0x41, 0x08, 0x21, 0x00, 0x41, 0x08, 0x41, 0x08,
    0x41, 0x08, 0x41, 0x08, 0x21, 0x08, 0x41, 0x08, 0x41, 0x08, 0x21, 0x08,
    0x42, 0x08, 0x21, 0x00, 0x41, 0x08, 0x21, 0x08, 0x21, 0x00, 0x10, 0x84,
    0xbf, 0xff, 0xbf, 0xff, 0xbe, 0xf7, 0xbf, 0xff, 0xdf, 0xff, 0xbe, 0xf7,
    0xbf, 0xff, 0xdf, 0xff, 0xbe, 0xf7, 0xbf, 0xff, 0xdf, 0xff, 0xbe, 0xff,
    0xbf, 0xf7, 0xdf, 0xff, 0xbe, 0xff, 0xbf, 0xf7, 0xbf, 0xff, 0xbe, 0xff,
    0xbe, 0xf7, 0xdf, 0xff, 0xbf, 0xff, 0xde, 0xf7, 0x28, 0x42, 0x21, 0x08,
    0x41, 0x00, 0x21, 0x00, 0x41, 0x08, 0x21, 0x08, 0x28, 0x42, 0xdf, 0xf7,
    0xbf, 0xff, 0xbe, 0xff, 0xbf, 0xff, 0xdf, 0xff, 0xde, 0xf7, 0xbf, 0xff,
    0xdf, 0xff, 0xbe, 0xf7, 0xbf, 0xff, 0xbe, 0xff, 0xdf, 0xf7, 0xbe, 0xff,
    0xbf, 0xff, 0xdf, 0xf7, 0xbe, 0xff, 0xbf, 0xf7, 0xbe, 0xf7, 0xdf, 0xff,
    0xbf, 0xff, 0xbf, 0xff, 0xbf, 0xff, 0xbe, 0xf7, 0x28, 0x42, 0x41, 0x08,
    0x21, 0x08, 0x21, 0x00, 0x41, 0x08, 0x41, 0x08, 0x21, 0x00, 0x41, 0x08,
    0x41, 0x08, 0x41, 0x08, 0x41, 0x08, 0x21, 0x00, 0x41, 0x08, 0x41, 0x08,
    0x21, 0x00, 0x41, 0x08, 0x41, 0x08, 0x41, 0x00, 0x21, 0x08, 0x41, 0x08,
    0x41, 0x00, 0x21, 0x08, 0x42, 0x08, 0x21, 0x00, 0x21, 0x08, 0x41, 0x08,
    0x21, 0x00, 0x41, 0x08, 0xbf, 0xf7, 0xdf, 0xf7, 0xbe, 0xff, 0xbf, 0xff,
    0xbf, 0xf7, 0xde, 0xff, 0xbf, 0xff, 0xbe, 0xf7, 0xbf, 0xff, 0xbe, 0xff,
    0xbf, 0xff, 0xdf, 0xf7, 0xf0, 0x83, 0x41, 0x08, 0x41, 0x00, 0x21, 0x08,
    0x41, 0x00, 0x41, 0x08, 0x41, 0x00, 0x41, 0x08, 0x21, 0x08, 0x42, 0x00,
    0x21, 0x08, 0x41, 0x08, 0x41, 0x08, 0x41, 0x00, 0x41, 0x08, 0x41, 0x00,
    0x21, 0x00, 0x41, 0x08, 0x21, 0x08, 0x41, 0x08, 0x21, 0x08, 0x41, 0x08,
    0x41, 0x00, 0x21, 0x08, 0x41, 0x08, 0x21, 0x00, 0x42, 0x08, 0x41, 0x08,
    0xd7, 0xbd, 0xdf, 0xff, 0xbf, 0xf7, 0xbe, 0xff, 0xdf, 0xff, 0xde, 0xf7,
    0xbf, 0xff, 0xdf, 0xf7, 0xde, 0xf7, 0xbf, 0xff, 0xbf, 0xff, 0xde, 0xf7,
    0xd7, 0xbd, 0x21, 0x08, 0x41, 0x00, 0x21, 0x08, 0x41, 0x08, 0x21, 0x00,
    0x41, 0x08, 0x42, 0x08, 0x41, 0x00, 0x41, 0x08, 0x41, 0x08, 0x21, 0x00,
    0x41, 0x08, 0x41, 0x08, 0x21, 0x00, 0x21, 0x08, 0x41, 0x08, 0x41, 0x08,
    0x21, 0x00, 0x41, 0x08, 0x41, 0x08, 0x41, 0x00, 0x41, 0x00, 0x41, 0x08,
    0x41, 0x08, 0x41, 0x00, 0x21, 0x00, 0x21, 0x08, 0x10, 0x84, 0xdf, 0xf7,
    0xbe, 0xff, 0xbf, 0xff, 0xbf, 0xf7, 0xde, 0xf7, 0xbf, 0xff, 0xbf, 0xf7,
    0xde, 0xff, 0xdf, 0xff, 0xbe, 0xf7, 0xbf, 0xff, 0xbf, 0xff, 0xde, 0xf7,
    0xbf, 0xff, 0xbf, 0xff, 0xde, 0xf7, 0xbf, 0xff, 0xdf, 0xff, 0xbe, 0xf7,
    0xbf, 0xff, 0xde, 0xff, 0xbf, 0xf7, 0x28, 0x42, 0x41, 0x08, 0x21, 0x00,
    0x41, 0x08, 0x41, 0x08, 0x41, 0x08, 0x41, 0x00, 0x41, 0x08, 0xbf, 0xf7,
    0xdf, 0xff, 0xdf, 0xff, 0xbe, 0xf7, 0xbf, 0xff, 0xbf, 0xf7, 0xde, 0xff,
    0xbf, 0xff, 0xbf, 0xf7, 0xbe, 0xff, 0xbf, 0xff, 0xde, 0xff, 0xbf, 0xff,
    0xbf, 0xf7, 0xbe, 0xff, 0xdf, 0xff, 0xbf, 0xf7, 0xbe, 0xff, 0xdf, 0xff,
    0xbf, 0xf7, 0xbe, 0xff, 0xbe, 0xff, 0xdf, 0xf7, 0xf0, 0x83, 0x21, 0x08,
    0x41, 0x08, 0x41, 0x00, 0x21, 0x00, 0x41, 0x08, 0x42, 0x08, 0x21, 0x00,
    0x41, 0x08, 0x41, 0x08, 0x41, 0x00, 0x41, 0x00, 0x41, 0x08, 0x21, 0x08,
    0x42, 0x08, 0x21, 0x08, 0x41, 0x08, 0x21, 0x00, 0x42, 0x08, 0x41, 0x08,
    0x41, 0x08, 0x41, 0x08, 0x41, 0x08, 0x41, 0x08, 0x41, 0x08, 0x21, 0x08,
    0x41, 0x08, 0x41, 0x08, 0xd7, 0xbd, 0xbf, 0xf7, 0xdf, 0xff, 0xbf, 0xff,
    0xbe, 0xf7, 0xbf, 0xf7, 0xbe, 0xff, 0xbf, 0xff, 0xbe, 0xff, 0xdf, 0xff,
    0xbf, 0xf7, 0xdf, 0xf7, 0xd7, 0xbd, 0x21, 0x08, 0x41, 0x08, 0x21, 0x00,
    0x42, 0x08, 0x41, 0x08, 0x21, 0x00, 0x41, 0x08, 0x21, 0x08, 0x41, 0x00,
    0x42, 0x08, 0x41, 0x08, 0x41, 0x08, 0x42, 0x08, 0x21, 0x08, 0x41, 0x00,
    0x21, 0x08, 0x41, 0x00, 0x41, 0x08, 0x41, 0x08, 0x22, 0x08, 0x41, 0x00,
    0x41, 0x08, 0x41, 0x08, 0x41, 0x08, 0x21, 0x00, 0x41, 0x08, 0x41, 0x00,
    0x10, 0x84, 0xbf, 0xf7, 0xbf, 0xf7, 0xbe, 0xff, 0xbf, 0xff, 0xde, 0xf7,
    0xbf, 0xff, 0xbf, 0xf7, 0xbe, 0xff, 0xbf, 0xff, 0xbf, 0xf7, 0xde, 0xff,
    0xbf, 0xff, 0xbe, 0xf7, 0xbf, 0xff, 0xdf, 0xff, 0xbe, 0xf7, 0xbf, 0xf7,
    0xdf, 0xff, 0xdf, 0xff, 0xbe, 0xff, 0xbf, 0xf7, 0xdf, 0xff, 0x28, 0x42,
    0x41, 0x08, 0x41, 0x08, 0x21, 0x08, 0x41, 0x08, 0x41, 0x00, 0x28, 0x42,
    0xbf, 0xff, 0xbf, 0xff, 0xbe, 0xf7, 0xdf, 0xf7, 0xbf, 0xff, 0xbe, 0xf7,
    0xbf, 0xff, 0xbe, 0xff, 0xdf, 0xf7, 0xbf, 0xff, 0xbe, 0xff, 0xbf, 0xf7,
    0xdf, 0xff, 0xbe, 0xf7, 0xbf, 0xff, 0xdf, 0xff, 0xbe, 0xff, 0xbf, 0xff,
    0xbe, 0xf7, 0xde, 0xf7, 0xbf, 0xff, 0xbf, 0xff, 0xdf, 0xf7, 0x28, 0x42,
    0x21, 0x08, 0x41, 0x08, 0x21, 0x00, 0x42, 0x08, 0x21, 0x08, 0x41, 0x08,
    0x42, 0x08, 0x21, 0x00, 0x41, 0x08, 0x42, 0x08, 0x41, 0x08, 0x21, 0x08,
    0x41, 0x00, 0x41, 0x08, 0x22, 0x08, 0x41, 0x08, 0x41, 0x08, 0x22, 0x00,
    0x41, 0x08, 0x41, 0x08, 0x41, 0x00, 0x41, 0x08, 0x21, 0x00, 0x41, 0x08,
    0x41, 0x08, 0x41, 0x08, 0x41, 0x08, 0xbf, 0xf7, 0xdf, 0xff, 0xde, 0xf7,
    0xbf, 0xff, 0xbf, 0xff, 0xdf, 0xf7, 0xbe, 0xff, 0xbf, 0xf7, 0xdf, 0xf7,
    0xbe, 0xff, 0xbe, 0xff, 0xdf, 0xf7, 0x10, 0x84, 0x21, 0x00, 0x41, 0x08,
    0x21, 0x08, 0x41, 0x08, 0x21, 0x00, 0x21, 0x00, 0x41, 0x08, 0x41, 0x08,
    0x41, 0x08, 0x41, 0x08, 0x21, 0x08, 0x42, 0x00, 0x41, 0x08, 0x21, 0x08,
    0x41, 0x08, 0x41, 0x08, 0x42, 0x00, 0x41, 0x08, 0x21, 0x08, 0x42, 0x00,
    0x41, 0x08, 0x41, 0x08, 0x42, 0x00, 0x21, 0x08, 0x41, 0x08, 0x21, 0x00,
    0x21, 0x08, 0xd7, 0xbd, 0xdf, 0xff, 0xbf, 0xf7, 0xbf, 0xff, 0xbe, 0xff,
    0xbf, 0xf7, 0xbf, 0xff, 0xbe, 0xff, 0xbe, 0xf7, 0xbf, 0xff, 0xdf, 0xf7,
    0xbe, 0xf7, 0xf7, 0xbd, 0x41, 0x08, 0x21, 0x08, 0x41, 0x08, 0x21, 0x00,
    0x41, 0x08, 0x41, 0x08, 0x41, 0x08, 0x21, 0x08, 0x41, 0x08, 0x42, 0x08,
    0x41, 0x00, 0x41, 0x08, 0x42, 0x08, 0x41, 0x00, 0x41, 0x08, 0x41, 0x08,
    0x21, 0x00, 0x42, 0x08, 0x41, 0x08, 0x21, 0x08, 0x42, 0x08, 0x21, 0x08,
    0x21, 0x00, 0x21, 0x08, 0x21, 0x08, 0x41, 0x08, 0x41, 0x08, 0xf0, 0x7b,
    0xbf, 0xff, 0xbe, 0xf7, 0xbe, 0xff, 0xbf, 0xff, 0xbf, 0xff, 0xde, 0xf7,
    0xbf, 0xff, 0xbf, 0xff, 0xbe, 0xf7, 0xdf, 0xff, 0xbe, 0xf7, 0xbf, 0xff,
    0xbf, 0xff, 0xbe, 0xf7, 0xbf, 0xff, 0xbf, 0xf7, 0xbe, 0xff, 0xbf, 0xff,
    0xdf, 0xf7, 0xbe, 0xff, 0xbf, 0xf7, 0xbf, 0xff, 0x28, 0x42, 0x41, 0x08,
    0x21, 0x08, 0x41, 0x08, 0x41, 0x08, 0x42, 0x08, 0x41, 0x08, 0x21, 0x08,
    0xbf, 0xf7, 0xde, 0xff, 0xbf, 0xf7, 0xbf, 0xff, 0xdf, 0xff, 0xde, 0xf7,
    0xbf, 0xf7, 0xbf, 0xff, 0xde, 0xff, 0xbf, 0xf7, 0xbf, 0xf7, 0xbe, 0xff,
    0xdf, 0xff, 0xbf, 0xf7, 0xbe, 0xff, 0xbf, 0xff, 0xdf, 0xf7, 0xbe, 0xff,
    0xbf, 0xf7, 0xbf, 0xf7, 0xbe, 0xff, 0xbf, 0xff, 0xbf, 0xf7, 0x10, 0x84,
    0x41, 0x08, 0x21, 0x00, 0x41, 0x08, 0x41, 0x08, 0x41, 0x08, 0x21, 0x08,
    0x41, 0x08, 0x41, 0x08, 0x42, 0x08, 0x41, 0x08, 0x41, 0x08, 0x42, 0x00,
    0x41, 0x08, 0x21, 0x08, 0x41, 0x00, 0x41, 0x08, 0x41, 0x08, 0x21, 0x08,
    0x41, 0x00, 0x21, 0x08, 0x41, 0x00, 0x21, 0x00, 0x41, 0x08, 0x41, 0x00,
    0x42, 0x08, 0x41, 0x08, 0x41, 0x08, 0xf7, 0xbd, 0xbf, 0xf7, 0xbf, 0xff,
    0xbe, 0xff, 0xdf, 0xff, 0xdf, 0xff, 0xbf, 0xf7, 0xbe, 0xf7, 0xdf, 0xff,
    0xbe, 0xff, 0xbe, 0xff, 0xbf, 0xff, 0xf8, 0xbd, 0x41, 0x00, 0x21, 0x08,
    0x41, 0x08, 0x41, 0x08, 0x21, 0x00, 0x21, 0x08, 0x42, 0x08, 0x41, 0x08,
    0x21, 0x08, 0x41, 0x00, 0x41, 0x08, 0x21, 0x00, 0x41, 0x08, 0x41, 0x08,
    0x41, 0x08, 0x42, 0x08, 0x21, 0x00, 0x41, 0x08, 0x41, 0x08, 0x41, 0x00,
    0x21, 0x08, 0x41, 0x08, 0x41, 0x00, 0x21, 0x08, 0x41, 0x08, 0x41, 0x00,
    0x41, 0x08, 0xf0, 0x83, 0xbf, 0xf7, 0xde, 0xff, 0xbf, 0xff, 0xbf, 0xf7,
    0xbe, 0xff, 0xdf, 0xff, 0xbe, 0xf7, 0xbf, 0xff, 0xde, 0xf7, 0xbf, 0xff,
    0xbf, 0xf7, 0xde, 0xff, 0xbf, 0xff, 0xbf, 0xf7, 0xbe, 0xff, 0xdf, 0xff,
    0xbe, 0xff, 0xbf, 0xf7, 0xbf, 0xff, 0xdf, 0xff, 0xbe, 0xf7, 0xbf, 0xff,
    0x29, 0x42, 0x41, 0x08, 0x42, 0x08, 0x41, 0x00, 0x41, 0x08, 0x21, 0x08,
    0x28, 0x42, 0xbf, 0xf7, 0xbf, 0xff, 0xbe, 0xff, 0xdf, 0xff, 0xdf, 0xff,
    0xde, 0xf7, 0xbf, 0xff, 0xbf, 0xf7, 0xbe, 0xff, 0xdf, 0xf7, 0xbf, 0xff,
    0xbe, 0xff, 0xbf, 0xf7, 0xbe, 0xff, 0xbf, 0xf7, 0xbf, 0xff, 0xde, 0xf7,
    0xbf, 0xff, 0xbf, 0xff, 0xbe, 0xf7, 0xde, 0xff, 0xbf, 0xf7, 0xdf, 0xf7,
    0x28, 0x42, 0x41, 0x08, 0x21, 0x08, 0x41, 0x08, 0x41, 0x08, 0x41, 0x00,
    0x21, 0x08, 0x41, 0x08, 0x41, 0x00, 0x21, 0x08, 0x41, 0x08, 0x41, 0x00,
    0x41, 0x08, 0x42, 0x08, 0x41, 0x08, 0x21, 0x00, 0x41, 0x08, 0x41, 0x08,
    0x41, 0x08, 0x41, 0x08, 0x21, 0x08, 0x41, 0x08, 0x41, 0x08, 0x41, 0x08,
    0x21, 0x00, 0x41, 0x08, 0x41, 0x08, 0x41, 0x08, 0xbf, 0xf7, 0xbf, 0xff,
    0xde, 0xf7, 0xbe, 0xff, 0xbf, 0xf7, 0xbf, 0xff, 0xbe, 0xff, 0xdf, 0xff,
    0xbf, 0xf7, 0xbf, 0xff, 0xbe, 0xf7, 0xdf, 0xf7, 0x10, 0x84, 0x41, 0x08,
    0x21, 0x00, 0x41, 0x08, 0x21, 0x08, 0x21, 0x08, 0x41, 0x08, 0x42, 0x08,
    0x41, 0x00, 0x21, 0x08, 0x41, 0x08, 0x41, 0x00, 0x21, 0x08, 0x41, 0x08,
    0x42, 0x08, 0x21, 0x08, 0x41, 0x08, 0x41, 0x08, 0x41, 0x00, 0x41, 0x08,
    0x41, 0x08, 0x21, 0x08, 0x41, 0x08, 0x21, 0x00, 0x41, 0x08, 0x41, 0x08,
    0x41, 0x08, 0x21, 0x00, 0xf8, 0xbd, 0xdf, 0xf7, 0xbe, 0xff, 0xbf, 0xff,
    0xde, 0xf7, 0xbf, 0xff, 0xbf, 0xff, 0xde, 0xff, 0xbf, 0xff, 0xbf, 0xf7,
    0xbe, 0xff, 0xdf, 0xff, 0xf7, 0xbd, 0x41, 0x08, 0x42, 0x08, 0x41, 0x00,
    0x41, 0x08, 0x21, 0x08, 0x41, 0x00, 0x41, 0x08, 0x21, 0x00, 0x41, 0x08,
    0x41, 0x08, 0x21, 0x08, 0x21, 0x08, 0x41, 0x08, 0x41, 0x08, 0x41, 0x08,
    0x42, 0x08, 0x41, 0x08, 0x41, 0x08, 0x41, 0x00, 0x41, 0x08, 0x41, 0x08,
    0x41, 0x08, 0x21, 0x00, 0x41, 0x08, 0x41, 0x00, 0x21, 0x08, 0x41, 0x08,
    0xf0, 0x7b, 0xdf, 0xf7, 0xbf, 0xff, 0xde, 0xf7, 0xbf, 0xff, 0xbf, 0xff,
    0xbe, 0xf7, 0xbf, 0xff, 0xbf, 0xff, 0xbe, 0xf7, 0xbf, 0xff, 0xdf, 0xff,
    0xbe, 0xf7, 0xbf, 0xff, 0xde, 0xff, 0xbf, 0xf7, 0xbf, 0xff, 0xde, 0xf7,
    0xbf, 0xff, 0xbf, 0xff, 0xbe, 0xf7, 0xdf, 0xf7, 0xdf, 0xff, 0x28, 0x42,
    0x41, 0x08, 0x21, 0x00, 0x41, 0x08, 0x41, 0x08, 0x21, 0x00, 0x41, 0x08,
    0x41, 0x08, 0xbf, 0xf7, 0xdf, 0xff, 0xbf, 0xff, 0xbe, 0xff, 0xbe, 0xff,
    0xdf, 0xf7, 0xbf, 0xf7, 0xbe, 0xff, 0xbf, 0xff, 0xdf, 0xf7, 0xbe, 0xff,
    0xbf, 0xf7, 0xbe, 0xff, 0xdf, 0xf7, 0xbf, 0xff, 0xbe, 0xf7, 0xbf, 0xff,
    0xbe, 0xff, 0xdf, 0xff, 0xbf, 0xff, 0xde, 0xf7, 0xbf, 0xff, 0xbe, 0xff,
    0xf0, 0x7b, 0x41, 0x08, 0x41, 0x08, 0x41, 0x08, 0x41, 0x08, 0x41, 0x00,
    0x41, 0x08, 0x41, 0x08, 0x21, 0x00, 0x41, 0x08, 0x21, 0x08, 0x21, 0x08,
    0x41, 0x08, 0x41, 0x00, 0x41, 0x08, 0x41, 0x08, 0x41, 0x00, 0x42, 0x08,
    0x41, 0x08, 0x21, 0x08, 0x42, 0x08, 0x42, 0x08, 0x22, 0x08, 0x41, 0x08,
    0x41, 0x08, 0x21, 0x00, 0x21, 0x00, 0x41, 0x08, 0xf7, 0xbd, 0xdf, 0xf7,
    0xbf, 0xff, 0xdf, 0xff, 0xbe, 0xf7, 0xbf, 0xff, 0xbf, 0xff, 0xbe, 0xf7,
    0xbf, 0xf7, 0xbf, 0xff, 0xbe, 0xf7, 0xdf, 0xff, 0xd7, 0xbd, 0x41, 0x08,
    0x41, 0x08, 0x21, 0x00, 0x41, 0x08, 0x21, 0x08, 0x41, 0x08, 0x21, 0x00,
    0x41, 0x08, 0x41, 0x08, 0x41, 0x08, 0x21, 0x08, 0x41, 0x08, 0x41, 0x00,
    0x21, 0x08, 0x41, 0x08, 0x41, 0x08, 0x41, 0x08, 0x22, 0x08, 0x41, 0x00,
    0x41, 0x08, 0x41, 0x08, 0x42, 0x08, 0x41, 0x00, 0x21, 0x08, 0x41, 0x08,
    0x21, 0x08, 0x21, 0x08, 0x10, 0x7c, 0xdf, 0xff, 0xbe, 0xf7, 0xbf, 0xff,
    0xbf, 0xf7, 0xde, 0xff, 0xbf, 0xff, 0xbf, 0xf7, 0xde, 0xff, 0xbf, 0xff,
    0xbe, 0xf7, 0xbf, 0xff, 0xbf, 0xf7, 0xde, 0xff, 0xbf, 0xff, 0xbf, 0xf7,
    0xbe, 0xff, 0xbf, 0xff, 0xdf, 0xff, 0xbe, 0xf7, 0xdf, 0xf7, 0xdf, 0xff,
    0xdf, 0xff, 0x28, 0x42, 0x21, 0x08, 0x41, 0x08, 0x21, 0x08, 0x41, 0x08,
    0x21, 0x08, 0x28, 0x42, 0xdf, 0xf7, 0xdf, 0xff, 0xbf, 0xff, 0xbe, 0xf7,
    0xdf, 0xf7, 0xbf, 0xff, 0xbe, 0xff, 0xbf, 0xf7, 0xbe, 0xff, 0xdf, 0xff,
    0xbf, 0xf7, 0xbe, 0xff, 0xdf, 0xff, 0xbf, 0xf7, 0xbe, 0xff, 0xbf, 0xf7,
    0xbf, 0xff, 0xde, 0xff, 0xbf, 0xf7, 0xbf, 0xff, 0xbf, 0xff, 0xbe, 0xff,
    0xbe, 0xf7, 0x29, 0x42, 0x21, 0x08, 0x41, 0x00, 0x41, 0x08, 0x21, 0x00,
    0x41, 0x08, 0x21, 0x00, 0x41, 0x08, 0x41, 0x08, 0x41, 0x08, 0x21, 0x00,
    0x41, 0x08, 0x21, 0x08, 0x41, 0x08, 0x41, 0x00, 0x41, 0x08, 0x21, 0x08,
    0x41, 0x00, 0x41, 0x08, 0x21, 0x00, 0x42, 0x00, 0x41, 0x08, 0x41, 0x08,
    0x21, 0x00, 0x42, 0x08, 0x21, 0x00, 0x21, 0x00, 0x41, 0x08, 0xbf, 0xf7,
    0xdf, 0xff, 0xbe, 0xf7, 0xbf, 0xff, 0xdf, 0xff, 0xbe, 0xf7, 0xbf, 0xff,
    0xbe, 0xff, 0xdf, 0xff, 0xbf, 0xff, 0xbe, 0xff, 0xbe, 0xf7, 0x10, 0x84,
    0x41, 0x08, 0x41, 0x08, 0x41, 0x00, 0x41, 0x08, 0x41, 0x08, 0x21, 0x00,
    0x41, 0x08, 0x41, 0x08, 0x21, 0x00, 0x42, 0x08, 0x41, 0x08, 0x41, 0x08,
    0x41, 0x00, 0x41, 0x08, 0x41, 0x00, 0x21, 0x08, 0x41, 0x08, 0x21, 0x08,
    0x41, 0x00, 0x41, 0x08, 0x41, 0x08, 0x41, 0x00, 0x41, 0x08, 0x21, 0x00,
    0x41, 0x08, 0x41, 0x08, 0x41, 0x08, 0xd7, 0xbd, 0xdf, 0xf7, 0xbe, 0xff,
    0xbf, 0xff, 0xdf, 0xf7, 0xbe, 0xf7, 0xbf, 0xff, 0xdf, 0xf7, 0xbe, 0xff,
    0xbf, 0xff, 0xbf, 0xf7, 0xdf, 0xf7, 0xf7, 0xbd, 0x21, 0x08, 0x41, 0x08,
    0x21, 0x00, 0x41, 0x08, 0x41, 0x08, 0x21, 0x00, 0x42, 0x08, 0x41, 0x08,
    0x41, 0x00, 0x41, 0x08, 0x41, 0x00, 0x41, 0x08, 0x21, 0x00, 0x21, 0x08,
    0x41, 0x00, 0x21, 0x08, 0x41, 0x08, 0x21, 0x00, 0x41, 0x08, 0x41, 0x08,
    0x21, 0x00, 0x41, 0x08, 0x41, 0x08, 0x21, 0x00, 0x41, 0x08, 0x41, 0x08,
    0x21, 0x00, 0x10, 0x84, 0xbe, 0xf7, 0xbf, 0xff, 0xbf, 0xff, 0xde, 0xf7,
    0xbf, 0xff, 0xde, 0xf7, 0xbf, 0xff, 0xde, 0xf7, 0xbf, 0xff, 0xbf, 0xff,
    0xbe, 0xf7, 0xdf, 0xf7, 0xbf, 0xff, 0xbe, 0xff, 0xdf, 0xf7, 0xbe, 0xff,
    0xbf, 0xff, 0xbe, 0xf7, 0xbf, 0xff, 0xbe, 0xff, 0xde, 0xf7, 0xbf, 0xff,
    0x28, 0x42, 0x41, 0x08, 0x21, 0x00, 0x41, 0x08, 0x21, 0x08, 0x41, 0x08,
    0x41, 0x08, 0x41, 0x08, 0xbf, 0xf7, 0xde, 0xf7, 0xdf, 0xf7, 0xbf, 0xff,
    0xdf, 0xff, 0xbe, 0xf7, 0xdf, 0xff, 0xbe, 0xff, 0xbf, 0xf7, 0xbe, 0xff,
    0xdf, 0xff, 0xbf, 0xff, 0xbe, 0xf7, 0xbf, 0xff, 0xde, 0xff, 0xbf, 0xf7,
    0xbf, 0xff, 0xde, 0xf7, 0xbf, 0xff, 0xbe, 0xff, 0xbf, 0xf7, 0xdf, 0xff,
    0xbe, 0xf7, 0x75, 0xad, 0x21, 0x08, 0x21, 0x00, 0x41, 0x08, 0x21, 0x08,
    0x41, 0x00, 0x21, 0x00, 0x42, 0x08, 0x41, 0x08, 0x41, 0x00, 0x41, 0x00,
    0x41, 0x08, 0x21, 0x08, 0x41, 0x08, 0x42, 0x08, 0x21, 0x08, 0x21, 0x08,
    0x41, 0x00, 0x41, 0x08, 0x41, 0x08, 0x41, 0x00, 0x41, 0x08, 0x21, 0x08,
    0x41, 0x08, 0x41, 0x08, 0x41, 0x08, 0x22, 0x08, 0x41, 0x08, 0xdb, 0xde,
    0xbf, 0xf7, 0xde, 0xf7, 0xbf, 0xff, 0xdf, 0xff, 0xdf, 0xff, 0xbe, 0xff,
    0xdf, 0xff, 0xbf, 0xff, 0xbf, 0xf7, 0xdf, 0xff, 0xbf, 0xf7, 0xdb, 0xde,
    0x41, 0x08, 0x41, 0x08, 0x21, 0x00, 0x21, 0x00, 0x41, 0x08, 0x21, 0x00,
    0x41, 0x08, 0x41, 0x00, 0x41, 0x08, 0x42, 0x08, 0x41, 0x00, 0x41, 0x08,
    0x42, 0x08, 0x21, 0x00, 0x41, 0x08, 0x41, 0x00, 0x21, 0x08, 0x41, 0x08,
    0x41, 0x08, 0x21, 0x08, 0x41, 0x08, 0x41, 0x00, 0x21, 0x08, 0x41, 0x08,
    0x21, 0x00, 0x21, 0x00, 0x41, 0x08, 0xf4, 0x9c, 0xbf, 0xf7, 0xdf, 0xff,
    0xbe, 0xff, 0xbf, 0xf7, 0xbf, 0xff, 0xbe, 0xf7, 0xbf, 0xff, 0xbf, 0xff,
    0xbe, 0xf7, 0xdf, 0xff, 0xbf, 0xff, 0xbe, 0xf7, 0xbe, 0xff, 0xdf, 0xff,
    0xbf, 0xf7, 0xbe, 0xf7, 0xdf, 0xff, 0xbe, 0xf7, 0xbe, 0xff, 0xbf, 0xff,
    0xbe, 0xf7, 0xdf, 0xf7, 0x28, 0x42, 0x21, 0x00, 0x41, 0x08, 0x41, 0x00,
    0x41, 0x08, 0x21, 0x08, 0x28, 0x42, 0xdf, 0xf7, 0xbf, 0xff, 0xbe, 0xff,
    0xdf, 0xff, 0xbf, 0xff, 0xde, 0xf7, 0xbf, 0xff, 0xbf, 0xff, 0xde, 0xf7,
    0xbf, 0xff, 0xbe, 0xf7, 0xdf, 0xff, 0xbf, 0xff, 0xde, 0xf7, 0xdf, 0xff,
    0xbe, 0xff, 0xbf, 0xf7, 0xbf, 0xff, 0xde, 0xf7, 0xbf, 0xff, 0xbf, 0xff,
    0xbf, 0xff, 0xdf, 0xf7, 0x0c, 0x63, 0x41, 0x08, 0x41, 0x08, 0x21, 0x00,
    0x41, 0x08, 0x21, 0x08, 0x41, 0x08, 0x41, 0x08, 0x42, 0x08, 0x41, 0x00,
    0x41, 0x08, 0x42, 0x08, 0x21, 0x08, 0x41, 0x00, 0x41, 0x08, 0x41, 0x08,
    0x42, 0x08, 0x21, 0x00, 0x41, 0x08, 0x41, 0x08, 0x41, 0x08, 0x21, 0x08,
    0x41, 0x00, 0x41, 0x08, 0x41, 0x08, 0x21, 0x08, 0x41, 0x08, 0x25, 0x21,
    0xbe, 0xf7, 0xdf, 0xff, 0xdf, 0xf7, 0xbe, 0xff, 0xbf, 0xff, 0xdf, 0xf7,
    0xbe, 0xf7, 0xbf, 0xf7, 0xbe, 0xf7, 0xdf, 0xff, 0xbf, 0xff, 0xdf, 0xf7,
    0xf3, 0x9c, 0x41, 0x08, 0x21, 0x00, 0x21, 0x08, 0x41, 0x08, 0x21, 0x00,
    0x41, 0x08, 0x41, 0x08, 0x41, 0x08, 0x41, 0x08, 0x41, 0x00, 0x21, 0x08,
    0x41, 0x08, 0x21, 0x08, 0x41, 0x08, 0x41, 0x00, 0x42, 0x08, 0x41, 0x08,
    0x21, 0x08, 0x42, 0x00, 0x41, 0x08, 0x21, 0x08, 0x42, 0x08, 0x21, 0x00,
    0x41, 0x08, 0x21, 0x00, 0x41, 0x08, 0x21, 0x08, 0xdb, 0xde, 0xdf, 0xf7,
    0xbe, 0xf7, 0xbf, 0xff, 0xbf, 0xff, 0xbe, 0xff, 0xbf, 0xf7, 0xbf, 0xf7,
    0xde, 0xff, 0xbe, 0xff, 0xbf, 0xff, 0xdf, 0xf7, 0xdb, 0xde, 0x41, 0x08,
    0x21, 0x00, 0x41, 0x08, 0x21, 0x08, 0x21, 0x00, 0x41, 0x08, 0x41, 0x08,
    0x41, 0x08, 0x22, 0x08, 0x41, 0x08, 0x41, 0x08, 0x42, 0x00, 0x41, 0x08,
    0x41, 0x08, 0x42, 0x08, 0x41, 0x00, 0x21, 0x08, 0x41, 0x08, 0x42, 0x08,
    0x21, 0x08, 0x41, 0x08, 0x42, 0x08, 0x21, 0x00, 0x41, 0x08, 0x41, 0x08,
    0x21, 0x00, 0x41, 0x08, 0xf4, 0x9c, 0xdf, 0xff, 0xbe, 0xff, 0xbf, 0xf7,
    0xbf, 0xff, 0xbe, 0xff, 0xbf, 0xff, 0xdf, 0xf7, 0xbe, 0xff, 0xbf, 0xff,
    0xde, 0xf7, 0xbf, 0xff, 0xbf, 0xff, 0xbe, 0xf7, 0xbf, 0xff, 0xdf, 0xff,
    0xbe, 0xf7, 0xbf, 0xff, 0xdf, 0xf7, 0xbe, 0xff, 0xbf, 0xff, 0xdf, 0xf7,
    0xbf, 0xf7, 0x28, 0x42, 0x41, 0x08, 0x21, 0x08, 0x41, 0x08, 0x41, 0x08,
    0x41, 0x08, 0x41, 0x00, 0x41, 0x08, 0xbf, 0xff, 0xbf, 0xff, 0xde, 0xff,
    0xbf, 0xf7, 0xbf, 0xff, 0xde, 0xf7, 0xdf, 0xff, 0xbf, 0xff, 0xbe, 0xf7,
    0xbf, 0xff, 0xbf, 0xff, 0xde, 0xf7, 0xbf, 0xff, 0xbf, 0xff, 0xbe, 0xf7,
    0xdf, 0xff, 0xbf, 0xff, 0xbe, 0xf7, 0xbf, 0xf7, 0xbf, 0xff, 0xbe, 0xff,
    0xbf, 0xf7, 0xdf, 0xf7, 0x5d, 0xef, 0xc3, 0x18, 0x41, 0x00, 0x41, 0x08,
    0x41, 0x08, 0x21, 0x08, 0x41, 0x08, 0x22, 0x00, 0x41, 0x08, 0x41, 0x08,
    0x42, 0x08, 0x41, 0x08, 0x41, 0x00, 0x21, 0x08, 0x41, 0x00, 0x41, 0x08,
    0x41, 0x08, 0x21, 0x08, 0x41, 0x00, 0x41, 0x08, 0x21, 0x08, 0x41, 0x00,
    0x41, 0x08, 0x41, 0x08, 0x41, 0x00, 0x41, 0x00, 0x21, 0x08, 0xa7, 0x31,
    0xbf, 0xf7, 0xbe, 0xff, 0xbe, 0xff, 0xdf, 0xff, 0xbe, 0xf7, 0xbe, 0xf7,
    0xbf, 0xf7, 0xbe, 0xff, 0xde, 0xff, 0xbe, 0xff, 0xbf, 0xf7, 0xbe, 0xff,
    0xdf, 0xf7, 0x09, 0x42, 0x41, 0x08, 0x41, 0x08, 0x41, 0x08, 0x21, 0x00,
    0x41, 0x08, 0x21, 0x08, 0x41, 0x08, 0x21, 0x00, 0x21, 0x08, 0x41, 0x08,
    0x41, 0x08, 0x21, 0x08, 0x41, 0x08, 0x42, 0x08, 0x41, 0x00, 0x41, 0x08,
    0x41, 0x08, 0x41, 0x00, 0x22, 0x08, 0x41, 0x08, 0x41, 0x08, 0x41, 0x08,
    0x21, 0x00, 0x41, 0x08, 0x41, 0x08, 0x41, 0x08, 0x3d, 0xe7, 0xbe, 0xf7,
    0xbf, 0xff, 0xbe, 0xf7, 0xdf, 0xff, 0xbe, 0xff, 0xdf, 0xf7, 0xbf, 0xff,
    0xbe, 0xff, 0xdf, 0xf7, 0xbf, 0xff, 0xbe, 0xff, 0xdf, 0xf7, 0xbf, 0xff,
    0xbe, 0xff, 0xbf, 0xf7, 0xdf, 0xff, 0xbe, 0xff, 0xdf, 0xff, 0xdf, 0xff,
    0xbf, 0xff, 0xbe, 0xf7, 0xdf, 0xff, 0x28, 0x42, 0x41, 0x08, 0x41, 0x08,
    0x21, 0x08, 0x41, 0x00, 0x21, 0x08, 0x28, 0x42, 0xbf, 0xf7, 0xbf, 0xff,
    0xbe, 0xf7, 0xdf, 0xf7, 0xdf, 0xf7, 0xde, 0xf7, 0xbf, 0xff, 0xbf, 0xff,
    0xbe, 0xf7, 0xbf, 0xff, 0xbf, 0xff, 0xbe, 0xf7, 0xbf, 0xff, 0xbf, 0xff,
    0xbe, 0xf7, 0xbf, 0xff, 0xde, 0xff, 0xbf, 0xf7, 0xbf, 0xff, 0xde, 0xf7,
    0xbe, 0xf7, 0xbf, 0xff, 0xde, 0xf7, 0xf7, 0xbd, 0x41, 0x08, 0x41, 0x08,
    0x21, 0x08, 0x41, 0x00, 0x41, 0x08, 0x41, 0x08, 0x21, 0x00, 0x41, 0x08,
    0x21, 0x08, 0x41, 0x08, 0x41, 0x08, 0x41, 0x00, 0x21, 0x08, 0x41, 0x08,
    0x21, 0x08, 0x41, 0x00, 0x41, 0x08, 0x41, 0x08, 0x42, 0x08, 0x21, 0x08,
    0x41, 0x08, 0x42, 0x08, 0x41, 0x08, 0x21, 0x00, 0x41, 0x08, 0x41, 0x08,
    0x10, 0x84, 0xdf, 0xff, 0xbe, 0xf7, 0xbf, 0xf7, 0xbe, 0xff, 0xbf, 0xff,
    0xbf, 0xff, 0xde, 0xff, 0xbf, 0xff, 0xbf, 0xf7, 0xbe, 0xff, 0xbf, 0xf7,
    0xdf, 0xf7, 0x3d, 0xef, 0xa3, 0x10, 0x41, 0x08, 0x41, 0x08, 0x21, 0x00,
    0x42, 0x08, 0x21, 0x00, 0x41, 0x08, 0x42, 0x08, 0x21, 0x08, 0x41, 0x08,
    0x41, 0x00, 0x42, 0x08, 0x41, 0x08, 0x21, 0x08, 0x41, 0x08, 0x41, 0x00,
    0x41, 0x08, 0x41, 0x08, 0x41, 0x08, 0x21, 0x00, 0x41, 0x08, 0x41, 0x08,
    0x42, 0x08, 0x21, 0x08, 0x41, 0x08, 0x41, 0x00, 0x29, 0x42, 0xbf, 0xf7,
    0xbe, 0xf7, 0xbf, 0xff, 0xbe, 0xff, 0xdf, 0xf7, 0xbe, 0xff, 0xbf, 0xff,
    0xbf, 0xff, 0xbe, 0xf7, 0xdf, 0xff, 0xbf, 0xff, 0xbe, 0xf7, 0xbe, 0xf7,
    0x29, 0x42, 0x41, 0x08, 0x21, 0x08, 0x41, 0x08, 0x41, 0x00, 0x41, 0x08,
    0x41, 0x08, 0x21, 0x00, 0x41, 0x08, 0x21, 0x08, 0x41, 0x08, 0x21, 0x08,
    0x41, 0x08, 0x41, 0x08, 0x41, 0x08, 0x41, 0x08, 0x41, 0x00, 0x41, 0x08,
    0x41, 0x08, 0x41, 0x00, 0x41, 0x08, 0x41, 0x08, 0x21, 0x00, 0x41, 0x08,
    0x21, 0x00, 0x41, 0x08, 0xa3, 0x18, 0x5d, 0xef, 0xbf, 0xf7, 0xde, 0xf7,
    0xbf, 0xff, 0xbf, 0xf7, 0xde, 0xff, 0xbf, 0xf7, 0xbf, 0xff, 0xbe, 0xff,
    0xbf, 0xf7, 0xdf, 0xff, 0xbe, 0xff, 0xbf, 0xf7, 0xde, 0xff, 0xbf, 0xff,
    0xbf, 0xf7, 0xbe, 0xff, 0xdf, 0xff, 0xbf, 0xf7, 0xbe, 0xff, 0xdf, 0xff,
    0xdf, 0xf7, 0xbe, 0xff, 0x28, 0x42, 0x41, 0x08, 0x21, 0x00, 0x41, 0x08,
    0x41, 0x00, 0x41, 0x08, 0x21, 0x08, 0x41, 0x08, 0xbf, 0xf7, 0xbf, 0xf7,
    0xbe, 0xff, 0xdf, 0xff, 0xbf, 0xff, 0xbe, 0xf7, 0xdf, 0xf7, 0xbf, 0xff,
    0xbe, 0xf7, 0xdf, 0xff, 0xbe, 0xf7, 0xbf, 0xf7, 0xdf, 0xff, 0xbe, 0xff,
    0xbf, 0xf7, 0xbe, 0xff, 0xdf, 0xff, 0xbf, 0xff, 0xde, 0xf7, 0xdf, 0xff,
    0xbe, 0xff, 0xbf, 0xff, 0xbf, 0xff, 0xde, 0xf7, 0xf0, 0x7b, 0x41, 0x08,
    0x41, 0x08, 0x41, 0x08, 0x21, 0x00, 0x21, 0x08, 0x41, 0x08, 0x21, 0x08,
    0x21, 0x08, 0x41, 0x08, 0x41, 0x00, 0x21, 0x08, 0x42, 0x08, 0x41, 0x08,
    0x41, 0x00, 0x41, 0x08, 0x42, 0x08, 0x21, 0x08, 0x41, 0x08, 0x41, 0x08,
    0x41, 0x08, 0x42, 0x08, 0x41, 0x08, 0x21, 0x00, 0x41, 0x08, 0x41, 0x08,
    0xf8, 0xbd, 0xbe, 0xf7, 0xbf, 0xff, 0xdf, 0xf7, 0xbf, 0xff, 0xbf, 0xff,
    0xdf, 0xff, 0xbf, 0xf7, 0xbf, 0xff, 0xbf, 0xf7, 0xbf, 0xff, 0xbe, 0xff,
    0xbf, 0xff, 0xbe, 0xf7, 0xf7, 0xbd, 0x21, 0x08, 0x41, 0x08, 0x21, 0x00,
    0x41, 0x08, 0x41, 0x08, 0x21, 0x00, 0x41, 0x08, 0x41, 0x08, 0x41, 0x00,
    0x41, 0x08, 0x21, 0x00, 0x41, 0x08, 0x41, 0x08, 0x21, 0x00, 0x41, 0x08,
    0x41, 0x08, 0x22, 0x00, 0x41, 0x08, 0x41, 0x00, 0x21, 0x08, 0x41, 0x08,
    0x42, 0x00, 0x41, 0x08, 0x21, 0x08, 0x21, 0x00, 0x10, 0x84, 0xdf, 0xff,
    0xdf, 0xff, 0xbe, 0xf7, 0xbf, 0xff, 0xbf, 0xff, 0xbe, 0xf7, 0xdf, 0xff,
    0xbe, 0xf7, 0xbf, 0xff, 0xdf, 0xf7, 0xbe, 0xff, 0xbf, 0xf7, 0xbf, 0xff,
    0xde, 0xf7, 0xbf, 0xff, 0xbf, 0xff, 0xbe, 0xf7, 0xbf, 0xff, 0xbf, 0xf7,
    0xbf, 0xf7, 0xdf, 0xff, 0xbf, 0xff, 0xbf, 0xff, 0x28, 0x42, 0x41, 0x08,
    0x42, 0x08, 0x21, 0x00, 0x41, 0x08, 0x41, 0x08, 0x28, 0x42, 0xbf, 0xff,
    0xbf, 0xff, 0xbe, 0xff, 0xdf, 0xff, 0xbf, 0xff, 0xbe, 0xf7, 0xbf, 0xff,
    0xde, 0xff, 0xbf, 0xf7, 0xdf, 0xff, 0xbe, 0xff, 0xbf, 0xf7, 0xde, 0xf7,
    0xbf, 0xff, 0xbf, 0xff, 0xbe, 0xf7, 0xbf, 0xff, 0xbf, 0xff, 0xbe, 0xff,
    0xbf, 0xff, 0xdf, 0xff, 0xbe, 0xff, 0xdf, 0xf7, 0xbf, 0xff, 0x28, 0x42,
    0x21, 0x00, 0x41, 0x08, 0x41, 0x08, 0x21, 0x00, 0x42, 0x08, 0x41, 0x08,
    0x41, 0x00, 0x41, 0x08, 0x21, 0x08, 0x41, 0x00, 0x42, 0x08, 0x41, 0x08,
    0x41, 0x08, 0x42, 0x00, 0x21, 0x08, 0x41, 0x08, 0x41, 0x08, 0x21, 0x00,
    0x41, 0x00, 0x41, 0x08, 0x41, 0x08, 0x21, 0x00, 0x41, 0x08, 0x41, 0x08,
    0xc3, 0x10, 0x5d, 0xef, 0xbe, 0xf7, 0xbe, 0xf7, 0xdf, 0xff, 0xbf, 0xf7,
    0xbe, 0xf7, 0xbf, 0xff, 0xbf, 0xff, 0xde, 0xf7, 0xbf, 0xff, 0xbe, 0xff,
    0xbe, 0xff, 0xdf, 0xf7, 0xde, 0xff, 0xf0, 0x7b, 0x41, 0x08, 0x41, 0x08,
    0x41, 0x08, 0x41, 0x08, 0x21, 0x00, 0x41, 0x08, 0x41, 0x00, 0x21, 0x08,
    0x41, 0x08, 0x41, 0x08, 0x21, 0x00, 0x41, 0x00, 0x41, 0x08, 0x22, 0x08,
    0x41, 0x08, 0x21, 0x00, 0x41, 0x08, 0x41, 0x08, 0x41, 0x08, 0x41, 0x00,
    0x41, 0x08, 0x41, 0x08, 0x41, 0x08, 0x21, 0x00, 0x41, 0x08, 0xd7, 0xbd,
    0xdf, 0xff, 0xdf, 0xff, 0xbe, 0xff, 0xbf, 0xf7, 0xbf, 0xff, 0xde, 0xf7,
    0xdf, 0xff, 0xbe, 0xff, 0xbf, 0xf7, 0xbf, 0xf7, 0xbe, 0xff, 0xdf, 0xff,
    0xdf, 0xf7, 0xd7, 0xbd, 0x41, 0x08, 0x41, 0x08, 0x41, 0x08, 0x41, 0x08,
    0x22, 0x08, 0x41, 0x08, 0x41, 0x00, 0x41, 0x08, 0x41, 0x00, 0x42, 0x00,
    0x41, 0x08, 0x21, 0x00, 0x41, 0x00, 0x21, 0x08, 0x21, 0x08, 0x42, 0x08,
    0x21, 0x00, 0x41, 0x08, 0x41, 0x08, 0x21, 0x00, 0x41, 0x08, 0x41, 0x08,
    0x41, 0x08, 0x42, 0x08, 0x21, 0x00, 0xf0, 0x7b, 0xdf, 0xff, 0xde, 0xf7,
    0xbf, 0xff, 0xbf, 0xff, 0xde, 0xf7, 0xbf, 0xff, 0xbe, 0xff, 0xbf, 0xf7,
    0xdf, 0xff, 0xbe, 0xf7, 0xbf, 0xff, 0xbf, 0xff, 0xbe, 0xf7, 0xdf, 0xff,
    0xbf, 0xf7, 0xbe, 0xff, 0xbf, 0xff, 0xbf, 0xf7, 0xbe, 0xff, 0xbf, 0xf7,
    0xbf, 0xff, 0xde, 0xf7, 0xbf, 0xff, 0x28, 0x42, 0x41, 0x08, 0x21, 0x08,
    0x41, 0x08, 0x41, 0x08, 0x41, 0x08, 0x41, 0x08, 0x41, 0x08, 0xdf, 0xf7,
    0xbf, 0xff, 0xdf, 0xff, 0xbe, 0xf7, 0xbf, 0xff, 0xdf, 0xf7, 0xde, 0xff,
    0xbf, 0xff, 0xbf, 0xff, 0xde, 0xf7, 0xbf, 0xff, 0xbf, 0xff, 0xbe, 0xf7,
    0xdf, 0xff, 0xbf, 0xff, 0xbe, 0xf7, 0xbf, 0xf7, 0xbf, 0xff, 0xbe, 0xff,
    0xbf, 0xf7, 0xdf, 0xf7, 0xbe, 0xff, 0xde, 0xf7, 0xbe, 0xf7, 0xbf, 0xff,
    0x0c, 0x63, 0x41, 0x08, 0x21, 0x00, 0x41, 0x08, 0x41, 0x08, 0x41, 0x00,
    0x41, 0x08, 0x41, 0x00, 0x41, 0x08, 0x21, 0x08, 0x41, 0x08, 0x41, 0x08,
    0x21, 0x08, 0x41, 0x00, 0x41, 0x08, 0x41, 0x08, 0x41, 0x00, 0x21, 0x08,
    0x41, 0x00, 0x22, 0x08, 0x41, 0x08, 0x41, 0x08, 0x42, 0x08, 0x21, 0x08,
    0x10, 0x84, 0xbf, 0xf7, 0xbf, 0xff, 0xde, 0xf7, 0xbf, 0xff, 0xdf, 0xff,
    0xbe, 0xf7, 0xbf, 0xff, 0xde, 0xff, 0xbf, 0xf7, 0xbf, 0xff, 0xde, 0xf7,
    0xdf, 0xff, 0xdf, 0xf7, 0xdf, 0xf7, 0xbe, 0xf7, 0xf4, 0x9c, 0x41, 0x08,
    0x21, 0x00, 0x42, 0x08, 0x21, 0x08, 0x41, 0x00, 0x41, 0x08, 0x42, 0x08,
    0x41, 0x08, 0x41, 0x08, 0x42, 0x00, 0x41, 0x08, 0x41, 0x08, 0x21, 0x08,
    0x41, 0x08, 0x41, 0x08, 0x21, 0x08, 0x41, 0x08, 0x41, 0x08, 0x41, 0x00,
    0x21, 0x08, 0x41, 0x08, 0x41, 0x08, 0x21, 0x00, 0x29, 0x42, 0xbe, 0xf7,
    0xbe, 0xf7, 0xdf, 0xff, 0xbe, 0xff, 0xbf, 0xf7, 0xbf, 0xff, 0xbe, 0xff,
    0xbf, 0xf7, 0xbf, 0xff, 0xbe, 0xff, 0xbf, 0xff, 0xbe, 0xf7, 0xbf, 0xff,
    0xbf, 0xff, 0xbe, 0xf7, 0xdf, 0xff, 0xbe, 0xff, 0xbf, 0xf7, 0xdf, 0xff,
    0xde, 0xff, 0xbe, 0xf7, 0xde, 0xf7, 0xdf, 0xff, 0xdf, 0xf7, 0x28, 0x42,
    0x21, 0x08, 0x41, 0x08, 0x41, 0x08, 0x41, 0x08, 0x21, 0x00, 0x28, 0x42,
    0xdf, 0xf7, 0xdf, 0xff, 0xbe, 0xff, 0xdf, 0xf7, 0xbf, 0xff, 0xde, 0xf7,
    0xbf, 0xff, 0xbf, 0xff, 0xbe, 0xf7, 0xdf, 0xf7, 0xbf, 0xff, 0xbe, 0xff,
    0xdf, 0xf7, 0xbe, 0xff, 0xbf, 0xff, 0xdf, 0xf7, 0xbe, 0xf7, 0xdf, 0xff,
    0xbe, 0xf7, 0xbf, 0xf7, 0xbf, 0xff, 0xbe, 0xff, 0xdf, 0xf7, 0xbf, 0xf7,
    0x3d, 0xef, 0xa7, 0x31, 0x41, 0x08, 0x21, 0x08, 0x21, 0x00, 0x41, 0x08,
    0x41, 0x08, 0x21, 0x08, 0x42, 0x00, 0x41, 0x08, 0x21, 0x08, 0x41, 0x08,
    0x41, 0x00, 0x21, 0x08, 0x41, 0x08, 0x41, 0x08, 0x41, 0x08, 0x22, 0x00,
    0x41, 0x08, 0x41, 0x08, 0x21, 0x08, 0x41, 0x00, 0x41, 0x08, 0x21, 0x08,
    0x21, 0x00, 0xf7, 0xbd, 0xbf, 0xf7, 0xbf, 0xff, 0xbe, 0xf7, 0xdf, 0xff,
    0xbf, 0xff, 0xde, 0xf7, 0xbf, 0xff, 0xbe, 0xf7, 0xbf, 0xff, 0xdf, 0xff,
    0xbf, 0xf7, 0xbf, 0xff, 0xde, 0xff, 0xbf, 0xf7, 0xbf, 0xf7, 0x0c, 0x63,
    0x41, 0x08, 0x21, 0x00, 0x21, 0x08, 0x41, 0x08, 0x41, 0x08, 0x41, 0x08,
    0x41, 0x00, 0x42, 0x08, 0x41, 0x08, 0x21, 0x08, 0x41, 0x08, 0x41, 0x00,
    0x41, 0x08, 0x41, 0x08, 0x21, 0x08, 0x42, 0x00, 0x41, 0x08, 0x21, 0x08,
    0x22, 0x08, 0x41, 0x00, 0x21, 0x00, 0x21, 0x08, 0x41, 0x08, 0xf4, 0x9c,
    0xbe, 0xf7, 0xde, 0xff, 0xbf, 0xf7, 0xbf, 0xff, 0xbe, 0xff, 0xbf, 0xf7,
    0xbf, 0xff, 0xbe, 0xf7, 0xdf, 0xff, 0xbf, 0xff, 0xbe, 0xf7, 0xbf, 0xff,
    0xdf, 0xf7, 0xbe, 0xff, 0xbf, 0xf7, 0xf4, 0x9c, 0x21, 0x00, 0x41, 0x08,
    0x41, 0x08, 0x41, 0x00, 0x21, 0x08, 0x41, 0x08, 0x41, 0x08, 0x21, 0x08,
    0x41, 0x08, 0x41, 0x08, 0x41, 0x08, 0x42, 0x08, 0x41, 0x00, 0x41, 0x08,
    0x41, 0x08, 0x41, 0x08, 0x21, 0x08, 0x42, 0x08, 0x41, 0x08, 0x21, 0x00,
    0x21, 0x08, 0x21, 0x08, 0x41, 0x08, 0x0c, 0x63, 0xbf, 0xf7, 0xbe, 0xf7,
    0xdf, 0xff, 0xbf, 0xf7, 0xbe, 0xff, 0xbf, 0xff, 0xbf, 0xf7, 0xde, 0xff,
    0xbf, 0xff, 0xbf, 0xf7, 0xde, 0xff, 0xbf, 0xf7, 0xbf, 0xff, 0xde, 0xff,
    0xbf, 0xf7, 0xbe, 0xff, 0xdf, 0xf7, 0xde, 0xff, 0xbf, 0xff, 0xde, 0xf7,
    0xbf, 0xff, 0xbf, 0xff, 0xde, 0xf7, 0xbf, 0xf7, 0x28, 0x42, 0x41, 0x08,
    0x21, 0x00, 0x41, 0x08, 0x41, 0x08, 0x42, 0x08, 0x21, 0x00, 0x41, 0x08,
    0xbf, 0xf7, 0xde, 0xf7, 0xbf, 0xff, 0xbe, 0xff, 0xbf, 0xf7, 0xdf, 0xff,
    0xbe, 0xf7, 0xbf, 0xff, 0xbf, 0xff, 0xbe, 0xf7, 0xbf, 0xff, 0xbe, 0xff,
    0xbf, 0xf7, 0xbf, 0xff, 0xde, 0xff, 0xbf, 0xf7, 0xbe, 0xff, 0xdf, 0xff,
    0xbf, 0xf7, 0xbe, 0xff, 0xbf, 0xff, 0xbf, 0xff, 0xbf, 0xff, 0xf3, 0x9c,
    0x5d, 0xef, 0xbf, 0xf7, 0xf0, 0x7b, 0x41, 0x08, 0x21, 0x08, 0x41, 0x08,
    0x42, 0x00, 0x41, 0x08, 0x41, 0x08, 0x41, 0x08, 0x42, 0x00, 0x41, 0x08,
    0x41, 0x00, 0x21, 0x08, 0x42, 0x08, 0x21, 0x08, 0x41, 0x00, 0x41, 0x08,
    0x42, 0x08, 0x41, 0x08, 0x22, 0x08, 0x41, 0x08, 0x21, 0x00, 0xc3, 0x10,
    0xf4, 0x9c, 0xbf, 0xf7, 0x59, 0xce, 0xf7, 0xbd, 0xbe, 0xf7, 0xbf, 0xff,
    0xbe, 0xf7, 0xdf, 0xff, 0xdf, 0xff, 0xbe, 0xff, 0xbe, 0xf7, 0xbf, 0xff,
    0xbe, 0xff, 0xbf, 0xf7, 0xbf, 0xff, 0xd7, 0xbd, 0x59, 0xce, 0xbf, 0xff,
    0x76, 0xad, 0xc3, 0x18, 0x21, 0x08, 0x41, 0x00, 0x21, 0x08, 0x41, 0x08,
    0x21, 0x00, 0x21, 0x08, 0x41, 0x08, 0x41, 0x08, 0x21, 0x00, 0x42, 0x08,
    0x41, 0x08, 0x41, 0x00, 0x42, 0x08, 0x41, 0x08, 0x41, 0x00, 0x41, 0x08,
    0x42, 0x08, 0x41, 0x08, 0x41, 0x08, 0x41, 0x08, 0x8e, 0x73, 0xbf, 0xf7,
    0x5d, 0xef, 0xf3, 0x9c, 0xbf, 0xf7, 0xbe, 0xf7, 0xdf, 0xff, 0xbe, 0xff,
    0xdf, 0xf7, 0xbf, 0xff, 0xde, 0xff, 0xbf, 0xf7, 0xdf, 0xff, 0xde, 0xff,
    0xbf, 0xf7, 0xbe, 0xff, 0xdf, 0xff, 0xbf, 0xf7, 0xbe, 0xff, 0xbf, 0xf7,
    0xbf, 0xff, 0xbe, 0xff, 0xbf, 0xff, 0xbf, 0xff, 0xbe, 0xff, 0xdf, 0xf7,
    0x28, 0x42, 0x21, 0x08, 0x41, 0x00, 0x41, 0x08, 0x41, 0x08, 0x21, 0x08,
    0x28, 0x42, 0xbf, 0xf7, 0xbf, 0xff, 0xbe, 0xf7, 0xdf, 0xff, 0xdf, 0xff,
    0xbe, 0xf7, 0xbf, 0xff, 0xbf, 0xff, 0xbe, 0xf7, 0xbf, 0xff, 0xbf, 0xff,
    0xbe, 0xff, 0xbf, 0xf7, 0xbf, 0xff, 0xde, 0xff, 0xbf, 0xf7, 0xbf, 0xff,
    0xde, 0xff, 0xbf, 0xf7, 0xbf, 0xff, 0xde, 0xf7, 0xbf, 0xff, 0xbe, 0xff,
    0x92, 0x8c, 0xbe, 0xf7, 0x5d, 0xef, 0x8b, 0x52, 0x21, 0x00, 0x41, 0x08,
    0x41, 0x08, 0x41, 0x08, 0x41, 0x08, 0x41, 0x08, 0x41, 0x00, 0x41, 0x08,
    0x21, 0x08, 0x41, 0x08, 0x41, 0x00, 0x21, 0x08, 0x41, 0x08, 0x41, 0x00,
    0x41, 0x08, 0x41, 0x08, 0x41, 0x08, 0x22, 0x08, 0x41, 0x08, 0x41, 0x08,
    0x25, 0x21, 0x5a, 0xce, 0xbf, 0xf7, 0x92, 0x94, 0xbe, 0xf7, 0xbf, 0xf7,
    0xdf, 0xff, 0xbe, 0xff, 0xbf, 0xff, 0xdf, 0xf7, 0xbe, 0xff, 0xbf, 0xff,
    0xbe, 0xf7, 0xdf, 0xf7, 0xbf, 0xff, 0xde, 0xf7, 0xf3, 0x9c, 0x5d, 0xef,
    0xbf, 0xf7, 0x6e, 0x73, 0x41, 0x00, 0x41, 0x08, 0x21, 0x00, 0x41, 0x08,
    0x41, 0x08, 0x21, 0x08, 0x41, 0x00, 0x41, 0x08, 0x41, 0x08, 0x42, 0x08,
    0x21, 0x08, 0x41, 0x00, 0x41, 0x08, 0x41, 0x08, 0x41, 0x08, 0x41, 0x00,
    0x21, 0x08, 0x41, 0x08, 0x41, 0x08, 0x41, 0x08, 0xa3, 0x10, 0xf4, 0x9c,
    0xbe, 0xf7, 0x59, 0xce, 0xf7, 0xbd, 0xdf, 0xf7, 0xbe, 0xf7, 0xbf, 0xff,
    0xde, 0xff, 0xbf, 0xf7, 0xbf, 0xff, 0xbe, 0xff, 0xdf, 0xf7, 0xbe, 0xff,
    0xbf, 0xff, 0xdf, 0xf7, 0xd7, 0xbd, 0x59, 0xce, 0xbf, 0xf7, 0x76, 0xad,
    0xa3, 0x18, 0x41, 0x08, 0x41, 0x00, 0x41, 0x08, 0x22, 0x08, 0x41, 0x00,
    0x41, 0x08, 0x21, 0x08, 0x41, 0x08, 0x41, 0x08, 0x21, 0x08, 0x41, 0x08,
    0x41, 0x00, 0x41, 0x08, 0x41, 0x00, 0x21, 0x08, 0x41, 0x08, 0x41, 0x00,
    0x42, 0x08, 0x41, 0x08, 0x21, 0x00, 0x8e, 0x6b, 0xdf, 0xff, 0x3d, 0xef,
    0xf3, 0x9c, 0xdf, 0xf7, 0xbe, 0xf7, 0xbe, 0xff, 0xdf, 0xff, 0xbf, 0xf7,
    0xbe, 0xff, 0xbf, 0xff, 0xbe, 0xf7, 0xbf, 0xff, 0xde, 0xff, 0xbf, 0xf7,
    0xbf, 0xff, 0xbe, 0xff, 0xbf, 0xf7, 0xbf, 0xff, 0xbe, 0xf7, 0xbf, 0xff,
    0xbf, 0xff, 0xde, 0xf7, 0xbf, 0xff, 0xdf, 0xff, 0xbf, 0xf7, 0x28, 0x42,
    0x41, 0x08, 0x21, 0x00, 0x41, 0x08, 0x41, 0x08, 0x41, 0x08, 0x41, 0x08,
    0x41, 0x08, 0xbf, 0xf7, 0xdf, 0xff, 0xbe, 0xff, 0xbf, 0xf7, 0xbe, 0xff,
    0xdf, 0xf7, 0xde, 0xf7, 0xbe, 0xff, 0xbf, 0xf7, 0xdf, 0xff, 0xbe, 0xff,
    0xdf, 0xf7, 0xbe, 0xff, 0xbf, 0xf7, 0xbf, 0xff, 0xde, 0xff, 0xbf, 0xf7,
    0xbe, 0xff, 0xdf, 0xff, 0xbe, 0xf7, 0xbf, 0xff, 0xdf, 0xff, 0xdf, 0xff,
    0xf0, 0x7b, 0xa7, 0x31, 0x5d, 0xef, 0xdf, 0xf7, 0xdb, 0xde, 0x72, 0x8c,
    0x8a, 0x52, 0x29, 0x42, 0x29, 0x42, 0x28, 0x42, 0x29, 0x42, 0x29, 0x42,
    0x28, 0x42, 0x29, 0x42, 0x29, 0x42, 0x28, 0x42, 0x28, 0x42, 0x09, 0x42,
    0x28, 0x42, 0x29, 0x42, 0x28, 0x42, 0x28, 0x42, 0x0c, 0x63, 0xf4, 0x9c,
    0x3d, 0xef, 0xbf, 0xff, 0x59, 0xce, 0xa6, 0x31, 0xf7, 0xbd, 0xbf, 0xff,
    0xbf, 0xff, 0xdf, 0xff, 0xbe, 0xf7, 0xbf, 0xff, 0xbf, 0xf7, 0xbf, 0xff,
    0xdf, 0xff, 0xbe, 0xf7, 0xbe, 0xff, 0xbf, 0xff, 0xd7, 0xbd, 0xa3, 0x10,
    0x59, 0xce, 0xdf, 0xf7, 0x3d, 0xef, 0xf3, 0x9c, 0x0c, 0x63, 0x29, 0x42,
    0x29, 0x42, 0x28, 0x42, 0x29, 0x42, 0x29, 0x42, 0x28, 0x42, 0x29, 0x42,
    0x29, 0x42, 0x28, 0x42, 0x29, 0x42, 0x08, 0x42, 0x28, 0x42, 0x29, 0x42,
    0x08, 0x42, 0x29, 0x42, 0x8a, 0x52, 0x72, 0x8c, 0xdb, 0xde, 0xbf, 0xf7,
    0x5d, 0xef, 0xaa, 0x52, 0x10, 0x84, 0xbf, 0xff, 0xdf, 0xf7, 0xbe, 0xf7,
    0xbf, 0xff, 0xbe, 0xf7, 0xdf, 0xff, 0xbe, 0xf7, 0xbf, 0xf7, 0xbf, 0xff,
    0xbe, 0xff, 0xbf, 0xf7, 0xdf, 0xff, 0xbe, 0xf7, 0xbf, 0xff, 0xdf, 0xff,
    0xbe, 0xf7, 0xbf, 0xff, 0xdf, 0xff, 0xdf, 0xff, 0xbf, 0xf7, 0xbf, 0xf7,
    0xdf, 0xff, 0x28, 0x42, 0x21, 0x08, 0x41, 0x08, 0x21, 0x08, 0x41, 0x08,
    0x21, 0x00, 0x28, 0x42, 0xdf, 0xff, 0xbf, 0xff, 0xbe, 0xf7, 0xbf, 0xff,
    0xdf, 0xf7, 0xde, 0xf7, 0xbf, 0xff, 0xde, 0xff, 0xdf, 0xf7, 0xbe, 0xff,
    0xdf, 0xff, 0xbf, 0xf7, 0xbe, 0xff, 0xdf, 0xf7, 0xbe, 0xff, 0xbf, 0xff,
    0xbf, 0xff, 0xbe, 0xf7, 0xbf, 0xff, 0xdf, 0xff, 0xbe, 0xf7, 0xbf, 0xff,
    0xdf, 0xf7, 0x28, 0x42, 0x0c, 0x63, 0xdf, 0xff, 0xbf, 0xf7, 0x59, 0xce,
    0x10, 0x84, 0x29, 0x42, 0x29, 0x42, 0x29, 0x42, 0x29, 0x42, 0x29, 0x42,
    0x29, 0x42, 0x29, 0x42, 0x29, 0x42, 0x29, 0x42, 0x29, 0x42, 0x29, 0x42,
    0x29, 0x42, 0x08, 0x42, 0x28, 0x42, 0x29, 0x42, 0x28, 0x42, 0x8e, 0x73,
    0x76, 0xad, 0xbf, 0xff, 0xdf, 0xf7, 0x55, 0xad, 0xc3, 0x18, 0xbe, 0xf7,
    0xdf, 0xff, 0xbe, 0xf7, 0xbf, 0xff, 0xbf, 0xf7, 0xbe, 0xff, 0xdf, 0xff,
    0xbf, 0xf7, 0xbe, 0xff, 0xbe, 0xff, 0xbf, 0xff, 0xbf, 0xf7, 0x10, 0x84,
    0xaa, 0x52, 0x3d, 0xef, 0xbf, 0xff, 0xdb, 0xde, 0x72, 0x8c, 0x8a, 0x52,
    0x29, 0x42, 0x29, 0x42, 0x29, 0x42, 0x29, 0x42, 0x28, 0x42, 0x29, 0x42,
    0x29, 0x42, 0x28, 0x42, 0x29, 0x42, 0x09, 0x42, 0x29, 0x42, 0x28, 0x42,
    0x29, 0x42, 0x28, 0x42, 0x29, 0x42, 0x0c, 0x63, 0xf4, 0x9c, 0x5d, 0xef,
    0xdf, 0xff, 0x59, 0xce, 0xa7, 0x31, 0xd7, 0xbd, 0xdf, 0xff, 0xbf, 0xff,
    0xbe, 0xf7, 0xdf, 0xff, 0xbe, 0xff, 0xbf, 0xf7, 0xbf, 0xff, 0xbe, 0xff,
    0xdf, 0xf7, 0xbe, 0xff, 0xbe, 0xf7, 0xf7, 0xbd, 0xa6, 0x31, 0x59, 0xce,
    0xbf, 0xff, 0x3d, 0xef, 0xf4, 0x9c, 0x0c, 0x63, 0x29, 0x42, 0x29, 0x42,
    0x29, 0x42, 0x29, 0x42, 0x29, 0x42, 0x29, 0x42, 0x29, 0x42, 0x29, 0x42,
    0x08, 0x42, 0x29, 0x42, 0x29, 0x42, 0x28, 0x42, 0x29, 0x42, 0x28, 0x42,
    0x29, 0x42, 0x8a, 0x52, 0x72, 0x8c, 0xdb, 0xde, 0xdf, 0xf7, 0x3d, 0xef,
    0x8a, 0x52, 0x10, 0x84, 0xbe, 0xff, 0xbf, 0xff, 0xbf, 0xf7, 0xde, 0xff,
    0xbf, 0xf7, 0xbf, 0xff, 0xde, 0xf7, 0xbf, 0xff, 0xbf, 0xff, 0xbe, 0xf7,
    0xbe, 0xf7, 0xdf, 0xff, 0xbf, 0xff, 0xbe, 0xf7, 0xdf, 0xff, 0xbf, 0xff,
    0xbe, 0xf7, 0xbf, 0xff, 0xbe, 0xf7, 0xbe, 0xff, 0xdf, 0xff, 0xbf, 0xf7,
    0x28, 0x42, 0x41, 0x08, 0x21, 0x08, 0x41, 0x08, 0x21, 0x08, 0x41, 0x00,
    0x41, 0x08, 0x41, 0x08, 0xbf, 0xf7, 0xdf, 0xff, 0xde, 0xf7, 0xbf, 0xff,
    0xbf, 0xff, 0xdf, 0xf7, 0xdf, 0xff, 0xbe, 0xff, 0xbf, 0xf7, 0xbf, 0xff,
    0xde, 0xff, 0xbf, 0xf7, 0xbf, 0xff, 0xde, 0xff, 0xbf, 0xf7, 0xbf, 0xff,
    0xbe, 0xf7, 0xbf, 0xff, 0xbf, 0xff, 0xbe, 0xf7, 0xbe, 0xf7, 0xbf, 0xff,
    0xbe, 0xf7, 0x10, 0x84, 0x41, 0x08, 0xa3, 0x18, 0x8a, 0x52, 0x10, 0x7c,
    0xf0, 0x83, 0x10, 0x84, 0xf0, 0x7b, 0xf0, 0x83, 0xf0, 0x83, 0xf0, 0x83,
    0xf0, 0x83, 0xf0, 0x83, 0xf0, 0x83, 0x10, 0x84, 0xf0, 0x7b, 0xf0, 0x7b,
    0xf0, 0x83, 0xf0, 0x83, 0x10, 0x84, 0xf0, 0x7b, 0x10, 0x84, 0x10, 0x7c,
    0x10, 0x84, 0x10, 0x84, 0xaa, 0x52, 0x21, 0x08, 0x41, 0x08, 0xd7, 0xbd,
    0xdf, 0xf7, 0xde, 0xf7, 0xbe, 0xf7, 0xbf, 0xff, 0xdf, 0xff, 0xbe, 0xf7,
    0xbf, 0xff, 0xdf, 0xff, 0xbf, 0xf7, 0xbe, 0xff, 0xdf, 0xff, 0xf7, 0xbd,
    0x41, 0x08, 0x41, 0x08, 0x28, 0x42, 0x10, 0x84, 0xf0, 0x7b, 0x10, 0x84,
    0xf0, 0x7b, 0xf0, 0x83, 0x10, 0x84, 0xf0, 0x83, 0xf0, 0x83, 0xf0, 0x83,
    0xf0, 0x83, 0xf0, 0x83, 0xf0, 0x83, 0xf0, 0x7b, 0xf0, 0x83, 0xf0, 0x7b,
    0xf0, 0x83, 0xf0, 0x83, 0x10, 0x7c, 0x10, 0x84, 0xf0, 0x7b, 0x10, 0x84,
    0x0c, 0x63, 0xa3, 0x10, 0x41, 0x08, 0x10, 0x84, 0xbe, 0xf7, 0xbe, 0xf7,
    0xbf, 0xff, 0xbf, 0xff, 0xbf, 0xff, 0xbe, 0xff, 0xbf, 0xff, 0xbe, 0xf7,
    0xbf, 0xff, 0xbf, 0xf7, 0xde, 0xff, 0xbf, 0xff, 0xbe, 0xf7, 0xbf, 0xff,
    0xde, 0xff, 0xbf, 0xf7, 0xbe, 0xf7, 0xbf, 0xff, 0xbe, 0xf7, 0xdf, 0xff,
    0xbe, 0xff, 0xdf, 0xf7, 0x28, 0x42, 0x41, 0x08, 0x42, 0x00, 0x21, 0x00,
    0x41, 0x08, 0x41, 0x08, 0x28, 0x42, 0xbf, 0xf7, 0xbf, 0xff, 0xbe, 0xff,
    0xdf, 0xff, 0xbf, 0xf7, 0xbe, 0xff, 0xbf, 0xff, 0xbf, 0xf7, 0xbe, 0xff,
    0xbf, 0xf7, 0xbe, 0xf7, 0xdf, 0xff, 0xbf, 0xff, 0xbe, 0xf7, 0xbf, 0xf7,
    0xde, 0xff, 0xbf, 0xf7, 0xbe, 0xff, 0xdf, 0xff, 0xbe, 0xf7, 0xbf, 0xff,
    0xbf, 0xff, 0xde, 0xf7, 0x28, 0x42, 0x21, 0x08, 0x25, 0x21, 0x0c, 0x63,
    0xf0, 0x83, 0x10, 0x84, 0xf0, 0x7b, 0xf0, 0x7b, 0xf0, 0x83, 0xf0, 0x83,
    0xf0, 0x83, 0xf0, 0x83, 0xf0, 0x7b, 0xf0, 0x83, 0x10, 0x84, 0xf0, 0x83,
    0xf0, 0x83, 0xf0, 0x7b, 0xf0, 0x83, 0xf0, 0x83, 0xf0, 0x7b, 0xf0, 0x7b,
    0xf0, 0x7b, 0x10, 0x84, 0x10, 0x84, 0xa6, 0x31, 0x41, 0x08, 0x21, 0x08,
    0xdf, 0xff, 0xbf, 0xf7, 0xbe, 0xff, 0xdf, 0xff, 0xbe, 0xf7, 0xbf, 0xff,
    0xbf, 0xf7, 0xde, 0xff, 0xbf, 0xff, 0xbf, 0xf7, 0xbe, 0xff, 0xbf, 0xff,
    0x10, 0x84, 0x41, 0x00, 0xc2, 0x18, 0x8a, 0x52, 0x10, 0x84, 0x10, 0x84,
    0x10, 0x84, 0xf0, 0x7b, 0xf0, 0x83, 0xf0, 0x83, 0xf0, 0x83, 0xf0, 0x83,
    0xf0, 0x7b, 0xf0, 0x83, 0x10, 0x84, 0xf0, 0x83, 0xf0, 0x7b, 0xf0, 0x7b,
    0x10, 0x84, 0xf0, 0x83, 0xf0, 0x7b, 0xf0, 0x7b, 0xf0, 0x83, 0x10, 0x84,
    0xf0, 0x7b, 0x8a, 0x52, 0x41, 0x08, 0x41, 0x08, 0xd7, 0xbd, 0xdf, 0xf7,
    0xbe, 0xff, 0xbf, 0xf7, 0xbf, 0xff, 0xbe, 0xff, 0xdf, 0xf7, 0xbf, 0xff,
    0xbe, 0xff, 0xbf, 0xf7, 0xbf, 0xff, 0xdf, 0xff, 0xf7, 0xbd, 0x41, 0x08,
    0x41, 0x08, 0x28, 0x42, 0x10, 0x7c, 0xf0, 0x7b, 0xf0, 0x83, 0xf0, 0x83,
    0x10, 0x84, 0xf0, 0x83, 0xf0, 0x83, 0xf0, 0x7b, 0xf0, 0x83, 0xf0, 0x7b,
    0x10, 0x84, 0xf0, 0x83, 0xf0, 0x7b, 0xf0, 0x83, 0xf0, 0x83, 0xf0, 0x7b,
    0xf0, 0x83, 0xf0, 0x7b, 0x10, 0x84, 0x10, 0x84, 0xf0, 0x83, 0x0c, 0x63,
    0xa3, 0x10, 0x41, 0x08, 0x10, 0x7c, 0xdf, 0xff, 0xbf, 0xff, 0xbf, 0xf7,
    0xbe, 0xff, 0xbf, 0xff, 0xdf, 0xf7, 0xbe, 0xff, 0xbf, 0xff, 0xdf, 0xf7,
    0xbf, 0xff, 0xbe, 0xff, 0xdf, 0xf7, 0xbf, 0xff, 0xbe, 0xff, 0xdf, 0xf7,
    0xbf, 0xff, 0xbe, 0xff, 0xdf, 0xf7, 0xbf, 0xff, 0xbe, 0xff, 0xdf, 0xf7,
    0xbf, 0xff, 0x28, 0x42, 0x41, 0x08, 0x21, 0x08, 0x41, 0x08, 0x41, 0x08,
    0x21, 0x08, 0x41, 0x08, 0x41, 0x08, 0xbf, 0xf7, 0xbf, 0xff, 0xbe, 0xff,
    0xbf, 0xf7, 0xbe, 0xff, 0xde, 0xf7, 0xbf, 0xff, 0xbf, 0xff, 0xbe, 0xf7,
    0xbf, 0xff, 0xbf, 0xf7, 0xbe, 0xff, 0xbf, 0xff, 0xde, 0xf7, 0xbf, 0xff,
    0xbf, 0xff, 0xde, 0xf7, 0xbf, 0xff, 0xdf, 0xff, 0xbf, 0xf7, 0xdf, 0xff,
    0xbe, 0xff, 0xbf, 0xf7, 0x72, 0x8c, 0x41, 0x08, 0x41, 0x08, 0x41, 0x08,
    0x21, 0x08, 0x41, 0x08, 0x41, 0x00, 0x41, 0x08, 0x41, 0x08, 0x41, 0x00,
    0x41, 0x08, 0x41, 0x00, 0x21, 0x00, 0x41, 0x08, 0x21, 0x08, 0x41, 0x08,
    0x41, 0x08, 0x41, 0x08, 0x21, 0x00, 0x21, 0x08, 0x41, 0x08, 0x21, 0x08,
    0x21, 0x08, 0x21, 0x08, 0x41, 0x00, 0x41, 0x08, 0x21, 0x00, 0x41, 0x08,
    0xf7, 0xbd, 0xbf, 0xf7, 0xbf, 0xff, 0xdf, 0xff, 0xbf, 0xff, 0xbe, 0xf7,
    0xbe, 0xff, 0xbf, 0xff, 0xbe, 0xf7, 0xbf, 0xff, 0xbf, 0xf7, 0xdf, 0xf7,
    0x59, 0xce, 0x21, 0x00, 0x41, 0x08, 0x41, 0x08, 0x21, 0x08, 0x41, 0x08,
    0x41, 0x08, 0x41, 0x08, 0x21, 0x00, 0x41, 0x08, 0x41, 0x00, 0x41, 0x00,
    0x41, 0x08, 0x41, 0x00, 0x41, 0x08, 0x41, 0x00, 0x41, 0x08, 0x41, 0x08,
    0x41, 0x08, 0x41, 0x00, 0x41, 0x08, 0x21, 0x00, 0x41, 0x08, 0x41, 0x08,
    0x41, 0x08, 0x21, 0x08, 0x41, 0x08, 0x41, 0x08, 0x10, 0x7c, 0xbf, 0xff,
    0xde, 0xff, 0xbe, 0xf7, 0xbf, 0xff, 0xdf, 0xf7, 0xbe, 0xff, 0xdf, 0xff,
    0xdf, 0xff, 0xbe, 0xf7, 0xbf, 0xff, 0xbf, 0xff, 0xbe, 0xf7, 0xbf, 0xff,
    0xbf, 0xf7, 0xbe, 0xff, 0xdf, 0xff, 0xbf, 0xff, 0xdf, 0xff, 0xbe, 0xf7,
    0xde, 0xff, 0xdf, 0xff, 0xdf, 0xff, 0x28, 0x42, 0x21, 0x08, 0x41, 0x08,
    0x41, 0x08, 0x41, 0x08, 0x21, 0x08, 0x28, 0x42, 0xdf, 0xf7, 0xdf, 0xff,
    0xbe, 0xff, 0xdf, 0xf7, 0xdf, 0xf7, 0xbe, 0xff, 0xbf, 0xff, 0xdf, 0xf7,
    0xbe, 0xff, 0xbf, 0xff, 0xbf, 0xff, 0xbe, 0xff, 0xdf, 0xf7, 0xbf, 0xff,
    0xbe, 0xff, 0xdf, 0xff, 0xbf, 0xf7, 0xbf, 0xff, 0xbe, 0xff, 0xbf, 0xf7,
    0xbf, 0xff, 0xbe, 0xff, 0xbe, 0xf7, 0xaa, 0x52, 0x21, 0x08, 0x41, 0x08,
    0x41, 0x08, 0x21, 0x08, 0x21, 0x00, 0x41, 0x08, 0x21, 0x08, 0x41, 0x00,
    0x41, 0x08, 0x21, 0x00, 0x41, 0x08, 0x41, 0x08, 0x21, 0x00, 0x41, 0x08,
    0x41, 0x08, 0x21, 0x00, 0x41, 0x08, 0x41, 0x08, 0x41, 0x08, 0x21, 0x00,
    0x41, 0x08, 0x41, 0x08, 0x21, 0x00, 0x21, 0x08, 0x41, 0x08, 0x21, 0x08,
    0x41, 0x00, 0xdf, 0xf7, 0xbe, 0xf7, 0xbe, 0xff, 0xbf, 0xff, 0xdf, 0xf7,
    0xbe, 0xff, 0xbf, 0xff, 0xbe, 0xf7, 0xdf, 0xff, 0xdf, 0xf7, 0xbe, 0xf7,
    0xdf, 0xff, 0x71, 0x8c, 0x41, 0x08, 0x41, 0x08, 0x41, 0x00, 0x21, 0x00,
    0x41, 0x08, 0x41, 0x00, 0x21, 0x08, 0x41, 0x08, 0x41, 0x00, 0x41, 0x08,
    0x41, 0x00, 0x21, 0x08, 0x41, 0x08, 0x21, 0x00, 0x41, 0x08, 0x41, 0x08,
    0x41, 0x08, 0x21, 0x08, 0x41, 0x08, 0x21, 0x08, 0x41, 0x08, 0x41, 0x08,
    0x21, 0x08, 0x21, 0x00, 0x41, 0x08, 0x41, 0x08, 0x41, 0x08, 0x59, 0xce,
    0xbe, 0xf7, 0xbf, 0xff, 0xbf, 0xff, 0xbe, 0xf7, 0xdf, 0xff, 0xbe, 0xf7,
    0xbf, 0xff, 0xdf, 0xf7, 0xbe, 0xff, 0xbf, 0xff, 0xdf, 0xf7, 0x59, 0xce,
    0x41, 0x08, 0x21, 0x08, 0x41, 0x08, 0x41, 0x08, 0x21, 0x08, 0x41, 0x00,
    0x41, 0x08, 0x21, 0x00, 0x41, 0x08, 0x41, 0x00, 0x41, 0x08, 0x41, 0x08,
    0x21, 0x08, 0x41, 0x00, 0x41, 0x08, 0x41, 0x08, 0x41, 0x08, 0x41, 0x08,
    0x21, 0x08, 0x41, 0x08, 0x41, 0x08, 0x21, 0x00, 0x41, 0x08, 0x41, 0x00,
    0x21, 0x08, 0x41, 0x08, 0x41, 0x08, 0x71, 0x8c, 0xbe, 0xf7, 0xdf, 0xf7,
    0xbe, 0xff, 0xbf, 0xff, 0xde, 0xf7, 0xbf, 0xff, 0xbe, 0xff, 0xbe, 0xf7,
    0xdf, 0xff, 0xbf, 0xff, 0xbe, 0xf7, 0xbf, 0xff, 0xbf, 0xff, 0xbe, 0xf7,
    0xbf, 0xff, 0xbe, 0xf7, 0xdf, 0xff, 0xbf, 0xff, 0xbf, 0xf7, 0xbe, 0xff,
    0xdf, 0xf7, 0xdf, 0xf7, 0x28, 0x42, 0x41, 0x08, 0x21, 0x00, 0x41, 0x08,
    0x41, 0x00, 0x41, 0x08, 0x41, 0x08, 0x41, 0x08, 0xbf, 0xf7, 0xdf, 0xf7,
    0xbe, 0xff, 0xbf, 0xff, 0xbf, 0xf7, 0xde, 0xf7, 0xdf, 0xff, 0xbf, 0xff,
    0xde, 0xf7, 0xbf, 0xff, 0xdf, 0xff, 0xbe, 0xf7, 0xbf, 0xff, 0xbf, 0xf7,
    0xbe, 0xff, 0xdf, 0xff, 0xbe, 0xf7, 0xbe, 0xff, 0xbf, 0xf7, 0xde, 0xff,
    0xbf, 0xff, 0xbf, 0xff, 0xbe, 0xff, 0xdb, 0xde, 0x21, 0x08, 0x41, 0x08,
    0x21, 0x00, 0x41, 0x08, 0x21, 0x00, 0x21, 0x08, 0x41, 0x08, 0x21, 0x00,
    0x21, 0x08, 0x41, 0x08, 0x21, 0x00, 0x41, 0x08, 0x41, 0x00, 0x21, 0x00,
    0x21, 0x08, 0x41, 0x08, 0x41, 0x08, 0x41, 0x08, 0x41, 0x00, 0x41, 0x08,
    0x41, 0x00, 0x41, 0x08, 0x21, 0x00, 0x41, 0x08, 0x41, 0x08, 0x41, 0x08,
    0xa3, 0x10, 0xdf, 0xff, 0xbe, 0xf7, 0xdf, 0xff, 0xdf, 0xf7, 0xbe, 0xff,
    0xdf, 0xff, 0xbf, 0xf7, 0xdf, 0xff, 0xbe, 0xff, 0xbe, 0xf7, 0xdf, 0xff,
    0xbe, 0xff, 0xbe, 0xf7, 0x25, 0x29, 0x21, 0x08, 0x41, 0x00, 0x21, 0x00,
    0x41, 0x08, 0x21, 0x00, 0x41, 0x08, 0x21, 0x08, 0x21, 0x00, 0x41, 0x08,
    0x21, 0x08, 0x21, 0x00, 0x41, 0x08, 0x21, 0x00, 0x21, 0x08, 0x41, 0x08,
    0x21, 0x00, 0x21, 0x08, 0x41, 0x08, 0x41, 0x08, 0x41, 0x08, 0x21, 0x00,
    0x21, 0x08, 0x41, 0x08, 0x41, 0x00, 0x21, 0x00, 0x21, 0x08, 0x59, 0xce,
    0xdf, 0xf7, 0xbf, 0xf7, 0xdf, 0xff, 0xbe, 0xff, 0xbf, 0xf7, 0xbf, 0xf7,
    0xbe, 0xff, 0xbf, 0xf7, 0xde, 0xff, 0xbf, 0xff, 0xdf, 0xf7, 0xde, 0xff,
    0xbf, 0xff, 0xbf, 0xf7, 0xbe, 0xf7, 0xbf, 0xff, 0xbf, 0xff, 0xbe, 0xf7,
    0xbf, 0xff, 0xbf, 0xff, 0xbf, 0xf7, 0xbf, 0xf7, 0x28, 0x42, 0x21, 0x08,
    0x41, 0x08, 0x41, 0x00, 0x41, 0x08, 0x21, 0x08, 0x28, 0x42, 0xbf, 0xf7,
    0xbf, 0xff, 0xbe, 0xff, 0xdf, 0xff, 0xdf, 0xff, 0xbe, 0xf7, 0xbf, 0xff,
    0xdf, 0xff, 0xbe, 0xf7, 0xdf, 0xff, 0xbf, 0xf7, 0xbe, 0xff, 0xbf, 0xff,
    0xbf, 0xf7, 0xbe, 0xff, 0xbf, 0xff, 0xdf, 0xf7, 0xbe, 0xff, 0xbf, 0xff,
    0xdf, 0xf7, 0xde, 0xff, 0xbf, 0xff, 0xdf, 0xff, 0xf4, 0x9c, 0x41, 0x08,
    0x21, 0x08, 0x41, 0x08, 0x41, 0x00, 0x41, 0x08, 0x41, 0x08, 0x21, 0x08,
    0x41, 0x00, 0x41, 0x08, 0x21, 0x00, 0x41, 0x08, 0x41, 0x08, 0x21, 0x00,
    0x41, 0x08, 0x41, 0x00, 0x21, 0x08, 0x41, 0x08, 0x41, 0x00, 0x21, 0x08,
    0x41, 0x08, 0x41, 0x08, 0x41, 0x08, 0x41, 0x08, 0x41, 0x08, 0x21, 0x00,
    0x41, 0x08, 0x8a, 0x52, 0xbf, 0xff, 0xbf, 0xf7, 0xdf, 0xf7, 0xbe, 0xff,
    0xbf, 0xff, 0xdf, 0xf7, 0xbe, 0xff, 0xbf, 0xff, 0xbf, 0xf7, 0xbe, 0xff,
    0xbf, 0xff, 0xdf, 0xf7, 0xdb, 0xde, 0x21, 0x08, 0x21, 0x00, 0x41, 0x08,
    0x21, 0x08, 0x41, 0x08, 0x21, 0x00, 0x41, 0x08, 0x21, 0x00, 0x41, 0x08,
    0x21, 0x00, 0x41, 0x08, 0x41, 0x08, 0x21, 0x00, 0x41, 0x00, 0x41, 0x08,
    0x21, 0x00, 0x41, 0x08, 0x21, 0x00, 0x41, 0x08, 0x41, 0x08, 0x41, 0x00,
    0x41, 0x08, 0x41, 0x08, 0x41, 0x08, 0x21, 0x00, 0x41, 0x08, 0x25, 0x21,
    0xbf, 0xf7, 0xde, 0xf7, 0xbf, 0xff, 0xbe, 0xff, 0xdf, 0xf7, 0xbf, 0xff,
    0xbe, 0xff, 0xbf, 0xf7, 0xdf, 0xff, 0xbe, 0xff, 0xbe, 0xf7, 0xbf, 0xf7,
    0xdf, 0xff, 0x24, 0x21, 0x41, 0x08, 0x21, 0x00, 0x41, 0x08, 0x41, 0x08,
    0x21, 0x08, 0x41, 0x00, 0x21, 0x08, 0x21, 0x00, 0x41, 0x08, 0x21, 0x00,
    0x21, 0x08, 0x41, 0x00, 0x21, 0x08, 0x41, 0x08, 0x41, 0x08, 0x21, 0x00,
    0x41, 0x08, 0x41, 0x08, 0x21, 0x00, 0x41, 0x08, 0x41, 0x08, 0x41, 0x08,
    0x21, 0x00, 0x41, 0x08, 0x21, 0x08, 0x41, 0x08, 0xdb, 0xde, 0xbe, 0xf7,
    0xdf, 0xff, 0xbf, 0xff, 0xbe, 0xf7, 0xbf, 0xff, 0xdf, 0xff, 0xbf, 0xf7,
    0xbe, 0xf7, 0xbf, 0xff, 0xde, 0xff, 0xbf, 0xf7, 0xbe, 0xff, 0xdf, 0xf7,
    0xdf, 0xff, 0xbe, 0xff, 0xbf, 0xf7, 0xbe, 0xff, 0xdf, 0xff, 0xbe, 0xf7,
    0xbf, 0xff, 0xde, 0xff, 0xbf, 0xf7, 0x28, 0x42, 0x41, 0x08, 0x21, 0x00,
    0x41, 0x08, 0x41, 0x08, 0x41, 0x08, 0x21, 0x00, 0x41, 0x08, 0xbf, 0xf7,
    0xdf, 0xf7, 0xbe, 0xff, 0xbf, 0xff, 0xbf, 0xff, 0xdf, 0xf7, 0xbe, 0xf7,
    0xbf, 0xff, 0xbe, 0xff, 0xbf, 0xf7, 0xbe, 0xff, 0xdf, 0xff, 0xbf, 0xf7,
    0xbe, 0xff, 0xdf, 0xf7, 0xbf, 0xff, 0xbf, 0xff, 0xbf, 0xf7, 0xbe, 0xff,
    0xbf, 0xf7, 0xbe, 0xf7, 0xdf, 0xf7, 0xdf, 0xff, 0xde, 0xf7, 0x0c, 0x63,
    0x21, 0x00, 0x41, 0x08, 0x41, 0x00, 0x41, 0x08, 0x41, 0x08, 0x41, 0x08,
    0x41, 0x08, 0x41, 0x08, 0x41, 0x08, 0x41, 0x08, 0x41, 0x08, 0x41, 0x08,
    0x41, 0x08, 0x41, 0x08, 0x41, 0x00, 0x21, 0x08, 0x41, 0x00, 0x41, 0x08,
    0x21, 0x08, 0x41, 0x08, 0x41, 0x08, 0x41, 0x08, 0x41, 0x00, 0x41, 0x08,
    0x41, 0x08, 0xf0, 0x7b, 0xdf, 0xff, 0xbe, 0xff, 0xbf, 0xf7, 0xbe, 0xff,
    0xbf, 0xff, 0xbf, 0xf7, 0xbe, 0xff, 0xdf, 0xf7, 0xbf, 0xff, 0xbf, 0xff,
    0xbf, 0xf7, 0xbf, 0xff, 0xdf, 0xf7, 0xf4, 0x9c, 0x41, 0x08, 0x41, 0x08,
    0x41, 0x08, 0x21, 0x00, 0x41, 0x08, 0x41, 0x08, 0x41, 0x08, 0x41, 0x08,
    0x41, 0x08, 0x41, 0x08, 0x41, 0x08, 0x41, 0x08, 0x41, 0x08, 0x41, 0x08,
    0x21, 0x00, 0x21, 0x00, 0x41, 0x08, 0x21, 0x08, 0x21, 0x00, 0x41, 0x08,
    0x21, 0x08, 0x21, 0x00, 0x41, 0x08, 0x41, 0x08, 0x41, 0x08, 0x08, 0x42,
    0xbe, 0xf7, 0xdf, 0xff, 0xbf, 0xf7, 0xbe, 0xf7, 0xbf, 0xff, 0xde, 0xff,
    0xbf, 0xff, 0xbf, 0xf7, 0xbe, 0xff, 0xbf, 0xff, 0xbe, 0xf7, 0xbf, 0xf7,
    0xbe, 0xff, 0xdf, 0xff, 0xdf, 0xff, 0xbe, 0xf7, 0xbe, 0xff, 0xdf, 0xf7,
    0xdf, 0xff, 0xdf, 0xff, 0xbe, 0xf7, 0xdf, 0xf7, 0xdf, 0xff, 0x28, 0x42,
    0x41, 0x08, 0x41, 0x08, 0x21, 0x08, 0x41, 0x08, 0x21, 0x00, 0x28, 0x42,
    0xbf, 0xff, 0xdf, 0xff, 0xbf, 0xf7, 0xbe, 0xf7, 0xdf, 0xff, 0xdf, 0xf7,
    0xbe, 0xf7, 0xbf, 0xff, 0xbe, 0xff, 0xbf, 0xf7, 0xde, 0xf7, 0xbf, 0xff,
    0xde, 0xff, 0xbf, 0xf7, 0xbe, 0xff, 0xdf, 0xf7, 0xbe, 0xff, 0xbe, 0xf7,
    0xbf, 0xff, 0xbf, 0xf7, 0xbe, 0xf7, 0xbf, 0xff, 0xdf, 0xf7, 0x3c, 0xe7,
    0x25, 0x21, 0x41, 0x08, 0x21, 0x08, 0x41, 0x08, 0x41, 0x08, 0x41, 0x08,
    0x41, 0x08, 0x41, 0x08, 0x41, 0x08, 0x41, 0x08, 0x41, 0x08, 0x41, 0x08,
    0x41, 0x08, 0x41, 0x08, 0x21, 0x00, 0x41, 0x08, 0x41, 0x08, 0x41, 0x08,
    0x21, 0x00, 0x21, 0x08, 0x41, 0x00, 0x41, 0x08, 0x21, 0x00, 0x41, 0x00,
    0x41, 0x08, 0x21, 0x08, 0xf8, 0xbd, 0xbe, 0xff, 0xdf, 0xff, 0xbe, 0xf7,
    0xbf, 0xff, 0xbe, 0xf7, 0xbf, 0xff, 0xdf, 0xf7, 0xbe, 0xff, 0xbf, 0xff,
    0xbe, 0xff, 0xbf, 0xf7, 0xbe, 0xff, 0xbe, 0xf7, 0x8a, 0x52, 0x41, 0x08,
    0x41, 0x08, 0x41, 0x08, 0x21, 0x00, 0x41, 0x08, 0x41, 0x08, 0x41, 0x08,
    0x41, 0x08, 0x41, 0x08, 0x21, 0x08, 0x41, 0x08, 0x41, 0x08, 0x41, 0x08,
    0x41, 0x08, 0x41, 0x08, 0x21, 0x00, 0x41, 0x08, 0x21, 0x08, 0x21, 0x00,
    0x41, 0x08, 0x21, 0x00, 0x41, 0x08, 0x21, 0x00, 0x41, 0x08, 0x41, 0x08,
    0xf0, 0x7b, 0xbf, 0xff, 0xbe, 0xf7, 0xdf, 0xf7, 0xbf, 0xff, 0xbe, 0xff,
    0xbf, 0xf7, 0xbf, 0xff, 0xde, 0xff, 0xbf, 0xf7, 0xbf, 0xff, 0xbe, 0xff,
    0xbf, 0xff, 0xbe, 0xf7, 0x10, 0x84, 0x41, 0x08, 0x21, 0x00, 0x41, 0x08,
    0x21, 0x00, 0x41, 0x08, 0x41, 0x08, 0x41, 0x08, 0x41, 0x08, 0x41, 0x08,
    0x41, 0x08, 0x41, 0x08, 0x41, 0x08, 0x41, 0x08, 0x41, 0x00, 0x21, 0x00,
    0x21, 0x08, 0x41, 0x00, 0x41, 0x08, 0x41, 0x08, 0x21, 0x00, 0x21, 0x08,
    0x41, 0x08, 0x21, 0x00, 0x41, 0x08, 0x41, 0x08, 0x09, 0x42, 0xdf, 0xf7,
    0xdf, 0xf7, 0xbe, 0xf7, 0xbf, 0xff, 0xbf, 0xf7, 0xde, 0xff, 0xbf, 0xff,
    0xbf, 0xf7, 0xbf, 0xff, 0xbe, 0xff, 0xdf, 0xf7, 0xbf, 0xff, 0xbe, 0xff,
    0xbf, 0xf7, 0xbf, 0xff, 0xde, 0xff, 0xbf, 0xf7, 0xbf, 0xff, 0xbe, 0xf7,
    0xbf, 0xff, 0xbf, 0xff, 0xde, 0xf7, 0xbf, 0xff, 0x28, 0x42, 0x41, 0x08,
    0x21, 0x08, 0x41, 0x08, 0x41, 0x08, 0x42, 0x08, 0x41, 0x08, 0x41, 0x08,
    0xbf, 0xff, 0xde, 0xf7, 0xbf, 0xff, 0xbe, 0xff, 0xdf, 0xff, 0xde, 0xf7,
    0xbf, 0xf7, 0xbf, 0xff, 0xdf, 0xff, 0xbe, 0xf7, 0xbf, 0xff, 0xdf, 0xff,
    0xbe, 0xf7, 0xbe, 0xff, 0xbf, 0xff, 0xbe, 0xf7, 0xdf, 0xff, 0xdf, 0xff,
    0xbf, 0xff, 0xbe, 0xff, 0xbf, 0xff, 0xbf, 0xff, 0xbf, 0xf7, 0xdf, 0xf7,
    0x5d, 0xef, 0xc3, 0x18, 0x21, 0x08, 0x41, 0x08, 0x21, 0x00, 0x41, 0x08,
    0x21, 0x00, 0x41, 0x08, 0x41, 0x00, 0x21, 0x08, 0x41, 0x08, 0x21, 0x08,
    0x41, 0x08, 0x41, 0x08, 0x41, 0x00, 0x41, 0x08, 0x21, 0x00, 0x21, 0x08,
    0x22, 0x08, 0x41, 0x08, 0x41, 0x00, 0x41, 0x08, 0x21, 0x00, 0x21, 0x08,
    0x41, 0x08, 0xa7, 0x31, 0xbf, 0xf7, 0xbe, 0xf7, 0xdf, 0xff, 0xdf, 0xf7,
    0xbe, 0xf7, 0xbf, 0xff, 0xbf, 0xff, 0xbe, 0xf7, 0xbe, 0xff, 0xdf, 0xf7,
    0xbe, 0xff, 0xbe, 0xff, 0xbf, 0xff, 0xdf, 0xf7, 0xbe, 0xf7, 0x08, 0x42,
    0x41, 0x08, 0x21, 0x08, 0x21, 0x08, 0x41, 0x08, 0x41, 0x08, 0x41, 0x00,
    0x41, 0x08, 0x41, 0x08, 0x21, 0x00, 0x41, 0x08, 0x41, 0x08, 0x41, 0x08,
    0x41, 0x08, 0x41, 0x08, 0x41, 0x08, 0x41, 0x08, 0x41, 0x08, 0x41, 0x00,
    0x21, 0x08, 0x41, 0x08, 0x41, 0x00, 0x41, 0x08, 0x41, 0x08, 0xa3, 0x10,
    0xdb, 0xde, 0xdf, 0xf7, 0xbe, 0xff, 0xbe, 0xf7, 0xdf, 0xff, 0xbf, 0xff,
    0xbe, 0xf7, 0xdf, 0xff, 0xbf, 0xff, 0xde, 0xf7, 0xbf, 0xff, 0xbf, 0xff,
    0xbe, 0xff, 0xbf, 0xf7, 0xbe, 0xff, 0xbf, 0xff, 0xbf, 0xff, 0xde, 0xf7,
    0xbf, 0xff, 0xbf, 0xff, 0xbe, 0xf7, 0xdf, 0xff, 0xbe, 0xff, 0xbf, 0xff,
    0x28, 0x42, 0x41, 0x08, 0x42, 0x00, 0x21, 0x08, 0x41, 0x08, 0x41, 0x08,
    0x28, 0x42, 0xbf, 0xf7, 0xbf, 0xff, 0xbe, 0xff, 0xdf, 0xff, 0xbf, 0xff,
    0xbe, 0xf7, 0xbf, 0xff, 0xbf, 0xff, 0xbf, 0xf7, 0xbe, 0xff, 0xbf, 0xff,
    0xbf, 0xf7, 0xde, 0xff, 0xbf, 0xff, 0xbf, 0xf7, 0xbe, 0xff, 0xbf, 0xff,
    0xdf, 0xf7, 0xbe, 0xff, 0xbf, 0xff, 0xbf, 0xff, 0xbe, 0xff, 0xbe, 0xf7,
    0xdf, 0xff, 0xd7, 0xbd, 0x41, 0x08, 0x41, 0x00, 0x41, 0x08, 0x21, 0x00,
    0x41, 0x08, 0x21, 0x00, 0x21, 0x08, 0x41, 0x08, 0x21, 0x00, 0x21, 0x08,
    0x41, 0x00, 0x41, 0x08, 0x21, 0x08, 0x41, 0x08, 0x21, 0x00, 0x21, 0x08,
    0x41, 0x08, 0x41, 0x08, 0x41, 0x08, 0x41, 0x00, 0x42, 0x08, 0x41, 0x08,
    0x41, 0x08, 0x41, 0x08, 0x6e, 0x6b, 0xbf, 0xf7, 0xbe, 0xf7, 0xbe, 0xf7,
    0xdf, 0xff, 0xdf, 0xff, 0xbe, 0xf7, 0xbf, 0xff, 0xbf, 0xff, 0xde, 0xf7,
    0xbf, 0xff, 0xdf, 0xf7, 0xbf, 0xff, 0xbf, 0xff, 0xdf, 0xf7, 0x5d, 0xe7,
    0xa3, 0x10, 0x21, 0x00, 0x41, 0x08, 0x41, 0x08, 0x21, 0x00, 0x41, 0x08,
    0x41, 0x08, 0x21, 0x00, 0x41, 0x08, 0x41, 0x00, 0x41, 0x08, 0x21, 0x08,
    0x41, 0x08, 0x21, 0x00, 0x41, 0x08, 0x21, 0x00, 0x41, 0x08, 0x41, 0x08,
    0x41, 0x08, 0x21, 0x00, 0x41, 0x08, 0x41, 0x08, 0x41, 0x08, 0x41, 0x08,
    0x09, 0x42, 0xdf, 0xf7, 0xbe, 0xff, 0xdf, 0xff, 0xdf, 0xf7, 0xbe, 0xff,
    0xbf, 0xff, 0xde, 0xf7, 0xbf, 0xff, 0xbe, 0xf7, 0xbf, 0xff, 0xdf, 0xf7,
    0xbf, 0xff, 0xbe, 0xff, 0xbf, 0xf7, 0xdf, 0xf7, 0x08, 0x42, 0x41, 0x08,
    0x21, 0x08, 0x41, 0x08, 0x21, 0x00, 0x41, 0x08, 0x41, 0x08, 0x41, 0x00,
    0x41, 0x08, 0x41, 0x08, 0x41, 0x00, 0x21, 0x08, 0x41, 0x08, 0x41, 0x08,
    0x21, 0x08, 0x41, 0x08, 0x41, 0x08, 0x21, 0x00, 0x41, 0x08, 0x41, 0x08,
    0x41, 0x00, 0x21, 0x08, 0x41, 0x08, 0x41, 0x00, 0xa3, 0x10, 0x3d, 0xe7,
    0xdf, 0xff, 0xbe, 0xf7, 0xdf, 0xff, 0xbe, 0xff, 0xbf, 0xf7, 0xbe, 0xff,
    0xbe, 0xff, 0xdf, 0xf7, 0xbe, 0xff, 0xbf, 0xff, 0xbf, 0xf7, 0xde, 0xff,
    0xbf, 0xff, 0xbe, 0xf7, 0xbf, 0xff, 0xbf, 0xf7, 0xde, 0xff, 0xbf, 0xff,
    0xbf, 0xf7, 0xde, 0xff, 0xbf, 0xf7, 0xdf, 0xf7, 0xbf, 0xff, 0x28, 0x42,
    0x41, 0x08, 0x21, 0x00, 0x41, 0x08, 0x41, 0x08, 0x21, 0x00, 0x41, 0x08,
    0x41, 0x08, 0xbf, 0xf7, 0xdf, 0xf7, 0xbe, 0xff, 0xbf, 0xf7, 0xbf, 0xff,
    0xde, 0xff, 0xdf, 0xf7, 0xbe, 0xff, 0xbf, 0xff, 0xbf, 0xf7, 0xbe, 0xff,
    0xbf, 0xf7, 0xdf, 0xff, 0xbf, 0xff, 0xbe, 0xf7, 0xbf, 0xff, 0xbe, 0xf7,
    0xbe, 0xf7, 0xdf, 0xff, 0xbf, 0xf7, 0xde, 0xff, 0xbe, 0xff, 0xbf, 0xff,
    0xbf, 0xff, 0xbe, 0xf7, 0x59, 0xce, 0xa7, 0x31, 0x21, 0x08, 0x41, 0x08,
    0x41, 0x08, 0x21, 0x00, 0x41, 0x08, 0x41, 0x08, 0x41, 0x00, 0x21, 0x08,
    0x41, 0x00, 0x41, 0x08, 0x21, 0x08, 0x41, 0x08, 0x21, 0x00, 0x41, 0x08,
    0x41, 0x08, 0x41, 0x00, 0x21, 0x00, 0x41, 0x08, 0x21, 0x00, 0x21, 0x08,
    0x42, 0x08, 0x09, 0x42, 0x5d, 0xef, 0xbe, 0xf7, 0xbf, 0xff, 0xdf, 0xff,
    0xbe, 0xf7, 0xdf, 0xf7, 0xbe, 0xff, 0xdf, 0xff, 0xbf, 0xf7, 0xbf, 0xff,
    0xbf, 0xff, 0xde, 0xf7, 0xbf, 0xff, 0xbe, 0xff, 0xdf, 0xf7, 0xdf, 0xff,
    0x5d, 0xef, 0x8a, 0x52, 0x41, 0x00, 0x41, 0x08, 0x21, 0x00, 0x41, 0x08,
    0x21, 0x08, 0x41, 0x00, 0x41, 0x08, 0x21, 0x08, 0x41, 0x00, 0x21, 0x08,
    0x21, 0x00, 0x41, 0x08, 0x41, 0x08, 0x21, 0x00, 0x21, 0x00, 0x41, 0x08,
    0x21, 0x00, 0x41, 0x08, 0x41, 0x08, 0x41, 0x08, 0x21, 0x00, 0x25, 0x21,
    0x59, 0xce, 0xbf, 0xf7, 0xbf, 0xff, 0xbe, 0xf7, 0xdf, 0xff, 0xdf, 0xf7,
    0xbe, 0xff, 0xbf, 0xf7, 0xbe, 0xff, 0xbf, 0xf7, 0xbf, 0xff, 0xde, 0xf7,
    0xdf, 0xff, 0xbf, 0xff, 0xdf, 0xf7, 0xbe, 0xf7, 0xbf, 0xff, 0xbf, 0xf7,
    0xbe, 0xff, 0xbf, 0xff, 0xdf, 0xff, 0xbe, 0xf7, 0xbf, 0xf7, 0xdf, 0xff,
    0xdf, 0xff, 0x28, 0x42, 0x21, 0x08, 0x41, 0x08, 0x21, 0x00, 0x41, 0x08,
    0x21, 0x08, 0x28, 0x42, 0xdf, 0xf7, 0xbf, 0xff, 0xbe, 0xf7, 0xbf, 0xff,
    0xdf, 0xf7, 0xde, 0xf7, 0xbe, 0xff, 0xdf, 0xff, 0xdf, 0xf7, 0xbe, 0xff,
    0xbf, 0xff, 0xbf, 0xf7, 0xbe, 0xff, 0xdf, 0xff, 0xbf, 0xf7, 0xbe, 0xff,
    0xdf, 0xff, 0xbf, 0xf7, 0xde, 0xff, 0xdf, 0xff, 0xbf, 0xf7, 0xde, 0xf7,
    0xdf, 0xff, 0xdf, 0xf7, 0xbf, 0xff, 0x56, 0xad, 0xc3, 0x18, 0x41, 0x08,
    0x22, 0x08, 0x41, 0x08, 0x41, 0x08, 0x41, 0x00, 0x41, 0x08, 0x41, 0x08,
    0x41, 0x08, 0x41, 0x00, 0x21, 0x08, 0x41, 0x08, 0x41, 0x08, 0x41, 0x08,
    0x41, 0x00, 0x21, 0x00, 0x41, 0x08, 0x21, 0x00, 0x41, 0x08, 0x21, 0x08,
    0x41, 0x08, 0x21, 0x00, 0x10, 0x84, 0xdf, 0xff, 0xbe, 0xf7, 0xdf, 0xff,
    0xbf, 0xff, 0xbe, 0xf7, 0xbf, 0xff, 0xbf, 0xff, 0xbe, 0xf7, 0xbf, 0xff,
    0xbf, 0xff, 0xbe, 0xf7, 0xde, 0xff, 0xbf, 0xff, 0xbe, 0xf7, 0xbf, 0xff,
    0xbe, 0xff, 0x59, 0xce, 0xa7, 0x31, 0x41, 0x08, 0x21, 0x08, 0x41, 0x08,
    0x41, 0x08, 0x41, 0x00, 0x21, 0x08, 0x41, 0x08, 0x41, 0x08, 0x41, 0x00,
    0x41, 0x08, 0x21, 0x08, 0x41, 0x08, 0x21, 0x00, 0x41, 0x08, 0x41, 0x08,
    0x21, 0x00, 0x41, 0x08, 0x41, 0x08, 0x21, 0x00, 0x21, 0x08, 0x41, 0x08,
    0x8a, 0x52, 0x5d, 0xe7, 0xbf, 0xff, 0xde, 0xf7, 0xbf, 0xff, 0xde, 0xf7,
    0xbf, 0xff, 0xbf, 0xf7, 0xde, 0xff, 0xbf, 0xff, 0xbf, 0xf7, 0xde, 0xff,
    0xbe, 0xff, 0xdf, 0xf7, 0xbf, 0xff, 0xbe, 0xf7, 0xbf, 0xff, 0x5d, 0xef,
    0x8a, 0x52, 0x41, 0x00, 0x41, 0x08, 0x41, 0x08, 0x41, 0x08, 0x21, 0x00,
    0x21, 0x08, 0x41, 0x08, 0x21, 0x08, 0x41, 0x00, 0x41, 0x08, 0x21, 0x08,
    0x41, 0x00, 0x21, 0x00, 0x41, 0x08, 0x21, 0x00, 0x41, 0x08, 0x21, 0x08,
    0x21, 0x00, 0x41, 0x08, 0x41, 0x08, 0x21, 0x08, 0xa7, 0x31, 0x59, 0xce,
    0xde, 0xff, 0xbf, 0xff, 0xbe, 0xf7, 0xdf, 0xff, 0xbf, 0xff, 0xdf, 0xf7,
    0xbf, 0xff, 0xbf, 0xf7, 0xde, 0xff, 0xbf, 0xff, 0xbf, 0xf7, 0xde, 0xff,
    0xbf, 0xf7, 0xbf, 0xff, 0xde, 0xff, 0xbf, 0xf7, 0xbf, 0xff, 0xbe, 0xff,
    0xdf, 0xf7, 0xbf, 0xff, 0xbe, 0xff, 0xbe, 0xff, 0xdf, 0xf7, 0xbf, 0xf7,
    0x28, 0x42, 0x41, 0x08, 0x21, 0x08, 0x41, 0x08, 0x21, 0x08, 0x41, 0x08,
    0x41, 0x08, 0x41, 0x08, 0xbf, 0xf7, 0xdf, 0xff, 0xde, 0xf7, 0xbf, 0xff,
    0xbf, 0xf7, 0xde, 0xf7, 0xbf, 0xff, 0xbe, 0xff, 0xdf, 0xf7, 0xbe, 0xff,
    0xbe, 0xff, 0xdf, 0xf7, 0xbf, 0xff, 0xbe, 0xf7, 0xdf, 0xff, 0xdf, 0xff,
    0xbf, 0xff, 0xbe, 0xf7, 0xbf, 0xff, 0xbf, 0xf7, 0xbe, 0xf7, 0xdf, 0xff,
    0xbe, 0xff, 0xbe, 0xf7, 0xbf, 0xff, 0xbf, 0xff, 0xbe, 0xf7, 0xf3, 0x9c,
    0xa7, 0x31, 0x41, 0x08, 0x41, 0x08, 0x41, 0x08, 0x21, 0x08, 0x41, 0x08,
    0x41, 0x08, 0x41, 0x00, 0x41, 0x08, 0x22, 0x08, 0x41, 0x08, 0x41, 0x08,
    0x21, 0x00, 0x41, 0x08, 0x41, 0x08, 0x21, 0x08, 0x41, 0x08, 0x21, 0x00,
    0x8b, 0x52, 0xf4, 0x9c, 0xdf, 0xff, 0xbe, 0xf7, 0xbf, 0xff, 0xbe, 0xff,
    0xdf, 0xf7, 0xbf, 0xff, 0xbe, 0xf7, 0xbf, 0xff, 0xde, 0xff, 0xbf, 0xf7,
    0xbe, 0xff, 0xdf, 0xff, 0xbf, 0xf7, 0xbf, 0xf7, 0xbe, 0xff, 0xdf, 0xf7,
    0xbf, 0xff, 0xbe, 0xff, 0xbf, 0xf7, 0xf7, 0xbd, 0x8b, 0x52, 0x41, 0x08,
    0x41, 0x08, 0x41, 0x08, 0x22, 0x08, 0x41, 0x08, 0x41, 0x08, 0x42, 0x08,
    0x41, 0x00, 0x41, 0x08, 0x41, 0x08, 0x21, 0x00, 0x41, 0x08, 0x41, 0x08,
    0x21, 0x08, 0x41, 0x08, 0x41, 0x08, 0x21, 0x00, 0xa7, 0x31, 0x72, 0x8c,
    0xbf, 0xff, 0xbf, 0xff, 0xbe, 0xff, 0xbe, 0xf7, 0xdf, 0xff, 0xbe, 0xf7,
    0xbe, 0xf7, 0xdf, 0xf7, 0xbf, 0xff, 0xbe, 0xff, 0xdf, 0xff, 0xbf, 0xf7,
    0xbe, 0xff, 0xbe, 0xf7, 0xbf, 0xff, 0xbe, 0xff, 0xdf, 0xf7, 0xbf, 0xff,
    0xde, 0xff, 0xbf, 0xf7, 0xbe, 0xf7, 0xbf, 0xff, 0xbf, 0xff, 0xdf, 0xff,
    0xbe, 0xf7, 0xdf, 0xf7, 0x28, 0x42, 0x21, 0x08, 0x41, 0x08, 0x41, 0x00,
    0x41, 0x08, 0x21, 0x08, 0x28, 0x42, 0xdf, 0xf7, 0xbf, 0xff, 0xbe, 0xff,
    0xdf, 0xff, 0xdf, 0xf7, 0xbf, 0xff, 0xbe, 0xff, 0xbf, 0xf7, 0xbe, 0xff,
    0xdf, 0xff, 0xbf, 0xf7, 0xde, 0xff, 0xbf, 0xf7, 0xbf, 0xff, 0xde, 0xf7,
    0xbf, 0xff, 0xbf, 0xff, 0xbe, 0xf7, 0xbf, 0xff, 0xbe, 0xf7, 0xbf, 0xff,
    0xbf, 0xff, 0xbe, 0xf7, 0xdf, 0xff, 0xbe, 0xf7, 0xbf, 0xff, 0x3d, 0xe7,
    0xf0, 0x7b, 0x25, 0x21, 0x41, 0x08, 0x41, 0x08, 0x22, 0x08, 0x41, 0x08,
    0x41, 0x08, 0x41, 0x08, 0x41, 0x08, 0x41, 0x00, 0x41, 0x08, 0x41, 0x08,
    0x42, 0x00, 0x41, 0x08, 0x41, 0x08, 0x41, 0x08, 0x22, 0x00, 0x41, 0x08,
    0xc3, 0x18, 0x0c, 0x63, 0x59, 0xce, 0xbf, 0xf7, 0xbf, 0xff, 0xbf, 0xff,
    0xdf, 0xf7, 0xbe, 0xf7, 0xdf, 0xf7, 0xdf, 0xff, 0xbe, 0xff, 0xdf, 0xf7,
    0xbe, 0xff, 0xbf, 0xf7, 0xbf, 0xff, 0xbe, 0xf7, 0xdf, 0xf7, 0xbe, 0xff,
    0xbe, 0xf7, 0xdf, 0xff, 0xbe, 0xff, 0xbe, 0xf7, 0xf4, 0x9c, 0xa7, 0x31,
    0x41, 0x08, 0x41, 0x08, 0x41, 0x08, 0x41, 0x08, 0x21, 0x08, 0x41, 0x08,
    0x41, 0x00, 0x41, 0x08, 0x41, 0x08, 0x41, 0x08, 0x41, 0x08, 0x21, 0x08,
    0x41, 0x08, 0x41, 0x08, 0x21, 0x00, 0x21, 0x08, 0x41, 0x08, 0x8b, 0x52,
    0x56, 0xad, 0xdf, 0xff, 0xbe, 0xf7, 0xbf, 0xff, 0xbf, 0xf7, 0xbe, 0xf7,
    0xdf, 0xff, 0xbf, 0xff, 0xbe, 0xf7, 0xbf, 0xff, 0xbf, 0xff, 0xbe, 0xf7,
    0xbf, 0xff, 0xbf, 0xff, 0xbe, 0xf7, 0xdf, 0xf7, 0xbe, 0xf7, 0xbf, 0xff,
    0xbf, 0xff, 0xbe, 0xf7, 0xf8, 0xbd, 0x8a, 0x52, 0x21, 0x00, 0x41, 0x08,
    0x41, 0x08, 0x41, 0x08, 0x41, 0x08, 0x41, 0x00, 0x21, 0x08, 0x41, 0x08,
    0x41, 0x08, 0x21, 0x00, 0x41, 0x08, 0x41, 0x08, 0x41, 0x08, 0x41, 0x08,
    0x21, 0x00, 0x41, 0x08, 0x41, 0x00, 0xa7, 0x31, 0xf4, 0x9c, 0xbf, 0xff,
    0xdf, 0xf7, 0xde, 0xff, 0xbf, 0xff, 0xbf, 0xf7, 0xbe, 0xff, 0xbe, 0xff,
    0xbf, 0xf7, 0xde, 0xff, 0xbf, 0xff, 0xbf, 0xf7, 0xbe, 0xff, 0xdf, 0xff,
    0xbe, 0xf7, 0xbf, 0xff, 0xbf, 0xf7, 0xde, 0xff, 0xbf, 0xff, 0xbe, 0xf7,
    0xdf, 0xff, 0xbe, 0xf7, 0xbf, 0xff, 0xbf, 0xff, 0xbe, 0xf7, 0xdf, 0xff,
    0xbe, 0xff, 0x28, 0x42, 0x41, 0x08, 0x21, 0x00, 0x41, 0x08, 0x41, 0x08,
    0x41, 0x08, 0x41, 0x00, 0x21, 0x08, 0xbf, 0xf7, 0xbf, 0xff, 0xbe, 0xff,
    0xbf, 0xff, 0xbf, 0xff, 0xde, 0xf7, 0xbf, 0xf7, 0xbf, 0xff, 0xdf, 0xf7,
    0xbf, 0xff, 0xbe, 0xff, 0xbf, 0xf7, 0xbe, 0xff, 0xbf, 0xff, 0xbe, 0xf7,
    0xbf, 0xff, 0xbf, 0xff, 0xde, 0xff, 0xbf, 0xff, 0xbf, 0xff, 0xbf, 0xf7,
    0xbf, 0xff, 0xdf, 0xff, 0xdf, 0xff, 0xbf, 0xf7, 0xbe, 0xff, 0xdf, 0xff,
    0xdf, 0xf7, 0xbf, 0xff, 0xbf, 0xf7, 0xbf, 0xff, 0x75, 0xad, 0xa7, 0x31,
    0x41, 0x00, 0x41, 0x08, 0x21, 0x08, 0x21, 0x00, 0x21, 0x00, 0x41, 0x08,
    0x21, 0x08, 0x41, 0x08, 0xa7, 0x31, 0x76, 0xad, 0xbf, 0xff, 0xdf, 0xff,
    0xbf, 0xf7, 0xdf, 0xff, 0xde, 0xf7, 0xbe, 0xff, 0xbf, 0xff, 0xbf, 0xf7,
    0xbe, 0xff, 0xbe, 0xff, 0xbf, 0xf7, 0xbf, 0xff, 0xbe, 0xff, 0xbf, 0xf7,
    0xbe, 0xff, 0xdf, 0xf7, 0xbe, 0xff, 0xbf, 0xff, 0xbe, 0xff, 0xdf, 0xff,
    0xbe, 0xf7, 0xbf, 0xff, 0xbf, 0xff, 0xbe, 0xf7, 0xbf, 0xff, 0xbf, 0xff,
    0xbf, 0xf7, 0xbf, 0xf7, 0x59, 0xce, 0x8a, 0x52, 0x41, 0x00, 0x41, 0x08,
    0x21, 0x00, 0x21, 0x08, 0x21, 0x08, 0x21, 0x00, 0x21, 0x08, 0x41, 0x08,
    0xc3, 0x10, 0xf4, 0x9c, 0x3d, 0xef, 0xbf, 0xff, 0xbf, 0xf7, 0xbf, 0xff,
    0xbf, 0xff, 0xbf, 0xff, 0xde, 0xf7, 0xbf, 0xff, 0xbf, 0xff, 0xbf, 0xff,
    0xbf, 0xff, 0xbf, 0xff, 0xbf, 0xff, 0xbe, 0xf7, 0xdf, 0xff, 0xbe, 0xff,
    0xbf, 0xf7, 0xbf, 0xff, 0xbf, 0xff, 0xbe, 0xf7, 0xbf, 0xff, 0xbf, 0xff,
    0xbe, 0xf7, 0xdf, 0xff, 0xbf, 0xff, 0xbe, 0xf7, 0xdf, 0xff, 0xdf, 0xff,
    0xbe, 0xff, 0xbf, 0xf7, 0xdf, 0xff, 0x28, 0x42, 0x41, 0x08, 0x41, 0x08,
    0x21, 0x08, 0x41, 0x08, 0x21, 0x00, 0x28, 0x42, 0xbf, 0xff, 0xdf, 0xff,
    0xbe, 0xf7, 0xbf, 0xff, 0xde, 0xf7, 0xbf, 0xf7, 0xbf, 0xff, 0xbe, 0xff,
    0xbf, 0xf7, 0xbf, 0xff, 0xbe, 0xff, 0xbe, 0xf7, 0xbf, 0xff, 0xbf, 0xff,
    0xbe, 0xf7, 0xbf, 0xff, 0xbf, 0xf7, 0xde, 0xff, 0xbf, 0xff, 0xbf, 0xf7,
    0xdf, 0xff, 0xdf, 0xff, 0xbe, 0xff, 0xbf, 0xff, 0xbf, 0xff, 0xbe, 0xf7,
    0xbf, 0xff, 0xbf, 0xf7, 0xbf, 0xff, 0xdf, 0xff, 0x5d, 0xe7, 0xf4, 0x9c,
    0xa3, 0x10, 0x21, 0x00, 0x21, 0x00, 0x41, 0x08, 0x21, 0x00, 0x42, 0x08,
    0x21, 0x08, 0x21, 0x00, 0x41, 0x08, 0x8a, 0x52, 0xbb, 0xde, 0xbf, 0xff,
    0xbf, 0xf7, 0xbf, 0xf7, 0xbf, 0xff, 0xbf, 0xff, 0xbf, 0xf7, 0xbe, 0xff,
    0xbf, 0xff, 0xdf, 0xff, 0xbe, 0xff, 0xbf, 0xff, 0xbf, 0xf7, 0xbe, 0xff,
    0xbf, 0xff, 0xdf, 0xf7, 0xde, 0xff, 0xbf, 0xff, 0xbf, 0xff, 0xbf, 0xff,
    0xbf, 0xff, 0xbf, 0xf7, 0xbf, 0xff, 0xbf, 0xff, 0xbf, 0xff, 0xbe, 0xff,
    0xdf, 0xf7, 0xbf, 0xf7, 0xbf, 0xf7, 0x75, 0xad, 0xa7, 0x31, 0x41, 0x08,
    0x41, 0x08, 0x21, 0x00, 0x22, 0x08, 0x21, 0x00, 0x21, 0x00, 0x41, 0x08,
    0x41, 0x00, 0xa7, 0x31, 0xd7, 0xbd, 0xbf, 0xf7, 0xdf, 0xf7, 0xdf, 0xf7,
    0xbf, 0xff, 0xbf, 0xf7, 0xbe, 0xff, 0xbf, 0xff, 0xbe, 0xff, 0xbf, 0xff,
    0xbe, 0xff, 0xbf, 0xf7, 0xbe, 0xff, 0xbf, 0xff, 0xdf, 0xf7, 0xbe, 0xff,
    0xdf, 0xf7, 0xbf, 0xff, 0xbe, 0xff, 0xbf, 0xff, 0xbf, 0xff, 0xde, 0xff,
    0xbf, 0xf7, 0xbe, 0xff, 0xbf, 0xff, 0xbf, 0xff, 0xbf, 0xf7, 0xbf, 0xff,
    0xbf, 0xf7, 0x59, 0xce, 0x8a, 0x52, 0x41, 0x08, 0x21, 0x00, 0x21, 0x08,
    0x41, 0x00, 0x21, 0x08, 0x21, 0x08, 0x41, 0x08, 0x21, 0x00, 0xc3, 0x18,
    0xf4, 0x9c, 0xbf, 0xff, 0xbf, 0xf7, 0xbf, 0xff, 0xbf, 0xff, 0xbe, 0xf7,
    0xbf, 0xff, 0xbe, 0xff, 0xbf, 0xf7, 0xbf, 0xf7, 0xbe, 0xff, 0xdf, 0xf7,
    0xbf, 0xff, 0xbe, 0xff, 0xbf, 0xf7, 0xbe, 0xff, 0xbf, 0xf7, 0xdf, 0xff,
    0xbe, 0xff, 0xbf, 0xf7, 0xbf, 0xff, 0xbe, 0xff, 0xbf, 0xf7, 0xbf, 0xff,
    0xde, 0xff, 0xbf, 0xf7, 0xbf, 0xff, 0xde, 0xf7, 0xbf, 0xff, 0xbf, 0xf7,
    0xdf, 0xf7, 0xdf, 0xff, 0x28, 0x42, 0x41, 0x08, 0x21, 0x00, 0x41, 0x08,
    0x41, 0x00, 0x41, 0x08, 0x41, 0x08, 0x41, 0x08, 0xdf, 0xf7, 0xde, 0xf7,
    0xbf, 0xf7, 0xbe, 0xff, 0xbf, 0xff, 0xdf, 0xf7, 0xde, 0xff, 0xbf, 0xff,
    0xbe, 0xf7, 0xbf, 0xff, 0xdf, 0xf7, 0xbe, 0xff, 0xdf, 0xff, 0xbf, 0xf7,
    0xbe, 0xf7, 0xbf, 0xff, 0xde, 0xf7, 0xbf, 0xf7, 0xbe, 0xff, 0xde, 0xff,
    0xbf, 0xf7, 0xbe, 0xf7, 0xbe, 0xff, 0xbf, 0xf7, 0xdf, 0xff, 0xdf, 0xff,
    0xbe, 0xf7, 0xbf, 0xff, 0xbe, 0xff, 0xbf, 0xf7, 0xbf, 0xff, 0xbf, 0xf7,
    0x3d, 0xe7, 0x25, 0x21, 0x41, 0x08, 0x41, 0x08, 0x21, 0x00, 0x41, 0x08,
    0x41, 0x00, 0x21, 0x00, 0x25, 0x21, 0x5d, 0xef, 0xbf, 0xf7, 0xbf, 0xff,
    0xbf, 0xff, 0xbe, 0xf7, 0xdf, 0xff, 0xbf, 0xf7, 0xbe, 0xff, 0xdf, 0xff,
    0xbf, 0xf7, 0xdf, 0xff, 0xbe, 0xff, 0xdf, 0xf7, 0xbf, 0xff, 0xde, 0xf7,
    0xbf, 0xff, 0xbf, 0xff, 0xbf, 0xf7, 0xbe, 0xf7, 0xdf, 0xff, 0xbf, 0xff,
    0xbe, 0xf7, 0xbf, 0xff, 0xbf, 0xf7, 0xde, 0xff, 0xbf, 0xff, 0xbf, 0xf7,
    0xbe, 0xff, 0xbf, 0xf7, 0xbf, 0xff, 0xbe, 0xf7, 0xbf, 0xf7, 0x8a, 0x52,
    0x41, 0x08, 0x41, 0x08, 0x21, 0x00, 0x41, 0x08, 0x41, 0x08, 0x41, 0x00,
    0x42, 0x08, 0x59, 0xce, 0xbf, 0xf7, 0xbf, 0xf7, 0xdf, 0xff, 0xdf, 0xf7,
    0xde, 0xf7, 0xbe, 0xff, 0xbf, 0xf7, 0xbf, 0xff, 0xde, 0xf7, 0xbf, 0xf7,
    0xbe, 0xff, 0xdf, 0xf7, 0xbe, 0xff, 0xbe, 0xff, 0xdf, 0xf7, 0xbf, 0xf7,
    0xbe, 0xff, 0xde, 0xff, 0xdf, 0xf7, 0xbf, 0xff, 0xde, 0xf7, 0xdf, 0xff,
    0xbf, 0xff, 0xbe, 0xf7, 0xbf, 0xff, 0xbf, 0xff, 0xde, 0xf7, 0xbf, 0xff,
    0xbe, 0xf7, 0xdf, 0xff, 0xbf, 0xff, 0xbe, 0xf7, 0x28, 0x42, 0x41, 0x08,
    0x42, 0x00, 0x21, 0x00, 0x41, 0x08, 0x41, 0x08, 0x28, 0x42, 0xbf, 0xf7,
    0xbf, 0xff, 0xbf, 0xff, 0xdf, 0xff, 0xde, 0xf7, 0xdf, 0xf7, 0xbf, 0xff,
    0xde, 0xff, 0xbf, 0xf7, 0xbf, 0xff, 0xde, 0xff, 0xbf, 0xf7, 0xdf, 0xff,
    0xbe, 0xff, 0xdf, 0xf7, 0xbe, 0xff, 0xbf, 0xff, 0xdf, 0xf7, 0xbe, 0xff,
    0xbe, 0xff, 0xbf, 0xf7, 0xbe, 0xf7, 0xdf, 0xff, 0xdf, 0xff, 0xbe, 0xf7,
    0xbf, 0xff, 0xde, 0xff, 0xbe, 0xff, 0xbf, 0xff, 0xdf, 0xff, 0xbe, 0xf7,
    0xbe, 0xf7, 0x79, 0xce, 0x21, 0x08, 0x21, 0x08, 0x21, 0x08, 0x41, 0x08,
    0x21, 0x00, 0x21, 0x08, 0x41, 0x08, 0x8b, 0x52, 0xbf, 0xf7, 0xdf, 0xff,
    0xbe, 0xf7, 0xbe, 0xff, 0xbf, 0xf7, 0xbf, 0xff, 0xbe, 0xf7, 0xdf, 0xff,
    0xbe, 0xff, 0xbf, 0xf7, 0xbf, 0xff, 0xbe, 0xff, 0xdf, 0xff, 0xdf, 0xff,
    0xbe, 0xf7, 0xbf, 0xff, 0xbf, 0xff, 0xbe, 0xf7, 0xde, 0xf7, 0xbf, 0xff,
    0xbe, 0xff, 0xdf, 0xf7, 0xbe, 0xff, 0xbf, 0xf7, 0xdf, 0xf7, 0xbe, 0xff,
    0xbf, 0xff, 0xbe, 0xff, 0xbf, 0xff, 0xbf, 0xff, 0xbe, 0xf7, 0x3d, 0xe7,
    0x25, 0x21, 0x21, 0x08, 0x41, 0x08, 0x41, 0x08, 0x41, 0x08, 0x21, 0x00,
    0x42, 0x08, 0x25, 0x21, 0x5d, 0xef, 0xbf, 0xff, 0xbf, 0xff, 0xbe, 0xf7,
    0xdf, 0xff, 0xbe, 0xff, 0xbe, 0xf7, 0xbf, 0xf7, 0xbf, 0xff, 0xde, 0xf7,
    0xbf, 0xff, 0xbf, 0xff, 0xde, 0xf7, 0xbf, 0xff, 0xbf, 0xf7, 0xbe, 0xff,
    0xde, 0xff, 0xbf, 0xf7, 0xbf, 0xf7, 0xde, 0xff, 0xbf, 0xf7, 0xbf, 0xff,
    0xbe, 0xff, 0xdf, 0xf7, 0xbf, 0xf7, 0xbe, 0xff, 0xbf, 0xff, 0xbe, 0xf7,
    0xbf, 0xff, 0xbf, 0xf7, 0xbf, 0xff, 0xdf, 0xf7, 0x8a, 0x52, 0x41, 0x08,
    0x41, 0x08, 0x21, 0x00, 0x41, 0x08, 0x41, 0x00, 0x21, 0x00, 0x41, 0x08,
    0x59, 0xc6, 0xdf, 0xff, 0xbf, 0xf7, 0xdf, 0xf7, 0xbe, 0xf7, 0xbf, 0xff,
    0xbf, 0xff, 0xde, 0xf7, 0xbf, 0xff, 0xbf, 0xff, 0xbe, 0xff, 0xdf, 0xff,
    0xbf, 0xf7, 0xbf, 0xff, 0xde, 0xff, 0xbf, 0xf7, 0xbf, 0xff, 0xde, 0xff,
    0xbf, 0xf7, 0xbf, 0xff, 0xde, 0xf7, 0xbf, 0xff, 0xde, 0xff, 0xbf, 0xf7,
    0xbf, 0xff, 0xbe, 0xf7, 0xbf, 0xff, 0xbf, 0xff, 0xde, 0xff, 0xbe, 0xf7,
    0xbf, 0xff, 0xde, 0xff, 0xbf, 0xf7, 0x28, 0x42, 0x41, 0x08, 0x21, 0x08,
    0x41, 0x08, 0x41, 0x08, 0x21, 0x08, 0x41, 0x08, 0x41, 0x08, 0xbf, 0xf7,
    0xdf, 0xff, 0xbe, 0xff, 0xbf, 0xf7, 0xbf, 0xff, 0xde, 0xf7, 0xdf, 0xff,
    0xbe, 0xff, 0xbf, 0xf7, 0xbe, 0xff, 0xbf, 0xff, 0xdf, 0xf7, 0xbe, 0xff,
    0xbf, 0xff, 0xdf, 0xff, 0xbe, 0xff, 0xbf, 0xf7, 0xbf, 0xff, 0xbf, 0xf7,
    0xde, 0xff, 0xbf, 0xff, 0xdf, 0xff, 0xdf, 0xff, 0xdf, 0xff, 0xbe, 0xf7,
    0xbf, 0xff, 0xbf, 0xf7, 0xbe, 0xff, 0xbf, 0xff, 0xbe, 0xf7, 0xbe, 0xff,
    0xdf, 0xff, 0xbe, 0xf7, 0xf3, 0x9c, 0x21, 0x08, 0x41, 0x08, 0x41, 0x08,
    0x41, 0x08, 0x42, 0x08, 0x41, 0x08, 0x10, 0x84, 0xbe, 0xf7, 0xdf, 0xff,
    0xbe, 0xff, 0xbe, 0xf7, 0xdf, 0xff, 0xbf, 0xff, 0xbf, 0xf7, 0xbe, 0xff,
    0xbf, 0xf7, 0xbe, 0xff, 0xbf, 0xf7, 0xdf, 0xff, 0xbe, 0xff, 0xbf, 0xf7,
    0xbf, 0xff, 0xde, 0xff, 0xbf, 0xff, 0xbe, 0xff, 0xdf, 0xf7, 0xbf, 0xff,
    0xbe, 0xf7, 0xbf, 0xff, 0xdf, 0xff, 0xbe, 0xf7, 0xbf, 0xff, 0xdf, 0xf7,
    0xbe, 0xff, 0xde, 0xff, 0xbf, 0xff, 0xbf, 0xff, 0xdf, 0xff, 0xbe, 0xf7,
    0xdb, 0xde, 0x41, 0x08, 0x21, 0x00, 0x41, 0x08, 0x41, 0x08, 0x41, 0x08,
    0x21, 0x00, 0x09, 0x42, 0xbf, 0xff, 0xbf, 0xff, 0xbe, 0xff, 0xbf, 0xff,
    0xde, 0xf7, 0xdf, 0xff, 0xbf, 0xff, 0xbe, 0xf7, 0xbf, 0xff, 0xbf, 0xff,
    0xde, 0xf7, 0xbf, 0xff, 0xbf, 0xf7, 0xde, 0xf7, 0xbf, 0xff, 0xbf, 0xff,
    0xbf, 0xff, 0xbf, 0xf7, 0xbe, 0xff, 0xbf, 0xff, 0xbf, 0xf7, 0xbe, 0xff,
    0xbf, 0xf7, 0xde, 0xff, 0xbf, 0xf7, 0xbe, 0xff, 0xdf, 0xff, 0xbf, 0xf7,
    0xdf, 0xff, 0xbe, 0xff, 0xdf, 0xf7, 0xdf, 0xff, 0xdf, 0xff, 0x28, 0x42,
    0x21, 0x08, 0x41, 0x08, 0x41, 0x08, 0x41, 0x08, 0x21, 0x08, 0x28, 0x42,
    0xdf, 0xf7, 0xdf, 0xff, 0xbe, 0xff, 0xbe, 0xf7, 0xbf, 0xff, 0xdf, 0xff,
    0xbe, 0xff, 0xbf, 0xf7, 0xde, 0xff, 0xbf, 0xf7, 0xbf, 0xff, 0xde, 0xf7,
    0xbf, 0xff, 0xbf, 0xff, 0xbe, 0xf7, 0xdf, 0xff, 0xbe, 0xff, 0xbf, 0xf7,
    0xbf, 0xff, 0xde, 0xff, 0xdf, 0xff, 0xbf, 0xff, 0xbe, 0xf7, 0xbf, 0xff,
    0xbf, 0xf7, 0xdf, 0xff, 0xbf, 0xf7, 0xbe, 0xf7, 0xdf, 0xff, 0xde, 0xf7,
    0xbf, 0xff, 0xdf, 0xff, 0xbe, 0xf7, 0x0c, 0x63, 0x41, 0x08, 0x41, 0x00,
    0x41, 0x08, 0x41, 0x08, 0x41, 0x08, 0x42, 0x08, 0x59, 0xce, 0xdf, 0xf7,
    0xbf, 0xff, 0xbe, 0xff, 0xbe, 0xf7, 0xdf, 0xff, 0xbe, 0xff, 0xbf, 0xf7,
    0xbf, 0xff, 0xde, 0xf7, 0xbf, 0xf7, 0xdf, 0xff, 0xdf, 0xff, 0xbe, 0xf7,
    0xbf, 0xf7, 0xbf, 0xff, 0xde, 0xf7, 0xbf, 0xff, 0xbf, 0xff, 0xbf, 0xf7,
    0xde, 0xff, 0xbf, 0xf7, 0xbe, 0xff, 0xdf, 0xff, 0xbe, 0xff, 0xbe, 0xf7,
    0xdf, 0xf7, 0xbf, 0xff, 0xbe, 0xf7, 0xbf, 0xff, 0xbe, 0xf7, 0xdf, 0xff,
    0xdf, 0xff, 0xf3, 0x9c, 0x41, 0x08, 0x41, 0x08, 0x41, 0x08, 0x41, 0x08,
    0x21, 0x08, 0x41, 0x08, 0x72, 0x8c, 0xbf, 0xf7, 0xde, 0xff, 0xbf, 0xff,
    0xbe, 0xf7, 0xdf, 0xf7, 0xbf, 0xff, 0xbe, 0xff, 0xdf, 0xff, 0xbf, 0xf7,
    0xbe, 0xf7, 0xdf, 0xff, 0xbf, 0xf7, 0xbe, 0xff, 0xdf, 0xff, 0xbf, 0xf7,
    0xbe, 0xff, 0xbf, 0xff, 0xbf, 0xff, 0xbe, 0xff, 0xdf, 0xf7, 0xbe, 0xf7,
    0xbf, 0xff, 0xdf, 0xff, 0xbe, 0xff, 0xbf, 0xf7, 0xdf, 0xff, 0xde, 0xf7,
    0xbf, 0xff, 0xbe, 0xff, 0xbe, 0xff, 0xbe, 0xf7, 0xdf, 0xf7, 0xdb, 0xde,
    0x41, 0x08, 0x41, 0x00, 0x41, 0x08, 0x21, 0x08, 0x42, 0x08, 0x41, 0x08,
    0x8b, 0x52, 0xdf, 0xff, 0xbe, 0xf7, 0xbe, 0xff, 0xbe, 0xf7, 0xdf, 0xff,
    0xbe, 0xff, 0xbf, 0xf7, 0xdf, 0xff, 0xbe, 0xf7, 0xbf, 0xff, 0xde, 0xf7,
    0xbe, 0xff, 0xbf, 0xff, 0xbe, 0xf7, 0xdf, 0xf7, 0xbf, 0xff, 0xbe, 0xff,
    0xbf, 0xf7, 0xbe, 0xff, 0xbf, 0xff, 0xbf, 0xf7, 0xde, 0xff, 0xbf, 0xf7,
    0xbe, 0xff, 0xdf, 0xff, 0xbe, 0xf7, 0xbf, 0xff, 0xdf, 0xf7, 0xbe, 0xff,
    0xbf, 0xff, 0xbf, 0xff, 0xde, 0xf7, 0xbf, 0xf7, 0x28, 0x42, 0x41, 0x08,
    0x21, 0x00, 0x41, 0x08, 0x41, 0x08, 0x42, 0x08, 0x41, 0x00, 0x21, 0x08,
    0xbf, 0xf7, 0xdf, 0xff, 0xbe, 0xff, 0xbf, 0xf7, 0xbe, 0xff, 0xdf, 0xf7,
    0xbf, 0xf7, 0xbf, 0xff, 0xde, 0xff, 0xbf, 0xf7, 0xbf, 0xff, 0xbe, 0xf7,
    0xbf, 0xff, 0xbf, 0xf7, 0xde, 0xff, 0xbf, 0xf7, 0xbf, 0xff, 0xde, 0xff,
    0xbf, 0xf7, 0xbf, 0xff, 0xbe, 0xf7, 0xbf, 0xf7, 0xbe, 0xff, 0xbe, 0xff,
    0xdf, 0xff, 0xdf, 0xff, 0xbe, 0xf7, 0xbf, 0xff, 0xdf, 0xff, 0xbf, 0xf7,
    0xbe, 0xff, 0xde, 0xf7, 0xdf, 0xff, 0xf7, 0xbd, 0x41, 0x08, 0x21, 0x00,
    0x41, 0x08, 0x41, 0x08, 0x21, 0x00, 0x21, 0x08, 0xf7, 0xbd, 0xbf, 0xf7,
    0xbe, 0xf7, 0xbf, 0xff, 0xdf, 0xff, 0xdf, 0xff, 0xde, 0xf7, 0xde, 0xf7,
    0xbf, 0xff, 0xbf, 0xff, 0xde, 0xf7, 0xbf, 0xff, 0xbf, 0xf7, 0xbe, 0xff,
    0xbf, 0xff, 0xbf, 0xf7, 0xde, 0xf7, 0xbf, 0xff, 0xbf, 0xff, 0xbe, 0xff,
    0xbf, 0xf7, 0xde, 0xff, 0xbf, 0xff, 0xbe, 0xf7, 0xbe, 0xff, 0xbf, 0xff,
    0xbf, 0xf7, 0xbe, 0xff, 0xbf, 0xf7, 0xdf, 0xf7, 0xbe, 0xff, 0xbf, 0xff,
    0xbf, 0xff, 0xbf, 0xf7, 0x41, 0x08, 0x41, 0x08, 0x41, 0x08, 0x21, 0x00,
    0x21, 0x08, 0x41, 0x08, 0x10, 0x7c, 0xbf, 0xf7, 0xdf, 0xff, 0xdf, 0xff,
    0xbe, 0xf7, 0xbf, 0xf7, 0xbe, 0xf7, 0xbf, 0xff, 0xdf, 0xff, 0xbe, 0xff,
    0xbf, 0xff, 0xbf, 0xff, 0xbe, 0xff, 0xbf, 0xff, 0xbf, 0xff, 0xde, 0xf7,
    0xbe, 0xff, 0xbf, 0xff, 0xdf, 0xf7, 0xbe, 0xff, 0xbf, 0xff, 0xdf, 0xf7,
    0xbe, 0xff, 0xbf, 0xff, 0xbf, 0xf7, 0xbe, 0xff, 0xdf, 0xff, 0xbe, 0xf7,
    0xbf, 0xff, 0xbe, 0xff, 0xbf, 0xf7, 0xbf, 0xff, 0xbe, 0xff, 0xdf, 0xf7,
    0x28, 0x42, 0x21, 0x08, 0x41, 0x08, 0x41, 0x00, 0x41, 0x08, 0x21, 0x08,
    0x28, 0x42, 0xbf, 0xf7, 0xbf, 0xff, 0xbe, 0xf7, 0xdf, 0xff, 0xbf, 0xf7,
    0xbe, 0xf7, 0xbf, 0xff, 0xbf, 0xff, 0xbe, 0xf7, 0xbf, 0xff, 0xbf, 0xff,
    0xbe, 0xf7, 0xbf, 0xff, 0xbf, 0xf7, 0xbe, 0xff, 0xbf, 0xf7, 0xdf, 0xff,
    0xbe, 0xf7, 0xbf, 0xf7, 0xbf, 0xff, 0xbf, 0xf7, 0xbe, 0xff, 0xdf, 0xff,
    0xdf, 0xff, 0xbe, 0xff, 0xbe, 0xf7, 0xbf, 0xff, 0xbf, 0xff, 0xbe, 0xf7,
    0xbf, 0xff, 0xdf, 0xf7, 0xdf, 0xff, 0xbf, 0xf7, 0x10, 0x84, 0x41, 0x08,
    0x41, 0x08, 0x41, 0x00, 0x21, 0x08, 0x41, 0x08, 0x41, 0x00, 0xbf, 0xf7,
    0xdf, 0xff, 0xbe, 0xf7, 0xbf, 0xff, 0xbf, 0xf7, 0xbf, 0xff, 0xde, 0xff,
    0xbf, 0xf7, 0xbf, 0xff, 0xbe, 0xff, 0xbe, 0xff, 0xbf, 0xf7, 0xbe, 0xff,
    0xdf, 0xff, 0xdf, 0xff, 0xbe, 0xff, 0xbf, 0xf7, 0xbe, 0xff, 0xbf, 0xff,
    0xbf, 0xff, 0xbe, 0xf7, 0xbf, 0xff, 0xbf, 0xf7, 0xdf, 0xff, 0xbf, 0xff,
    0xbe, 0xff, 0xbf, 0xff, 0xdf, 0xf7, 0xbf, 0xff, 0xbe, 0xf7, 0xbf, 0xff,
    0xbe, 0xf7, 0xdf, 0xf7, 0xd7, 0xbd, 0x21, 0x08, 0x41, 0x00, 0x21, 0x00,
    0x41, 0x08, 0x41, 0x00, 0x21, 0x08, 0xf8, 0xbd, 0xbe, 0xf7, 0xdf, 0xf7,
    0xbe, 0xf7, 0xdf, 0xff, 0xdf, 0xf7, 0xbf, 0xff, 0xbe, 0xff, 0xdf, 0xff,
    0xbf, 0xff, 0xbe, 0xff, 0xbf, 0xf7, 0xbe, 0xff, 0xbf, 0xff, 0xde, 0xf7,
    0xbf, 0xff, 0xbf, 0xf7, 0xde, 0xf7, 0xbf, 0xff, 0xbf, 0xff, 0xbe, 0xff,
    0xdf, 0xff, 0xbe, 0xf7, 0xbf, 0xff, 0xbe, 0xff, 0xbf, 0xff, 0xbf, 0xf7,
    0xbe, 0xff, 0xdf, 0xff, 0xbf, 0xf7, 0xbe, 0xf7, 0xdf, 0xff, 0xbf, 0xff,
    0xbf, 0xf7, 0x21, 0x08, 0x21, 0x08, 0x41, 0x00, 0x41, 0x08, 0x21, 0x08,
    0x41, 0x08, 0xf0, 0x7b, 0xbf, 0xf7, 0xbf, 0xff, 0xbf, 0xff, 0xdf, 0xf7,
    0xdf, 0xff, 0xbe, 0xff, 0xbf, 0xf7, 0xbe, 0xff, 0xbf, 0xff, 0xbf, 0xf7,
    0xbf, 0xff, 0xbf, 0xf7, 0xbe, 0xff, 0xdf, 0xff, 0xbf, 0xf7, 0xbe, 0xff,
    0xdf, 0xff, 0xbf, 0xf7, 0xde, 0xff, 0xbf, 0xff, 0xbf, 0xf7, 0xbe, 0xff,
    0xbf, 0xff, 0xbf, 0xf7, 0xde, 0xff, 0xbf, 0xff, 0xbe, 0xf7, 0xbf, 0xff,
    0xbf, 0xf7, 0xbf, 0xff, 0xbe, 0xf7, 0xdf, 0xff, 0xbf, 0xff, 0x28, 0x42,
    0x41, 0x08, 0x21, 0x08, 0x41, 0x08, 0x41, 0x08, 0x41, 0x08, 0x41, 0x08,
    0x41, 0x08, 0xbf, 0xf7, 0xdf, 0xf7, 0xbf, 0xff, 0xbe, 0xff, 0xdf, 0xff,
    0xde, 0xf7, 0xbf, 0xf7, 0xbe, 0xff, 0xbf, 0xff, 0xdf, 0xf7, 0xbe, 0xff,
    0xbf, 0xff, 0xdf, 0xf7, 0xbe, 0xff, 0xbf, 0xf7, 0xbf, 0xff, 0xde, 0xff,
    0xbe, 0xf7, 0xbf, 0xff, 0xdf, 0xff, 0xbe, 0xff, 0xbf, 0xf7, 0xdf, 0xff,
    0xbf, 0xff, 0xbf, 0xf7, 0xbe, 0xff, 0xbf, 0xff, 0xbe, 0xf7, 0xdf, 0xff,
    0xbf, 0xff, 0xbf, 0xf7, 0xdf, 0xff, 0xbe, 0xf7, 0xf7, 0xbd, 0x21, 0x08,
    0x41, 0x08, 0x21, 0x00, 0x21, 0x08, 0x41, 0x08, 0x41, 0x08, 0xd7, 0xbd,
    0xdf, 0xf7, 0xbf, 0xff, 0xbe, 0xf7, 0xbf, 0xf7, 0xbe, 0xf7, 0xbf, 0xff,
    0xbf, 0xff, 0xbf, 0xff, 0xde, 0xf7, 0xbf, 0xff, 0xbe, 0xff, 0xbf, 0xf7,
    0xde, 0xff, 0xbf, 0xff, 0xbe, 0xf7, 0xbf, 0xff, 0xdf, 0xf7, 0xbe, 0xf7,
    0xbf, 0xff, 0xdf, 0xff, 0xbf, 0xf7, 0xbe, 0xff, 0xdf, 0xf7, 0xbf, 0xff,
    0xde, 0xff, 0xbf, 0xf7, 0xbf, 0xff, 0xbe, 0xff, 0xdf, 0xff, 0xbe, 0xf7,
    0xde, 0xf7, 0xbf, 0xf7, 0xdf, 0xf7, 0x41, 0x08, 0x21, 0x08, 0x21, 0x00,
    0x41, 0x08, 0x41, 0x08, 0x21, 0x08, 0x10, 0x84, 0xbf, 0xf7, 0xbe, 0xf7,
    0xbf, 0xff, 0xbf, 0xff, 0xbe, 0xf7, 0xdf, 0xff, 0xbe, 0xff, 0xbf, 0xf7,
    0xde, 0xf7, 0xbf, 0xf7, 0xdf, 0xff, 0xbe, 0xf7, 0xbf, 0xff, 0xdf, 0xff,
    0xbe, 0xf7, 0xbf, 0xf7, 0xdf, 0xff, 0xbe, 0xf7, 0xbf, 0xff, 0xde, 0xf7,
    0xbf, 0xff, 0xbf, 0xff, 0xde, 0xf7, 0xbf, 0xff, 0xbf, 0xff, 0xbe, 0xf7,
    0xbf, 0xf7, 0xbe, 0xff, 0xdf, 0xff, 0xdf, 0xff, 0xbe, 0xf7, 0xbf, 0xf7,
    0xdf, 0xff, 0x28, 0x42, 0x41, 0x08, 0x41, 0x08, 0x21, 0x08, 0x41, 0x08,
    0x21, 0x00, 0x28, 0x42, 0xdf, 0xff, 0xbf, 0xff, 0xbf, 0xff, 0xbf, 0xff,
    0xde, 0xf7, 0xdf, 0xf7, 0xbf, 0xff, 0xde, 0xff, 0xbf, 0xf7, 0xde, 0xff,
    0xbf, 0xff, 0xbe, 0xf7, 0xdf, 0xff, 0xde, 0xff, 0xbf, 0xf7, 0xbf, 0xff,
    0xbe, 0xff, 0xdf, 0xff, 0xbe, 0xff, 0xbf, 0xf7, 0xdf, 0xff, 0xdf, 0xff,
    0xbe, 0xf7, 0xbf, 0xf7, 0xbf, 0xff, 0xbe, 0xff, 0xdf, 0xff, 0xbf, 0xff,
    0xbe, 0xf7, 0xdf, 0xf7, 0xbe, 0xf7, 0xdf, 0xff, 0xbe, 0xf7, 0xf0, 0x83,
    0x21, 0x00, 0x22, 0x08, 0x41, 0x08, 0x21, 0x00, 0x41, 0x08, 0x41, 0x08,
    0xbf, 0xf7, 0xbe, 0xff, 0xbf, 0xff, 0xdf, 0xf7, 0xbe, 0xff, 0xbf, 0xff,
    0xbf, 0xf7, 0xde, 0xff, 0xbf, 0xff, 0xbf, 0xf7, 0xdf, 0xff, 0xdf, 0xff,
    0xbf, 0xf7, 0xbe, 0xff, 0xbf, 0xff, 0xbf, 0xf7, 0xbe, 0xff, 0xdf, 0xf7,
    0xde, 0xff, 0xbf, 0xf7, 0xdf, 0xff, 0xbe, 0xff, 0xbf, 0xf7, 0xbe, 0xf7,
    0xbf, 0xff, 0xbf, 0xf7, 0xbe, 0xff, 0xbf, 0xff, 0xde, 0xff, 0xbf, 0xff,
    0xbf, 0xff, 0xbe, 0xf7, 0xdf, 0xf7, 0xd7, 0xbd, 0x41, 0x08, 0x21, 0x00,
    0x21, 0x08, 0x41, 0x08, 0x41, 0x08, 0x41, 0x08, 0xd7, 0xbd, 0xdf, 0xff,
    0xbe, 0xf7, 0xbf, 0xff, 0xbe, 0xff, 0xbe, 0xf7, 0xbf, 0xf7, 0xbf, 0xf7,
    0xbe, 0xf7, 0xbf, 0xff, 0xdf, 0xff, 0xbe, 0xf7, 0xbf, 0xff, 0xdf, 0xff,
    0xbe, 0xf7, 0xbf, 0xff, 0xdf, 0xff, 0xbe, 0xf7, 0xbf, 0xf7, 0xdf, 0xff,
    0xbe, 0xf7, 0xbf, 0xff, 0xbf, 0xf7, 0xde, 0xf7, 0xbf, 0xff, 0xbe, 0xf7,
    0xbf, 0xff, 0xbf, 0xff, 0xbe, 0xf7, 0xdf, 0xff, 0xdf, 0xff, 0xbe, 0xf7,
    0xdf, 0xff, 0xdf, 0xf7, 0x21, 0x08, 0x41, 0x08, 0x21, 0x00, 0x41, 0x08,
    0x41, 0x08, 0x21, 0x00, 0x10, 0x84, 0xde, 0xf7, 0xbe, 0xf7, 0xbf, 0xff,
    0xbe, 0xf7, 0xdf, 0xff, 0xbf, 0xf7, 0xbe, 0xff, 0xdf, 0xff, 0xbe, 0xf7,
    0xdf, 0xff, 0xbe, 0xff, 0xbf, 0xf7, 0xdf, 0xff, 0xbe, 0xff, 0xbf, 0xf7,
    0xbe, 0xff, 0xbf, 0xf7, 0xdf, 0xff, 0xbe, 0xf7, 0xbf, 0xff, 0xde, 0xff,
    0xbf, 0xf7, 0xbf, 0xff, 0xde, 0xf7, 0xbf, 0xff, 0xbf, 0xff, 0xde, 0xf7,
    0xbe, 0xff, 0xdf, 0xff, 0xbe, 0xf7, 0xbf, 0xff, 0xdf, 0xf7, 0xbf, 0xf7,
    0x28, 0x42, 0x41, 0x08, 0x21, 0x00, 0x41, 0x08, 0x21, 0x08, 0x41, 0x00,
    0x41, 0x08, 0x41, 0x08, 0xbf, 0xf7, 0xde, 0xff, 0xdf, 0xf7, 0xbf, 0xff,
    0xbe, 0xff, 0xdf, 0xf7, 0xdf, 0xff, 0xbe, 0xff, 0xbf, 0xf7, 0xbe, 0xff,
    0xdf, 0xff, 0xbe, 0xf7, 0xbf, 0xff, 0xde, 0xff, 0xbf, 0xff, 0xbf, 0xf7,
    0xbe, 0xff, 0xbf, 0xff, 0xbf, 0xf7, 0xde, 0xff, 0xbf, 0xff, 0xbf, 0xf7,
    0xbe, 0xff, 0xbf, 0xf7, 0xdf, 0xff, 0xdf, 0xff, 0xbe, 0xf7, 0xbf, 0xff,
    0xbe, 0xf7, 0xbe, 0xff, 0xbf, 0xff, 0xbf, 0xf7, 0xbf, 0xf7, 0xd7, 0xbd,
    0x41, 0x08, 0x41, 0x08, 0x41, 0x08, 0x41, 0x08, 0x21, 0x00, 0x41, 0x08,
    0xf7, 0xbd, 0xbf, 0xff, 0xbe, 0xf7, 0xbf, 0xff, 0xbe, 0xff, 0xbf, 0xff,
    0xdf, 0xf7, 0xbe, 0xff, 0xdf, 0xff, 0xbf, 0xf7, 0xbe, 0xff, 0xbf, 0xff,
    0xdf, 0xf7, 0xbf, 0xff, 0xde, 0xff, 0xbf, 0xf7, 0xbe, 0xff, 0xbf, 0xff,
    0xde, 0xf7, 0xbe, 0xff, 0xbf, 0xff, 0xbf, 0xf7, 0xbe, 0xff, 0xbf, 0xff,
    0xdf, 0xf7, 0xbe, 0xff, 0xbf, 0xff, 0xdf, 0xf7, 0xbe, 0xff, 0xbf, 0xff,
    0xbf, 0xff, 0xdf, 0xff, 0xdf, 0xff, 0xbe, 0xf7, 0x41, 0x08, 0x41, 0x08,
    0x41, 0x08, 0x41, 0x00, 0x41, 0x08, 0x41, 0x08, 0xf0, 0x7b, 0xbf, 0xf7,
    0xdf, 0xff, 0xbe, 0xff, 0xbe, 0xf7, 0xdf, 0xf7, 0xbe, 0xf7, 0xbf, 0xff,
    0xbf, 0xff, 0xbe, 0xf7, 0xbf, 0xff, 0xde, 0xff, 0xbf, 0xf7, 0xbe, 0xf7,
    0xbf, 0xff, 0xbf, 0xff, 0xbe, 0xff, 0xbf, 0xff, 0xbf, 0xff, 0xbe, 0xf7,
    0xbf, 0xff, 0xbe, 0xff, 0xbf, 0xf7, 0xde, 0xff, 0xbf, 0xff, 0xbf, 0xf7,
    0xde, 0xff, 0xbf, 0xff, 0xbf, 0xf7, 0xbe, 0xff, 0xbf, 0xff, 0xdf, 0xff,
    0xbe, 0xff, 0xbf, 0xf7, 0x28, 0x42, 0x21, 0x08, 0x42, 0x00, 0x41, 0x00,
    0x41, 0x08, 0x21, 0x08, 0x28, 0x42, 0xdf, 0xf7, 0xbe, 0xff, 0xbe, 0xf7,
    0xdf, 0xff, 0xde, 0xff, 0xbf, 0xf7, 0xbe, 0xff, 0xbf, 0xff, 0xbf, 0xf7,
    0xde, 0xff, 0xbf, 0xf7, 0xbf, 0xff, 0xbe, 0xff, 0xbf, 0xf7, 0xdf, 0xff,
    0xbe, 0xff, 0xbf, 0xf7, 0xbf, 0xff, 0xde, 0xff, 0xbe, 0xf7, 0xbf, 0xff,
    0xbe, 0xff, 0xdf, 0xff, 0xdf, 0xff, 0xbf, 0xf7, 0xbe, 0xf7, 0xdf, 0xff,
    0xbf, 0xff, 0xbe, 0xff, 0xbf, 0xff, 0xbf, 0xff, 0xde, 0xf7, 0xdf, 0xff,
    0x10, 0x84, 0x41, 0x08, 0x41, 0x08, 0x21, 0x00, 0x41, 0x08, 0x41, 0x08,
    0x21, 0x00, 0xbf, 0xf7, 0xdf, 0xff, 0xde, 0xf7, 0xbe, 0xf7, 0xbe, 0xff,
    0xbf, 0xf7, 0xbf, 0xff, 0xde, 0xff, 0xbe, 0xf7, 0xbf, 0xf7, 0xbe, 0xff,
    0xbf, 0xff, 0xbe, 0xf7, 0xdf, 0xff, 0xdf, 0xff, 0xbe, 0xf7, 0xbf, 0xff,
    0xbf, 0xff, 0xbe, 0xf7, 0xbf, 0xff, 0xdf, 0xff, 0xbe, 0xf7, 0xbf, 0xff,
    0xde, 0xff, 0xdf, 0xf7, 0xbf, 0xff, 0xbe, 0xf7, 0xdf, 0xf7, 0xbf, 0xff,
    0xbe, 0xf7, 0xdf, 0xff, 0xdf, 0xff, 0xbe, 0xff, 0xf7, 0xbd, 0x41, 0x08,
    0x41, 0x08, 0x41, 0x08, 0x21, 0x00, 0x41, 0x08, 0x41, 0x08, 0xd8, 0xbd,
    0xdf, 0xf7, 0xbe, 0xff, 0xbf, 0xff, 0xbf, 0xf7, 0xde, 0xff, 0xbf, 0xff,
    0xbe, 0xff, 0xdf, 0xf7, 0xbe, 0xff, 0xbf, 0xf7, 0xdf, 0xff, 0xbe, 0xff,
    0xbf, 0xf7, 0xbf, 0xff, 0xbe, 0xff, 0xbf, 0xff, 0xbe, 0xff, 0xbf, 0xff,
    0xde, 0xf7, 0xbf, 0xff, 0xbf, 0xff, 0xde, 0xff, 0xbf, 0xf7, 0xbf, 0xff,
    0xde, 0xff, 0xdf, 0xf7, 0xbf, 0xff, 0xbe, 0xff, 0xbf, 0xff, 0xbe, 0xf7,
    0xbf, 0xff, 0xbe, 0xf7, 0xdf, 0xf7, 0x41, 0x08, 0x21, 0x08, 0x41, 0x08,
    0x41, 0x00, 0x21, 0x00, 0x41, 0x08, 0xf0, 0x83, 0xdf, 0xf7, 0xdf, 0xff,
    0xbe, 0xf7, 0xbe, 0xf7, 0xbe, 0xf7, 0xbf, 0xff, 0xdf, 0xff, 0xbf, 0xf7,
    0xbe, 0xff, 0xdf, 0xff, 0xbe, 0xf7, 0xbf, 0xff, 0xdf, 0xf7, 0xbe, 0xff,
    0xbf, 0xff, 0xdf, 0xf7, 0xbe, 0xff, 0xbf, 0xff, 0xbf, 0xf7, 0xbe, 0xff,
    0xdf, 0xf7, 0xbf, 0xff, 0xbe, 0xff, 0xbf, 0xf7, 0xbf, 0xff, 0xbf, 0xf7,
    0xbf, 0xff, 0xdf, 0xff, 0xbe, 0xf7, 0xbf, 0xff, 0xde, 0xff, 0xde, 0xf7,
    0xbf, 0xff, 0x28, 0x42, 0x41, 0x08, 0x21, 0x08, 0x41, 0x08, 0x41, 0x08,
    0x21, 0x08, 0x41, 0x08, 0x41, 0x08, 0xbf, 0xff, 0xbe, 0xff, 0xbf, 0xf7,
    0xbf, 0xf7, 0xbe, 0xff, 0xbf, 0xf7, 0xdf, 0xff, 0xbe, 0xff, 0xbf, 0xf7,
    0xbf, 0xff, 0xbe, 0xff, 0xbf, 0xf7, 0xbf, 0xff, 0xbe, 0xff, 0xdf, 0xf7,
    0xbe, 0xff, 0xbf, 0xf7, 0xdf, 0xff, 0xbe, 0xf7, 0xbf, 0xf7, 0xbf, 0xff,
    0xde, 0xff, 0xbe, 0xf7, 0xbf, 0xff, 0xbe, 0xff, 0xbf, 0xf7, 0xdf, 0xff,
    0xbf, 0xff, 0xbf, 0xf7, 0xde, 0xff, 0xbe, 0xff, 0xdf, 0xf7, 0xdf, 0xff,
    0xd7, 0xbd, 0x41, 0x08, 0x41, 0x00, 0x42, 0x08, 0x21, 0x00, 0x41, 0x08,
    0x21, 0x08, 0xf8, 0xbd, 0xbe, 0xf7, 0xdf, 0xff, 0xbe, 0xf7, 0xdf, 0xff,
    0xdf, 0xf7, 0xbe, 0xf7, 0xbe, 0xff, 0xbf, 0xf7, 0xbf, 0xff, 0xde, 0xff,
    0xbf, 0xf7, 0xbe, 0xff, 0xbf, 0xf7, 0xbf, 0xff, 0xde, 0xff, 0xbf, 0xf7,
    0xbf, 0xff, 0xbf, 0xff, 0xde, 0xf7, 0xbf, 0xff, 0xde, 0xf7, 0xbf, 0xff,
    0xbf, 0xff, 0xbe, 0xf7, 0xbf, 0xf7, 0xbf, 0xff, 0xde, 0xf7, 0xbf, 0xf7,
    0xdf, 0xff, 0xbe, 0xf7, 0xdf, 0xf7, 0xbe, 0xff, 0xbe, 0xf7, 0x41, 0x08,
    0x21, 0x00, 0x41, 0x08, 0x21, 0x00, 0x42, 0x08, 0x21, 0x00, 0xf0, 0x83,
    0xbf, 0xff, 0xbe, 0xf7, 0xbf, 0xff, 0xdf, 0xff, 0xdf, 0xf7, 0xdf, 0xff,
    0xbe, 0xff, 0xbf, 0xff, 0xdf, 0xff, 0xbe, 0xf7, 0xbf, 0xff, 0xdf, 0xff,
    0xbe, 0xf7, 0xbf, 0xff, 0xdf, 0xf7, 0xbe, 0xf7, 0xdf, 0xff, 0xbf, 0xff,
    0xde, 0xf7, 0xbf, 0xff, 0xbf, 0xf7, 0xde, 0xff, 0xbf, 0xff, 0xbf, 0xf7,
    0xbe, 0xff, 0xdf, 0xff, 0xbf, 0xf7, 0xbe, 0xff, 0xdf, 0xff, 0xbf, 0xf7,
    0xde, 0xf7, 0xdf, 0xff, 0xdf, 0xff, 0x28, 0x42, 0x41, 0x08, 0x41, 0x08,
    0x21, 0x08, 0x41, 0x08, 0x21, 0x08, 0x28, 0x42, 0xbf, 0xf7, 0xdf, 0xff,
    0xbf, 0xff, 0xbf, 0xf7, 0xdf, 0xff, 0xde, 0xf7, 0xbf, 0xff, 0xbf, 0xf7,
    0xbe, 0xff, 0xbf, 0xff, 0xdf, 0xf7, 0xbe, 0xff, 0xbf, 0xff, 0xbf, 0xf7,
    0xbe, 0xff, 0xde, 0xf7, 0xbf, 0xf7, 0xbf, 0xff, 0xbf, 0xf7, 0xbf, 0xff,
    0xdf, 0xff, 0xdf, 0xf7, 0xbe, 0xff, 0xbf, 0xff, 0xbe, 0xf7, 0xbf, 0xff,
    0xbf, 0xf7, 0xde, 0xf7, 0xdf, 0xf7, 0xbf, 0xff, 0xdf, 0xff, 0xdf, 0xff,
    0xbf, 0xf7, 0xf0, 0x7b, 0x41, 0x08, 0x41, 0x00, 0x41, 0x08, 0x41, 0x08,
    0x41, 0x08, 0x41, 0x08, 0xbf, 0xf7, 0xbf, 0xf7, 0xbf, 0xff, 0xbe, 0xff,
    0xbf, 0xff, 0xbe, 0xf7, 0xbf, 0xff, 0xbf, 0xff, 0xdf, 0xf7, 0xbe, 0xff,
    0xbf, 0xff, 0xdf, 0xff, 0xdf, 0xff, 0xbe, 0xf7, 0xbf, 0xff, 0xbf, 0xf7,
    0xde, 0xff, 0xbf, 0xff, 0xbf, 0xf7, 0xbe, 0xff, 0xbe, 0xff, 0xbf, 0xf7,
    0xbf, 0xff, 0xbe, 0xff, 0xbf, 0xff, 0xde, 0xff, 0xbf, 0xff, 0xbf, 0xf7,
    0xbe, 0xff, 0xbf, 0xf7, 0xbe, 0xf7, 0xdf, 0xff, 0xbf, 0xf7, 0xf7, 0xbd,
    0x21, 0x08, 0x41, 0x08, 0x41, 0x00, 0x21, 0x08, 0x41, 0x08, 0x21, 0x00,
    0xd8, 0xbd, 0xdf, 0xf7, 0xde, 0xff, 0xbf, 0xff, 0xbe, 0xf7, 0xdf, 0xf7,
    0xbf, 0xff, 0xbf, 0xff, 0xde, 0xff, 0xbf, 0xf7, 0xbe, 0xff, 0xbf, 0xff,
    0xde, 0xf7, 0xbf, 0xf7, 0xbf, 0xff, 0xde, 0xf7, 0xbf, 0xf7, 0xbf, 0xff,
    0xde, 0xff, 0xbf, 0xf7, 0xbf, 0xff, 0xbe, 0xff, 0xbf, 0xf7, 0xbf, 0xff,
    0xbe, 0xff, 0xbf, 0xf7, 0xbe, 0xff, 0xdf, 0xf7, 0xbf, 0xf7, 0xbe, 0xff,
    0xbf, 0xff, 0xbf, 0xff, 0xde, 0xf7, 0xbe, 0xf7, 0x21, 0x08, 0x41, 0x08,
    0x41, 0x00, 0x41, 0x08, 0x41, 0x08, 0x41, 0x08, 0xf0, 0x83, 0xbf, 0xf7,
    0xdf, 0xff, 0xbe, 0xff, 0xbf, 0xf7, 0xdf, 0xff, 0xbe, 0xff, 0xbf, 0xf7,
    0xbe, 0xff, 0xbf, 0xf7, 0xbf, 0xff, 0xbe, 0xff, 0xbf, 0xf7, 0xbe, 0xff,
    0xbf, 0xff, 0xbf, 0xf7, 0xde, 0xff, 0xbe, 0xff, 0xbf, 0xf7, 0xdf, 0xff,
    0xbe, 0xff, 0xbf, 0xf7, 0xde, 0xff, 0xbf, 0xff, 0xbe, 0xf7, 0xde, 0xff,
    0xbe, 0xff, 0xbf, 0xf7, 0xbf, 0xff, 0xbf, 0xf7, 0xbf, 0xff, 0xbf, 0xff,
    0xde, 0xf7, 0xbf, 0xff, 0x28, 0x42, 0x41, 0x08, 0x21, 0x00, 0x41, 0x08,
    0x41, 0x00, 0x41, 0x08, 0x41, 0x08, 0x41, 0x00, 0xbf, 0xf7, 0xdf, 0xff,
    0xbe, 0xff, 0xbf, 0xff, 0xbe, 0xff, 0xdf, 0xf7, 0xdf, 0xf7, 0xbe, 0xff,
    0xbf, 0xf7, 0xdf, 0xff, 0xbe, 0xf7, 0xdf, 0xff, 0xbf, 0xf7, 0xbe, 0xf7,
    0xbf, 0xff, 0xdf, 0xff, 0xbe, 0xf7, 0xbf, 0xff, 0xde, 0xff, 0xbf, 0xff,
    0xbf, 0xf7, 0xde, 0xff, 0xbf, 0xff, 0xbf, 0xf7, 0xde, 0xff, 0xdf, 0xff,
    0xdf, 0xff, 0xbe, 0xf7, 0xbf, 0xff, 0xdf, 0xf7, 0xbf, 0xff, 0xbe, 0xf7,
    0xdf, 0xf7, 0xd7, 0xbd, 0x21, 0x08, 0x21, 0x00, 0x21, 0x08, 0x41, 0x08,
    0x41, 0x00, 0x41, 0x08, 0xd7, 0xbd, 0xdf, 0xff, 0xbe, 0xf7, 0xbf, 0xff,
    0xbf, 0xff, 0xde, 0xf7, 0xbe, 0xf7, 0xbf, 0xff, 0xdf, 0xff, 0xbe, 0xf7,
    0xbf, 0xff, 0xdf, 0xff, 0xbe, 0xf7, 0xbf, 0xff, 0xbf, 0xf7, 0xbe, 0xff,
    0xdf, 0xff, 0xbf, 0xf7, 0xbe, 0xff, 0xbf, 0xff, 0xbf, 0xf7, 0xbe, 0xff,
    0xdf, 0xf7, 0xbf, 0xff, 0xbe, 0xff, 0xdf, 0xff, 0xbe, 0xff, 0xbf, 0xff,
    0xbf, 0xff, 0xbe, 0xff, 0xbf, 0xf7, 0xdf, 0xff, 0xdf, 0xff, 0xbf, 0xf7,
    0x41, 0x08, 0x41, 0x08, 0x41, 0x08, 0x41, 0x08, 0x41, 0x08, 0x41, 0x08,
    0x10, 0x84, 0xbf, 0xf7, 0xdf, 0xf7, 0xbf, 0xff, 0xbe, 0xff, 0xbf, 0xf7,
    0xbe, 0xf7, 0xbf, 0xff, 0xde, 0xf7, 0xbf, 0xf7, 0xbf, 0xff, 0xbe, 0xff,
    0xbf, 0xf7, 0xdf, 0xff, 0xbe, 0xff, 0xbf, 0xff, 0xde, 0xf7, 0xbf, 0xff,
    0xbe, 0xf7, 0xbf, 0xff, 0xdf, 0xff, 0xbe, 0xf7, 0xbf, 0xff, 0xbf, 0xf7,
    0xbe, 0xf7, 0xdf, 0xff, 0xbf, 0xff, 0xbe, 0xf7, 0xdf, 0xff, 0xbf, 0xff,
    0xbe, 0xf7, 0xdf, 0xff, 0xbf, 0xff, 0xbf, 0xf7, 0x28, 0x42, 0x41, 0x08,
    0x41, 0x08, 0x21, 0x00, 0x41, 0x08, 0x41, 0x08, 0x28, 0x42, 0xbf, 0xf7,
    0xbf, 0xff, 0xbe, 0xff, 0xdf, 0xff, 0xbf, 0xf7, 0xde, 0xff, 0xbf, 0xff,
    0xbe, 0xf7, 0xdf, 0xff, 0xbf, 0xff, 0xbe, 0xf7, 0xdf, 0xff, 0xbf, 0xf7,
    0xbe, 0xff, 0xdf, 0xff, 0xbf, 0xff, 0xbe, 0xff, 0xde, 0xf7, 0xbf, 0xff,
    0xbe, 0xff, 0xbf, 0xf7, 0xbe, 0xf7, 0xdf, 0xff, 0xdf, 0xff, 0xbe, 0xff,
    0xbf, 0xff, 0xbe, 0xff, 0xbf, 0xff, 0xbe, 0xf7, 0xbe, 0xff, 0xbe, 0xf7,
    0xdf, 0xf7, 0xbe, 0xf7, 0xf0, 0x83, 0x21, 0x08, 0x41, 0x00, 0x41, 0x08,
    0x41, 0x08, 0x21, 0x00, 0x21, 0x08, 0xbf, 0xf7, 0xdf, 0xff, 0xbf, 0xf7,
    0xbe, 0xf7, 0xdf, 0xff, 0xbf, 0xf7, 0xbe, 0xff, 0xbf, 0xf7, 0xbf, 0xff,
    0xde, 0xff, 0xbf, 0xf7, 0xbf, 0xf7, 0xbe, 0xff, 0xdf, 0xff, 0xdf, 0xff,
    0xbe, 0xf7, 0xbf, 0xff, 0xde, 0xf7, 0xbf, 0xff, 0xdf, 0xf7, 0xbe, 0xff,
    0xdf, 0xff, 0xbf, 0xf7, 0xbe, 0xf7, 0xbf, 0xff, 0xbf, 0xf7, 0xde, 0xff,
    0xbf, 0xff, 0xbf, 0xff, 0xde, 0xff, 0xbf, 0xff, 0xdf, 0xf7, 0xdf, 0xf7,
    0xd7, 0xbd, 0x21, 0x08, 0x41, 0x08, 0x21, 0x00, 0x42, 0x08, 0x41, 0x08,
    0x21, 0x00, 0xd7, 0xbd, 0xbe, 0xf7, 0xbf, 0xf7, 0xbe, 0xf7, 0xdf, 0xff,
    0xdf, 0xf7, 0xbe, 0xff, 0xbf, 0xf7, 0xbf, 0xff, 0xbe, 0xff, 0xbf, 0xf7,
    0xbf, 0xff, 0xbe, 0xff, 0xdf, 0xff, 0xbe, 0xff, 0xbf, 0xf7, 0xdf, 0xff,
    0xbe, 0xf7, 0xbf, 0xff, 0xbf, 0xf7, 0xde, 0xff, 0xbe, 0xf7, 0xbf, 0xf7,
    0xdf, 0xff, 0xde, 0xff, 0xbf, 0xf7, 0xbf, 0xff, 0xbe, 0xff, 0xdf, 0xf7,
    0xbf, 0xff, 0xbe, 0xff, 0xbf, 0xf7, 0xdf, 0xff, 0xdf, 0xff, 0x41, 0x08,
    0x41, 0x08, 0x41, 0x08, 0x21, 0x08, 0x41, 0x08, 0x21, 0x00, 0x10, 0x84,
    0xbe, 0xf7, 0xbe, 0xf7, 0xbf, 0xff, 0xbf, 0xf7, 0xdf, 0xff, 0xbe, 0xf7,
    0xbf, 0xff, 0xdf, 0xff, 0xbe, 0xf7, 0xdf, 0xff, 0xbf, 0xff, 0xde, 0xf7,
    0xbf, 0xff, 0xbf, 0xf7, 0xde, 0xff, 0xbf, 0xff, 0xbf, 0xf7, 0xbe, 0xff,
    0xbf, 0xff, 0xbf, 0xf7, 0xbe, 0xff, 0xbf, 0xf7, 0xdf, 0xff, 0xbf, 0xff,
    0xbf, 0xf7, 0xde, 0xff, 0xbe, 0xff, 0xdf, 0xf7, 0xbe, 0xff, 0xbe, 0xff,
    0xbf, 0xf7, 0xdf, 0xf7, 0xbf, 0xff, 0x28, 0x42, 0x41, 0x08, 0x21, 0x00,
    0x41, 0x08, 0x41, 0x08, 0x41, 0x08, 0x21, 0x08, 0x41, 0x08, 0xbf, 0xf7,
    0xdf, 0xf7, 0xbe, 0xff, 0xbf, 0xf7, 0xbf, 0xff, 0xde, 0xf7, 0xbf, 0xff,
    0xbe, 0xff, 0xbf, 0xff, 0xbf, 0xf7, 0xde, 0xff, 0xbf, 0xff, 0xbe, 0xff,
    0xdf, 0xf7, 0xbf, 0xff, 0xbe, 0xff, 0xbf, 0xf7, 0xbf, 0xff, 0xbe, 0xff,
    0xbf, 0xf7, 0xbe, 0xff, 0xbf, 0xff, 0xbf, 0xf7, 0xdf, 0xff, 0xdf, 0xff,
    0xbe, 0xf7, 0xbe, 0xf7, 0xbf, 0xff, 0xbe, 0xff, 0xbf, 0xf7, 0xdf, 0xf7,
    0xbe, 0xff, 0xdf, 0xff, 0xf7, 0xbd, 0x41, 0x08, 0x41, 0x08, 0x21, 0x00,
    0x41, 0x08, 0x21, 0x08, 0x41, 0x08, 0xf7, 0xbd, 0xdf, 0xf7, 0xbf, 0xff,
    0xbf, 0xff, 0xde, 0xf7, 0xbf, 0xff, 0xdf, 0xff, 0xbf, 0xff, 0xbf, 0xff,
    0xbe, 0xf7, 0xbf, 0xff, 0xbf, 0xff, 0xde, 0xf7, 0xbf, 0xff, 0xbe, 0xff,
    0xdf, 0xf7, 0xbe, 0xff, 0xbf, 0xf7, 0xde, 0xff, 0xbf, 0xff, 0xbf, 0xf7,
    0xbe, 0xff, 0xdf, 0xff, 0xbe, 0xf7, 0xbf, 0xff, 0xdf, 0xf7, 0xbe, 0xf7,
    0xbf, 0xff, 0xde, 0xff, 0xdf, 0xff, 0xbf, 0xff, 0xbe, 0xf7, 0xdf, 0xff,
    0xbf, 0xf7, 0x41, 0x08, 0x21, 0x08, 0x41, 0x08, 0x21, 0x00, 0x21, 0x00,
    0x41, 0x08, 0xf0, 0x83, 0xbf, 0xf7, 0xbf, 0xff, 0xbe, 0xff, 0xbf, 0xff,
    0xde, 0xf7, 0xdf, 0xf7, 0xbf, 0xff, 0xbe, 0xff, 0xbf, 0xf7, 0xdf, 0xff,
    0xbe, 0xff, 0xbf, 0xf7, 0xbe, 0xff, 0xbf, 0xff, 0xbf, 0xf7, 0xbe, 0xff,
    0xbf, 0xff, 0xbf, 0xf7, 0xbe, 0xff, 0xbf, 0xff, 0xde, 0xf7, 0xbf, 0xff,
    0xbe, 0xff, 0xdf, 0xff, 0xbe, 0xf7, 0xbf, 0xff, 0xbe, 0xf7, 0xbf, 0xff,
    0xdf, 0xff, 0xdf, 0xff, 0xbe, 0xf7, 0xbf, 0xf7, 0xdf, 0xff, 0x28, 0x42,
    0x21, 0x08, 0x41, 0x08, 0x21, 0x08, 0x41, 0x00, 0x21, 0x08, 0x28, 0x42,
    0xdf, 0xf7, 0xbf, 0xff, 0xbe, 0xff, 0xbe, 0xf7, 0xdf, 0xf7, 0xbf, 0xff,
    0xbe, 0xff, 0xbf, 0xf7, 0xdf, 0xff, 0xbe, 0xf7, 0xbe, 0xff, 0xbf, 0xff,
    0xde, 0xf7, 0xbf, 0xff, 0xbf, 0xf7, 0xbf, 0xff, 0xbe, 0xff, 0xdf, 0xf7,
    0xbf, 0xff, 0xbe, 0xff, 0xdf, 0xff, 0xdf, 0xff, 0xbe, 0xf7, 0xbf, 0xf7,
    0xbf, 0xff, 0xde, 0xf7, 0xbf, 0xff, 0xbf, 0xff, 0xdf, 0xff, 0xde, 0xf7,
    0xbf, 0xff, 0xbf, 0xff, 0xdf, 0xff, 0x10, 0x84, 0x41, 0x08, 0x22, 0x08,
    0x41, 0x08, 0x21, 0x00, 0x41, 0x08, 0x41, 0x08, 0xbf, 0xff, 0xbf, 0xff,
    0xbe, 0xff, 0xbf, 0xff, 0xdf, 0xf7, 0xde, 0xf7, 0xbf, 0xff, 0xde, 0xff,
    0xbf, 0xf7, 0xbe, 0xff, 0xbf, 0xff, 0xdf, 0xff, 0xdf, 0xf7, 0xbe, 0xff,
    0xbf, 0xf7, 0xbf, 0xff, 0xbe, 0xff, 0xbf, 0xff, 0xbf, 0xf7, 0xbe, 0xff,
    0xdf, 0xf7, 0xbf, 0xff, 0xde, 0xff, 0xbf, 0xf7, 0xdf, 0xff, 0xbe, 0xf7,
    0xbe, 0xf7, 0xbf, 0xff, 0xdf, 0xf7, 0xbe, 0xff, 0xdf, 0xf7, 0xbe, 0xff,
    0xde, 0xff, 0xf7, 0xbd, 0x41, 0x08, 0x41, 0x08, 0x21, 0x00, 0x41, 0x08,
    0x41, 0x08, 0x41, 0x08, 0xf8, 0xbd, 0xbf, 0xff, 0xdf, 0xff, 0xbf, 0xff,
    0xbe, 0xf7, 0xdf, 0xff, 0xbe, 0xff, 0xbf, 0xf7, 0xdf, 0xff, 0xbe, 0xff,
    0xdf, 0xf7, 0xbf, 0xf7, 0xbe, 0xff, 0xbf, 0xff, 0xbf, 0xf7, 0xbe, 0xff,
    0xdf, 0xff, 0xbe, 0xff, 0xbf, 0xf7, 0xdf, 0xff, 0xbe, 0xff, 0xbf, 0xff,
    0xdf, 0xff, 0xbe, 0xf7, 0xbf, 0xff, 0xbf, 0xff, 0xbe, 0xf7, 0xbf, 0xff,
    0xbe, 0xff, 0xdf, 0xf7, 0xbf, 0xf7, 0xbe, 0xff, 0xdf, 0xf7, 0xbf, 0xf7,
    0x21, 0x08, 0x41, 0x00, 0x41, 0x08, 0x41, 0x08, 0x21, 0x00, 0x21, 0x08,
    0x10, 0x84, 0xdf, 0xf7, 0xbf, 0xff, 0xbf, 0xff, 0xbe, 0xff, 0xbe, 0xf7,
    0xbf, 0xff, 0xdf, 0xff, 0xbe, 0xf7, 0xbf, 0xff, 0xbf, 0xf7, 0xde, 0xff,
    0xbf, 0xff, 0xbf, 0xf7, 0xde, 0xff, 0xbf, 0xff, 0xbf, 0xf7, 0xbe, 0xf7,
    0xdf, 0xff, 0xbe, 0xff, 0xdf, 0xf7, 0xbf, 0xff, 0xbe, 0xff, 0xbe, 0xf7,
    0xbf, 0xff, 0xbf, 0xf7, 0xbf, 0xff, 0xbf, 0xff, 0xde, 0xf7, 0xbf, 0xff,
    0xbf, 0xff, 0xde, 0xf7, 0xdf, 0xff, 0xbf, 0xf7, 0x28, 0x42, 0x41, 0x08,
    0x21, 0x08, 0x41, 0x08, 0x41, 0x08, 0x42, 0x08, 0x41, 0x00, 0x41, 0x08,
    0xbf, 0xf7, 0xdf, 0xff, 0xde, 0xf7, 0xbf, 0xff, 0xbf, 0xff, 0xde, 0xf7,
    0xdf, 0xf7, 0xbf, 0xff, 0xbe, 0xff, 0xbf, 0xf7, 0xbf, 0xff, 0xbe, 0xff,
    0xbf, 0xf7, 0xdf, 0xff, 0xbe, 0xff, 0xbe, 0xf7, 0xdf, 0xff, 0xbf, 0xf7,
    0xde, 0xff, 0xbf, 0xf7, 0xdf, 0xff, 0xbe, 0xf7, 0xbe, 0xff, 0xbf, 0xff,
    0xbf, 0xf7, 0xbf, 0xff, 0xdf, 0xff, 0xbf, 0xff, 0xbe, 0xff, 0xbe, 0xff,
    0xbf, 0xff, 0xbf, 0xff, 0xde, 0xf7, 0xd7, 0xbd, 0x41, 0x08, 0x41, 0x08,
    0x41, 0x00, 0x41, 0x08, 0x21, 0x00, 0x41, 0x08, 0xd7, 0xbd, 0xdf, 0xf7,
    0xbf, 0xff, 0xbe, 0xff, 0xdf, 0xff, 0xdf, 0xff, 0xbe, 0xf7, 0xdf, 0xf7,
    0xbe, 0xff, 0xdf, 0xf7, 0xbe, 0xff, 0xbf, 0xf7, 0xdf, 0xff, 0xbe, 0xff,
    0xbf, 0xf7, 0xbf, 0xff, 0xbe, 0xff, 0xbf, 0xf7, 0xdf, 0xff, 0xbe, 0xf7,
    0xbf, 0xff, 0xdf, 0xff, 0xbe, 0xf7, 0xbf, 0xff, 0xbf, 0xff, 0xbe, 0xf7,
    0xbf, 0xff, 0xbf, 0xf7, 0xbe, 0xf7, 0xbf, 0xf7, 0xbe, 0xff, 0xdf, 0xff,
    0xbf, 0xff, 0xde, 0xf7, 0x41, 0x08, 0x21, 0x00, 0x41, 0x08, 0x21, 0x08,
    0x21, 0x00, 0x41, 0x08, 0x10, 0x84, 0xbf, 0xf7, 0xde, 0xf7, 0xbf, 0xff,
    0xbf, 0xff, 0xde, 0xf7, 0xdf, 0xff, 0xbf, 0xff, 0xbe, 0xff, 0xbf, 0xff,
    0xbe, 0xf7, 0xdf, 0xff, 0xbf, 0xff, 0xbe, 0xf7, 0xdf, 0xff, 0xbf, 0xf7,
    0xde, 0xff, 0xbf, 0xff, 0xdf, 0xf7, 0xbe, 0xff, 0xbf, 0xf7, 0xbf, 0xff,
    0xde, 0xff, 0xbf, 0xf7, 0xbf, 0xff, 0xbe, 0xff, 0xdf, 0xf7, 0xbf, 0xff,
    0xbe, 0xf7, 0xbe, 0xf7, 0xbf, 0xff, 0xdf, 0xff, 0xbe, 0xff, 0xdf, 0xf7,
    0x28, 0x42, 0x21, 0x08, 0x42, 0x00, 0x41, 0x08, 0x41, 0x08, 0x21, 0x08,
    0x28, 0x42, 0xdf, 0xf7, 0xbf, 0xff, 0xbf, 0xff, 0xdf, 0xff, 0xde, 0xf7,
    0xdf, 0xf7, 0xbf, 0xff, 0xbe, 0xff, 0xbf, 0xf7, 0xbf, 0xff, 0xbf, 0xff,
    0xbe, 0xf7, 0xbf, 0xff, 0xde, 0xff, 0xbf, 0xf7, 0xbe, 0xf7, 0xdf, 0xff,
    0xbf, 0xff, 0xbe, 0xf7, 0xbf, 0xf7, 0xbf, 0xff, 0xbe, 0xff, 0xdf, 0xff,
    0xbf, 0xff, 0xbf, 0xf7, 0xde, 0xff, 0xbf, 0xf7, 0xbf, 0xf7, 0xbe, 0xff,
    0xbf, 0xff, 0xbf, 0xf7, 0xbe, 0xff, 0xdf, 0xf7, 0x10, 0x7c, 0x21, 0x08,
    0x41, 0x00, 0x41, 0x08, 0x21, 0x08, 0x41, 0x08, 0x41, 0x08, 0xbf, 0xf7,
    0xbf, 0xf7, 0xde, 0xff, 0xbf, 0xff, 0xdf, 0xf7, 0xde, 0xff, 0xbf, 0xff,
    0xbf, 0xf7, 0xbe, 0xff, 0xbf, 0xf7, 0xbe, 0xff, 0xbe, 0xff, 0xbf, 0xf7,
    0xdf, 0xff, 0xdf, 0xff, 0xbe, 0xf7, 0xbf, 0xff, 0xdf, 0xf7, 0xbe, 0xff,
    0xbf, 0xff, 0xbf, 0xf7, 0xbe, 0xff, 0xbf, 0xff, 0xbf, 0xff, 0xbe, 0xff,
    0xdf, 0xff, 0xbf, 0xff, 0xbe, 0xf7, 0xbf, 0xff, 0xbf, 0xf7, 0xbe, 0xff,
    0xbf, 0xf7, 0xbf, 0xf7, 0xf7, 0xbd, 0x41, 0x08, 0x41, 0x08, 0x21, 0x00,
    0x41, 0x08, 0x41, 0x08, 0x21, 0x00, 0xf8, 0xbd, 0xdf, 0xff, 0xbe, 0xf7,
    0xbf, 0xff, 0xdf, 0xf7, 0xde, 0xf7, 0xbf, 0xff, 0xbe, 0xff, 0xbf, 0xf7,
    0xdf, 0xff, 0xbe, 0xff, 0xbf, 0xf7, 0xdf, 0xff, 0xbe, 0xf7, 0xbf, 0xf7,
    0xdf, 0xff, 0xbe, 0xff, 0xbf, 0xf7, 0xbe, 0xff, 0xbf, 0xff, 0xbf, 0xf7,
    0xbe, 0xff, 0xbf, 0xff, 0xbe, 0xf7, 0xbf, 0xff, 0xde, 0xff, 0xdf, 0xf7,
    0xbf, 0xff, 0xbe, 0xff, 0xbf, 0xf7, 0xdf, 0xff, 0xbe, 0xff, 0xde, 0xf7,
    0xbf, 0xf7, 0x21, 0x08, 0x41, 0x08, 0x41, 0x00, 0x41, 0x08, 0x21, 0x00,
    0x21, 0x08, 0x10, 0x84, 0xbf, 0xf7, 0xbf, 0xff, 0xde, 0xff, 0xbf, 0xf7,
    0xbf, 0xff, 0xde, 0xff, 0xbf, 0xf7, 0xbe, 0xff, 0xbf, 0xff, 0xbe, 0xf7,
    0xbf, 0xff, 0xbf, 0xff, 0xbe, 0xf7, 0xbe, 0xff, 0xbf, 0xff, 0xbf, 0xf7,
    0xde, 0xff, 0xbf, 0xff, 0xbf, 0xf7, 0xbe, 0xff, 0xdf, 0xff, 0xbf, 0xf7,
    0xde, 0xff, 0xbf, 0xff, 0xde, 0xf7, 0xbf, 0xff, 0xbf, 0xf7, 0xbe, 0xff,
    0xbf, 0xf7, 0xbf, 0xff, 0xbe, 0xff, 0xde, 0xf7, 0xbf, 0xff, 0x28, 0x42,
    0x41, 0x08, 0x21, 0x00, 0x41, 0x08, 0x41, 0x08, 0x21, 0x08, 0x41, 0x08,
    0x41, 0x08, 0xbf, 0xf7, 0xbf, 0xff, 0xbe, 0xff, 0xbf, 0xf7, 0xbe, 0xff,
    0xdf, 0xf7, 0xdf, 0xf7, 0xbe, 0xff, 0xde, 0xf7, 0xbf, 0xff, 0xdf, 0xf7,
    0xbe, 0xf7, 0xbf, 0xff, 0xbf, 0xff, 0xbe, 0xf7, 0xdf, 0xff, 0xbf, 0xff,
    0xbe, 0xff, 0xbf, 0xf7, 0xdf, 0xff, 0xbe, 0xff, 0xbf, 0xf7, 0xdf, 0xff,
    0xde, 0xff, 0xbf, 0xff, 0xbe, 0xf7, 0xbf, 0xff, 0xdf, 0xf7, 0xbf, 0xf7,
    0xde, 0xff, 0xbf, 0xf7, 0xbf, 0xff, 0xdf, 0xf7, 0xd7, 0xbd, 0x41, 0x08,
    0x41, 0x08, 0x21, 0x08, 0x41, 0x08, 0x41, 0x00, 0x41, 0x08, 0xd7, 0xbd,
    0xbf, 0xf7, 0xdf, 0xff, 0xbe, 0xf7, 0xbf, 0xf7, 0xdf, 0xf7, 0xbf, 0xff,
    0xbe, 0xff, 0xbf, 0xf7, 0xdf, 0xff, 0xbe, 0xff, 0xbf, 0xf7, 0xbf, 0xff,
    0xde, 0xff, 0xbf, 0xf7, 0xbf, 0xff, 0xde, 0xff, 0xbf, 0xf7, 0xbf, 0xff,
    0xbe, 0xff, 0xdf, 0xf7, 0xbf, 0xff, 0xbe, 0xf7, 0xdf, 0xff, 0xbe, 0xff,
    0xbf, 0xff, 0xdf, 0xff, 0xbe, 0xff, 0xbf, 0xf7, 0xdf, 0xff, 0xbe, 0xff,
    0xdf, 0xf7, 0xbf, 0xf7, 0xbf, 0xff, 0x41, 0x08, 0x41, 0x00, 0x41, 0x08,
    0x41, 0x08, 0x41, 0x00, 0x41, 0x08, 0xf0, 0x83, 0xbf, 0xff, 0xbf, 0xf7,
    0xbf, 0xff, 0xbe, 0xf7, 0xdf, 0xf7, 0xbe, 0xff, 0xbf, 0xf7, 0xdf, 0xf7,
    0xbe, 0xff, 0xbf, 0xf7, 0xbf, 0xff, 0xde, 0xf7, 0xbf, 0xff, 0xbe, 0xff,
    0xdf, 0xf7, 0xbe, 0xff, 0xbf, 0xf7, 0xbe, 0xff, 0xdf, 0xff, 0xbf, 0xf7,
    0xbe, 0xff, 0xbf, 0xf7, 0xdf, 0xff, 0xbe, 0xf7, 0xbf, 0xff, 0xbf, 0xff,
    0xde, 0xff, 0xbf, 0xff, 0xdf, 0xff, 0xbe, 0xf7, 0xbf, 0xf7, 0xdf, 0xff,
    0xdf, 0xff, 0x28, 0x42, 0x41, 0x08, 0x41, 0x08, 0x21, 0x08, 0x41, 0x08,
    0x21, 0x00, 0x28, 0x42, 0xbf, 0xff, 0xdf, 0xff, 0xbe, 0xf7, 0xbf, 0xff,
    0xbf, 0xf7, 0xde, 0xf7, 0xbf, 0xff, 0xbe, 0xff, 0xde, 0xf7, 0xbf, 0xff,
    0xdf, 0xf7, 0xbf, 0xff, 0xbe, 0xff, 0xbf, 0xf7, 0xdf, 0xff, 0xbe, 0xff,
    0xbf, 0xf7, 0xbf, 0xff, 0xde, 0xff, 0xbf, 0xf7, 0xdf, 0xff, 0xdf, 0xff,
    0xbe, 0xf7, 0xbf, 0xff, 0xbe, 0xff, 0xbf, 0xff, 0xde, 0xff, 0xbf, 0xf7,
    0xbe, 0xff, 0xbf, 0xff, 0xbf, 0xf7, 0xde, 0xf7, 0xbf, 0xff, 0xf0, 0x83,
    0x41, 0x00, 0x21, 0x08, 0x41, 0x00, 0x41, 0x08, 0x22, 0x00, 0x41, 0x08,
    0xbf, 0xf7, 0xdf, 0xff, 0xbf, 0xf7, 0xbe, 0xff, 0xbf, 0xf7, 0xdf, 0xf7,
    0xbe, 0xff, 0xbf, 0xff, 0xdf, 0xf7, 0xdf, 0xff, 0xbf, 0xf7, 0xdf, 0xff,
    0xbf, 0xff, 0xbe, 0xf7, 0xbe, 0xff, 0xbf, 0xff, 0xbf, 0xf7, 0xde, 0xff,
    0xbf, 0xff, 0xbf, 0xf7, 0xde, 0xff, 0xbe, 0xf7, 0xbf, 0xf7, 0xdf, 0xff,
    0xbe, 0xf7, 0xbf, 0xff, 0xdf, 0xff, 0xbe, 0xf7, 0xbf, 0xff, 0xdf, 0xff,
    0xbe, 0xff, 0xdf, 0xf7, 0xdf, 0xff, 0xf7, 0xbd, 0x41, 0x08, 0x41, 0x08,
    0x21, 0x00, 0x41, 0x08, 0x41, 0x08, 0x21, 0x00, 0xd7, 0xbd, 0xdf, 0xf7,
    0xbe, 0xff, 0xbe, 0xff, 0xdf, 0xf7, 0xbf, 0xf7, 0xbe, 0xff, 0xbf, 0xff,
    0xbe, 0xf7, 0xbf, 0xff, 0xbe, 0xff, 0xdf, 0xff, 0xbf, 0xff, 0xbe, 0xff,
    0xdf, 0xff, 0xbf, 0xf7, 0xbe, 0xff, 0xdf, 0xf7, 0xbf, 0xff, 0xbe, 0xf7,
    0xdf, 0xf7, 0xdf, 0xff, 0xbe, 0xf7, 0xbf, 0xff, 0xdf, 0xf7, 0xbe, 0xff,
    0xbf, 0xf7, 0xbf, 0xff, 0xde, 0xff, 0xbf, 0xf7, 0xbf, 0xff, 0xbe, 0xff,
    0xdf, 0xff, 0xdf, 0xf7, 0x21, 0x08, 0x41, 0x08, 0x41, 0x08, 0x41, 0x08,
    0x21, 0x00, 0x41, 0x08, 0x10, 0x7c, 0xbf, 0xf7, 0xbe, 0xff, 0xbf, 0xf7,
    0xdf, 0xf7, 0xbe, 0xff, 0xbf, 0xf7, 0xbf, 0xff, 0xdf, 0xff, 0xbe, 0xf7,
    0xdf, 0xff, 0xbf, 0xf7, 0xde, 0xff, 0xbf, 0xf7, 0xdf, 0xff, 0xbe, 0xff,
    0xbf, 0xf7, 0xdf, 0xff, 0xbe, 0xff, 0xbf, 0xf7, 0xbe, 0xff, 0xbf, 0xf7,
    0xbf, 0xff, 0xbf, 0xff, 0xde, 0xf7, 0xbf, 0xff, 0xbe, 0xff, 0xdf, 0xf7,
    0xbf, 0xff, 0xde, 0xff, 0xbf, 0xf7, 0xbf, 0xff, 0xdf, 0xf7, 0xbf, 0xf7,
    0x28, 0x42, 0x41, 0x08, 0x21, 0x00, 0x41, 0x08, 0x21, 0x08, 0x41, 0x00,
    0x41, 0x08, 0x41, 0x08, 0xbf, 0xf7, 0xde, 0xf7, 0xdf, 0xff, 0xbf, 0xff,
    0xbe, 0xff, 0xdf, 0xf7, 0xbf, 0xff, 0xbe, 0xff, 0xbf, 0xff, 0xbf, 0xff,
    0xde, 0xff, 0xbf, 0xf7, 0xbe, 0xff, 0xdf, 0xff, 0xbf, 0xf7, 0xbf, 0xf7,
    0xbe, 0xff, 0xbf, 0xff, 0xbf, 0xf7, 0xbe, 0xff, 0xbf, 0xff, 0xbf, 0xf7,
    0xbe, 0xf7, 0xbf, 0xff, 0xde, 0xf7, 0xdf, 0xff, 0xdf, 0xff, 0xbe, 0xf7,
    0xbf, 0xff, 0xbf, 0xff, 0xbe, 0xf7, 0xbe, 0xff, 0xdf, 0xf7, 0xd7, 0xbd,
    0x41, 0x08, 0x41, 0x00, 0x21, 0x08, 0x41, 0x08, 0x21, 0x08, 0x41, 0x08,
    0xf7, 0xbd, 0xbf, 0xf7, 0xdf, 0xff, 0xbe, 0xff, 0xdf, 0xff, 0xbf, 0xff,
    0xde, 0xf7, 0xdf, 0xff, 0xbf, 0xff, 0xbe, 0xf7, 0xbf, 0xff, 0xbe, 0xff,
    0xbf, 0xf7, 0xbe, 0xff, 0xdf, 0xf7, 0xbf, 0xff, 0xbe, 0xf7, 0xdf, 0xff,
    0xbe, 0xff, 0xbf, 0xf7, 0xbe, 0xff, 0xbf, 0xff, 0xbf, 0xf7, 0xde, 0xf7,
    0xbf, 0xff, 0xbf, 0xf7, 0xde, 0xf7, 0xbf, 0xff, 0xbf, 0xff, 0xde, 0xff,
    0xbf, 0xf7, 0xdf, 0xff, 0xdf, 0xff, 0xbe, 0xf7, 0x41, 0x08, 0x21, 0x08,
    0x41, 0x08, 0x21, 0x00, 0x21, 0x08, 0x41, 0x08, 0x10, 0x7c, 0xbf, 0xf7,
    0xdf, 0xff, 0xbe, 0xff, 0xbf, 0xff, 0xdf, 0xf7, 0xbe, 0xff, 0xbf, 0xff,
    0xbf, 0xf7, 0xde, 0xff, 0xbf, 0xff, 0xbe, 0xf7, 0xbf, 0xff, 0xbf, 0xff,
    0xbe, 0xf7, 0xbf, 0xff, 0xbf, 0xff, 0xbe, 0xf7, 0xbf, 0xff, 0xdf, 0xff,
    0xbe, 0xf7, 0xbf, 0xff, 0xbf, 0xff, 0xbe, 0xf7, 0xdf, 0xff, 0xbf, 0xf7,
    0xbe, 0xf7, 0xbf, 0xff, 0xbf, 0xff, 0xbf, 0xf7, 0xbe, 0xff, 0xdf, 0xff,
    0xbe, 0xf7, 0xbf, 0xf7, 0x28, 0x42, 0x41, 0x08, 0x41, 0x00, 0x21, 0x00,
    0x41, 0x08, 0x41, 0x08, 0x28, 0x42, 0xbf, 0xf7, 0xbf, 0xff, 0xbe, 0xff,
    0xdf, 0xff, 0xdf, 0xf7, 0xbe, 0xff, 0xbf, 0xff, 0xbf, 0xf7, 0xbf, 0xff,
    0xde, 0xff, 0xbe, 0xf7, 0xbf, 0xff, 0xdf, 0xf7, 0xbe, 0xff, 0xbf, 0xff,
    0xbf, 0xf7, 0xbe, 0xff, 0xdf, 0xff, 0xbe, 0xf7, 0xbe, 0xff, 0xbf, 0xff,
    0xbf, 0xf7, 0xdf, 0xff, 0xdf, 0xff, 0xbe, 0xf7, 0xbf, 0xf7, 0xbf, 0xff,
    0xde, 0xff, 0xbf, 0xf7, 0xdf, 0xff, 0xbe, 0xff, 0xbf, 0xff, 0xde, 0xf7,
    0x10, 0x84, 0x21, 0x08, 0x41, 0x08, 0x41, 0x08, 0x21, 0x08, 0x41, 0x08,
    0x41, 0x08, 0xbf, 0xff, 0xbf, 0xff, 0xbf, 0xf7, 0xbe, 0xff, 0xdf, 0xff,
    0xbf, 0xf7, 0xbe, 0xff, 0xbe, 0xff, 0xbf, 0xf7, 0xbe, 0xff, 0xbe, 0xff,
    0xbf, 0xf7, 0xdf, 0xff, 0xdf, 0xff, 0xdf, 0xff, 0xbe, 0xf7, 0xbf, 0xff,
    0xbe, 0xff, 0xbf, 0xf7, 0xdf, 0xff, 0xbe, 0xff, 0xbf, 0xff, 0xdf, 0xf7,
    0xbe, 0xff, 0xbf, 0xf7, 0xbf, 0xf7, 0xbe, 0xff, 0xbf, 0xff, 0xde, 0xf7,
    0xbf, 0xff, 0xbf, 0xf7, 0xde, 0xff, 0xbf, 0xf7, 0xf7, 0xbd, 0x41, 0x08,
    0x22, 0x08, 0x21, 0x00, 0x41, 0x08, 0x41, 0x08, 0x21, 0x08, 0xf8, 0xbd,
    0xbf, 0xff, 0xdf, 0xf7, 0xbe, 0xff, 0xdf, 0xff, 0xdf, 0xf7, 0xbf, 0xff,
    0xde, 0xff, 0xbf, 0xf7, 0xbf, 0xf7, 0xde, 0xff, 0xbf, 0xf7, 0xbe, 0xf7,
    0xbf, 0xff, 0xbe, 0xff, 0xbf, 0xf7, 0xbf, 0xff, 0xde, 0xff, 0xbf, 0xf7,
    0xbe, 0xff, 0xbf, 0xff, 0xbf, 0xff, 0xbe, 0xf7, 0xdf, 0xff, 0xbf, 0xff,
    0xbe, 0xf7, 0xbf, 0xff, 0xbe, 0xf7, 0xbf, 0xff, 0xde, 0xff, 0xbf, 0xf7,
    0xbf, 0xff, 0xde, 0xf7, 0xbf, 0xf7, 0x21, 0x08, 0x41, 0x08, 0x41, 0x08,
    0x21, 0x08, 0x21, 0x00, 0x41, 0x08, 0xf0, 0x83, 0xdf, 0xf7, 0xbf, 0xff,
    0xbe, 0xff, 0xbf, 0xff, 0xbf, 0xff, 0xbe, 0xf7, 0xdf, 0xff, 0xbe, 0xf7,
    0xbf, 0xff, 0xbf, 0xff, 0xbe, 0xf7, 0xbf, 0xff, 0xdf, 0xff, 0xbe, 0xf7,
    0xbf, 0xff, 0xbf, 0xf7, 0xbe, 0xff, 0xdf, 0xf7, 0xbf, 0xff, 0xde, 0xff,
    0xbe, 0xf7, 0xbf, 0xff, 0xbe, 0xf7, 0xbf, 0xf7, 0xbf, 0xff, 0xbe, 0xff,
    0xbf, 0xf7, 0xdf, 0xff, 0xbe, 0xff, 0xbe, 0xf7, 0xbf, 0xff, 0xde, 0xff,
    0xbf, 0xf7, 0x28, 0x42, 0x41, 0x08, 0x21, 0x08, 0x41, 0x08, 0x41, 0x08,
    0x41, 0x08, 0x41, 0x08, 0x41, 0x08, 0xbf, 0xf7, 0xdf, 0xff, 0xbe, 0xff,
    0xbf, 0xf7, 0xbf, 0xff, 0xde, 0xf7, 0xdf, 0xf7, 0xbf, 0xff, 0xbe, 0xf7,
    0xbf, 0xff, 0xbf, 0xff, 0xbe, 0xf7, 0xdf, 0xff, 0xbe, 0xff, 0xbf, 0xf7,
    0xde, 0xff, 0xbf, 0xff, 0xde, 0xf7, 0xdf, 0xff, 0xbe, 0xf7, 0xdf, 0xff,
    0xbf, 0xff, 0xbe, 0xff, 0xbf, 0xf7, 0xbf, 0xff, 0xbe, 0xff, 0xbf, 0xff,
    0xbe, 0xf7, 0xbe, 0xff, 0xdf, 0xff, 0xbf, 0xff, 0xbf, 0xf7, 0xde, 0xff,
    0xd7, 0xbd, 0x41, 0x08, 0x41, 0x08, 0x21, 0x00, 0x42, 0x08, 0x21, 0x00,
    0x41, 0x08, 0xd7, 0xbd, 0xdf, 0xf7, 0xbf, 0xff, 0xbe, 0xff, 0xdf, 0xf7,
    0xbe, 0xf7, 0xdf, 0xff, 0xbf, 0xff, 0xbe, 0xf7, 0xbf, 0xff, 0xdf, 0xff,
    0xde, 0xf7, 0xbf, 0xff, 0xbf, 0xff, 0xbe, 0xf7, 0xbf, 0xff, 0xbf, 0xff,
    0xbe, 0xf7, 0xdf, 0xff, 0xbf, 0xf7, 0xbe, 0xff, 0xdf, 0xff, 0xbf, 0xff,
    0xbe, 0xff, 0xbf, 0xf7, 0xbe, 0xff, 0xbf, 0xff, 0xde, 0xf7, 0xbf, 0xff,
    0xdf, 0xff, 0xbe, 0xf7, 0xbe, 0xff, 0xdf, 0xf7, 0xdf, 0xf7, 0x41, 0x08,
    0x21, 0x08, 0x41, 0x08, 0x21, 0x00, 0x21, 0x08, 0x41, 0x08, 0x10, 0x7c,
    0xbf, 0xff, 0xbf, 0xff, 0xde, 0xf7, 0xbf, 0xff, 0xdf, 0xf7, 0xde, 0xf7,
    0xbf, 0xff, 0xbe, 0xff, 0xbf, 0xff, 0xdf, 0xf7, 0xbe, 0xff, 0xdf, 0xff,
    0xbf, 0xf7, 0xde, 0xff, 0xbf, 0xff, 0xdf, 0xf7, 0xbe, 0xff, 0xbf, 0xff,
    0xbe, 0xf7, 0xdf, 0xff, 0xbf, 0xff, 0xbe, 0xf7, 0xde, 0xff, 0xbf, 0xff,
    0xbf, 0xff, 0xde, 0xf7, 0xbe, 0xff, 0xbf, 0xf7, 0xdf, 0xff, 0xdf, 0xff,
    0xbe, 0xff, 0xdf, 0xf7, 0xdf, 0xff, 0x28, 0x42, 0x21, 0x08, 0x41, 0x08,
    0x41, 0x08, 0x41, 0x08, 0x21, 0x08, 0x28, 0x42, 0xdf, 0xf7, 0xdf, 0xff,
    0xbe, 0xff, 0xbf, 0xf7, 0xde, 0xff, 0xdf, 0xf7, 0xbf, 0xff, 0xbe, 0xf7,
    0xbf, 0xff, 0xbf, 0xff, 0xbe, 0xf7, 0xbf, 0xff, 0xdf, 0xff, 0xbe, 0xf7,
    0xbf, 0xff, 0xde, 0xf7, 0xbf, 0xff, 0xbf, 0xff, 0xbf, 0xf7, 0xbe, 0xff,
    0xdf, 0xff, 0xdf, 0xff, 0xbe, 0xf7, 0xbf, 0xff, 0xbf, 0xff, 0xbe, 0xf7,
    0xbf, 0xff, 0xbf, 0xff, 0xbe, 0xf7, 0xdf, 0xf7, 0xbf, 0xff, 0xde, 0xf7,
    0xdf, 0xf7, 0xf0, 0x83, 0x21, 0x00, 0x41, 0x00, 0x41, 0x08, 0x21, 0x00,
    0x41, 0x08, 0x41, 0x08, 0xbf, 0xf7, 0xbf, 0xff, 0xde, 0xff, 0xbf, 0xf7,
    0xde, 0xf7, 0xdf, 0xff, 0xbf, 0xff, 0xbf, 0xf7, 0xde, 0xff, 0xbf, 0xff,
    0xbf, 0xf7, 0xde, 0xff, 0xbf, 0xff, 0xbe, 0xf7, 0xbf, 0xff, 0xbf, 0xf7,
    0xde, 0xff, 0xbf, 0xff, 0xbe, 0xf7, 0xbf, 0xff, 0xbf, 0xff, 0xbe, 0xf7,
    0xbf, 0xff, 0xbe, 0xff, 0xdf, 0xff, 0xbe, 0xf7, 0xbf, 0xff, 0xdf, 0xff,
    0xbe, 0xf7, 0xbf, 0xff, 0xbf, 0xff, 0xde, 0xf7, 0xbf, 0xff, 0xf7, 0xbd,
    0x41, 0x08, 0x41, 0x08, 0x21, 0x00, 0x41, 0x08, 0x41, 0x08, 0x21, 0x00,
    0xf8, 0xbd, 0xde, 0xff, 0xbf, 0xf7, 0xbf, 0xff, 0xde, 0xf7, 0xbf, 0xf7,
    0xbe, 0xff, 0xbf, 0xff, 0xdf, 0xf7, 0xbe, 0xff, 0xbf, 0xff, 0xbf, 0xf7,
    0xde, 0xff, 0xbf, 0xf7, 0xdf, 0xff, 0xbe, 0xff, 0xbf, 0xf7, 0xbf, 0xff,
    0xde, 0xff, 0xbf, 0xf7, 0xbf, 0xff, 0xbe, 0xff, 0xdf, 0xf7, 0xbf, 0xff,
    0xbe, 0xff, 0xbf, 0xf7, 0xdf, 0xff, 0xbe, 0xff, 0xbf, 0xf7, 0xbf, 0xff,
    0xbe, 0xff, 0xbf, 0xf7, 0xdf, 0xff, 0xde, 0xf7, 0x21, 0x08, 0x41, 0x08,
    0x41, 0x00, 0x42, 0x08, 0x21, 0x08, 0x41, 0x00, 0xf0, 0x83, 0xdf, 0xf7,
    0xbe, 0xff, 0xbf, 0xff, 0xde, 0xf7, 0xbf, 0xff, 0xbf, 0xff, 0xde, 0xf7,
    0xbf, 0xff, 0xbf, 0xff, 0xde, 0xf7, 0xbe, 0xff, 0xbf, 0xff, 0xbf, 0xf7,
    0xbe, 0xff, 0xdf, 0xff, 0xbe, 0xff, 0xbf, 0xf7, 0xbf, 0xff, 0xbe, 0xff,
    0xdf, 0xf7, 0xbf, 0xff, 0xde, 0xff, 0xdf, 0xff, 0xbf, 0xff, 0xde, 0xf7,
    0xbf, 0xff, 0xbe, 0xff, 0xbf, 0xf7, 0xbf, 0xff, 0xdf, 0xff, 0xbe, 0xf7,
    0xdf, 0xff, 0xbf, 0xff, 0x28, 0x42, 0x41, 0x08, 0x21, 0x08, 0x41, 0x08,
    0x41, 0x00, 0x41, 0x08, 0x21, 0x08, 0x41, 0x08, 0xbf, 0xf7, 0xbf, 0xf7,
    0xbe, 0xff, 0xbf, 0xff, 0xbf, 0xf7, 0xde, 0xff, 0xdf, 0xff, 0xbf, 0xf7,
    0xbe, 0xf7, 0xdf, 0xff, 0xbf, 0xf7, 0xbe, 0xff, 0xbf, 0xff, 0xbf, 0xf7,
    0xbe, 0xff, 0xbf, 0xff, 0xbf, 0xf7, 0xbe, 0xff, 0xbf, 0xff, 0xbf, 0xf7,
    0xbe, 0xff, 0xdf, 0xff, 0xbf, 0xf7, 0xde, 0xff, 0xbf, 0xff, 0xbf, 0xf7,
    0xdf, 0xff, 0xdf, 0xff, 0xbf, 0xf7, 0xbe, 0xff, 0xdf, 0xf7, 0xbf, 0xff,
    0xdf, 0xf7, 0xd7, 0xbd, 0x41, 0x08, 0x41, 0x08, 0x21, 0x00, 0x41, 0x08,
    0x41, 0x08, 0x41, 0x08, 0xd7, 0xbd, 0xdf, 0xf7, 0xbf, 0xff, 0xbe, 0xff,
    0xdf, 0xff, 0xbf, 0xff, 0xde, 0xf7, 0xdf, 0xf7, 0xbe, 0xff, 0xbf, 0xff,
    0xbf, 0xf7, 0xbe, 0xf7, 0xdf, 0xff, 0xbf, 0xff, 0xde, 0xf7, 0xbe, 0xff,
    0xbf, 0xff, 0xdf, 0xf7, 0xbe, 0xff, 0xbf, 0xff, 0xdf, 0xf7, 0xbe, 0xf7,
    0xbf, 0xff, 0xdf, 0xff, 0xbe, 0xf7, 0xbf, 0xff, 0xdf, 0xff, 0xbe, 0xf7,
    0xbf, 0xff, 0xbf, 0xf7, 0xbe, 0xff, 0xdf, 0xff, 0xbf, 0xff, 0xbf, 0xf7,
    0x41, 0x08, 0x21, 0x00, 0x41, 0x08, 0x41, 0x08, 0x41, 0x00, 0x41, 0x08,
    0xf0, 0x83, 0xbf, 0xf7, 0xdf, 0xf7, 0xbe, 0xff, 0xbf, 0xff, 0xde, 0xf7,
    0xdf, 0xff, 0xbf, 0xff, 0xbe, 0xf7, 0xbf, 0xff, 0xbf, 0xf7, 0xbe, 0xff,
    0xbf, 0xff, 0xde, 0xf7, 0xbf, 0xff, 0xbf, 0xf7, 0xbe, 0xff, 0xdf, 0xff,
    0xbf, 0xf7, 0xbe, 0xf7, 0xdf, 0xff, 0xbf, 0xff, 0xbe, 0xf7, 0xbf, 0xff,
    0xbf, 0xff, 0xbe, 0xf7, 0xdf, 0xff, 0xbf, 0xff, 0xbe, 0xf7, 0xbe, 0xff,
    0xbf, 0xff, 0xdf, 0xff, 0xbe, 0xff, 0xbf, 0xf7, 0x28, 0x42, 0x21, 0x08,
    0x42, 0x08, 0x41, 0x00, 0x41, 0x08, 0x21, 0x08, 0x28, 0x42, 0xbf, 0xf7,
    0xbf, 0xff, 0xbe, 0xf7, 0xdf, 0xff, 0xbf, 0xf7, 0xde, 0xff, 0xbf, 0xff,
    0xbe, 0xf7, 0xdf, 0xff, 0xbf, 0xff, 0xbe, 0xf7, 0xdf, 0xff, 0xbf, 0xff,
    0xbe, 0xf7, 0xbf, 0xff, 0xdf, 0xff, 0xbe, 0xf7, 0xbf, 0xff, 0xdf, 0xf7,
    0xbe, 0xf7, 0xbf, 0xff, 0xbe, 0xf7, 0xbe, 0xff, 0xbf, 0xff, 0xdf, 0xf7,
    0xde, 0xff, 0xbf, 0xff, 0xbf, 0xf7, 0xbe, 0xff, 0xbf, 0xff, 0xbf, 0xff,
    0xbe, 0xff, 0xdf, 0xff, 0xf0, 0x83, 0x41, 0x08, 0x21, 0x08, 0x41, 0x08,
    0x41, 0x00, 0x41, 0x08, 0x41, 0x08, 0xdf, 0xf7, 0xbf, 0xf7, 0xbf, 0xff,
    0xbf, 0xff, 0xde, 0xf7, 0xde, 0xf7, 0xbf, 0xff, 0xbf, 0xf7, 0xde, 0xff,
    0xbf, 0xff, 0xbf, 0xf7, 0xbe, 0xff, 0xbf, 0xff, 0xdf, 0xff, 0xdf, 0xff,
    0xbe, 0xf7, 0xbf, 0xff, 0xdf, 0xf7, 0xbe, 0xff, 0xbf, 0xf7, 0xdf, 0xf7,
    0xbe, 0xff, 0xbf, 0xff, 0xdf, 0xf7, 0xbe, 0xff, 0xbf, 0xff, 0xdf, 0xf7,
    0xbe, 0xff, 0xbf, 0xff, 0xbe, 0xf7, 0xbf, 0xff, 0xdf, 0xf7, 0xbf, 0xf7,
    0xf7, 0xbd, 0x41, 0x08, 0x41, 0x08, 0x21, 0x00, 0x41, 0x08, 0x41, 0x08,
    0x21, 0x00, 0xd8, 0xbd, 0xde, 0xff, 0xbf, 0xf7, 0xbf, 0xff, 0xde, 0xff,
    0xbf, 0xf7, 0xbf, 0xff, 0xbe, 0xff, 0xbf, 0xf7, 0xde, 0xff, 0xbf, 0xff,
    0xbf, 0xff, 0xbe, 0xff, 0xbf, 0xf7, 0xdf, 0xff, 0xbe, 0xf7, 0xbe, 0xff,
    0xbf, 0xff, 0xbf, 0xf7, 0xde, 0xff, 0xbf, 0xf7, 0xbe, 0xff, 0xbf, 0xff,
    0xbe, 0xf7, 0xbf, 0xff, 0xdf, 0xff, 0xbe, 0xf7, 0xbf, 0xff, 0xdf, 0xf7,
    0xbe, 0xff, 0xbf, 0xff, 0xbe, 0xf7, 0xdf, 0xff, 0xbf, 0xf7, 0x41, 0x08,
    0x41, 0x08, 0x41, 0x00, 0x41, 0x08, 0x21, 0x08, 0x41, 0x00, 0x10, 0x84,
    0xbf, 0xf7, 0xbf, 0xff, 0xde, 0xf7, 0xbf, 0xf7, 0xbe, 0xff, 0xbf, 0xff,
    0xbf, 0xf7, 0xbe, 0xff, 0xbf, 0xf7, 0xdf, 0xff, 0xbe, 0xff, 0xbf, 0xf7,
    0xdf, 0xf7, 0xbe, 0xff, 0xbf, 0xf7, 0xdf, 0xff, 0xbe, 0xff, 0xbf, 0xf7,
    0xbe, 0xff, 0xbf, 0xf7, 0xbf, 0xff, 0xbe, 0xf7, 0xbf, 0xff, 0xbf, 0xff,
    0xbe, 0xf7, 0xdf, 0xff, 0xbf, 0xf7, 0xbe, 0xff, 0xdf, 0xf7, 0xbf, 0xff,
    0xbe, 0xf7, 0xdf, 0xf7, 0xbf, 0xff, 0x28, 0x42, 0x41, 0x08, 0x21, 0x00,
    0x41, 0x08, 0x41, 0x08, 0x41, 0x08, 0x41, 0x00, 0x41, 0x08, 0xdf, 0xf7,
    0xdf, 0xff, 0xbe, 0xff, 0xbf, 0xf7, 0xbe, 0xff, 0xdf, 0xf7, 0xbe, 0xff,
    0xbf, 0xff, 0xbe, 0xff, 0xdf, 0xff, 0xbe, 0xf7, 0xbf, 0xff, 0xdf, 0xf7,
    0xde, 0xff, 0xbf, 0xff, 0xbf, 0xf7, 0xde, 0xff, 0xbf, 0xff, 0xbf, 0xf7,
    0xbe, 0xff, 0xbe, 0xf7, 0xbf, 0xf7, 0xbf, 0xff, 0xbe, 0xff, 0xdf, 0xff,
    0xdf, 0xf7, 0xbe, 0xff, 0xbf, 0xff, 0xbf, 0xf7, 0xbe, 0xff, 0xbe, 0xff,
    0xdf, 0xf7, 0xbf, 0xf7, 0xf7, 0xbd, 0x41, 0x08, 0x41, 0x08, 0x21, 0x00,
    0x41, 0x08, 0x21, 0x00, 0x41, 0x08, 0xd7, 0xbd, 0xdf, 0xf7, 0xdf, 0xff,
    0xbe, 0xf7, 0xbf, 0xf7, 0xdf, 0xff, 0xbf, 0xff, 0xbe, 0xff, 0xbf, 0xff,
    0xdf, 0xf7, 0xbe, 0xff, 0xbf, 0xff, 0xbe, 0xf7, 0xbf, 0xff, 0xdf, 0xf7,
    0xbe, 0xff, 0xbf, 0xf7, 0xdf, 0xff, 0xbe, 0xff, 0xbf, 0xf7, 0xbe, 0xff,
    0xbe, 0xff, 0xbf, 0xf7, 0xdf, 0xff, 0xbe, 0xf7, 0xbf, 0xff, 0xbf, 0xff,
    0xbe, 0xf7, 0xbf, 0xff, 0xdf, 0xff, 0xbf, 0xf7, 0xde, 0xf7, 0xbf, 0xff,
    0xde, 0xff, 0x41, 0x08, 0x21, 0x00, 0x41, 0x08, 0x21, 0x08, 0x21, 0x00,
    0x41, 0x08, 0xf0, 0x83, 0xbf, 0xff, 0xbf, 0xf7, 0xbf, 0xff, 0xbe, 0xff,
    0xbf, 0xf7, 0xdf, 0xf7, 0xbe, 0xff, 0xbf, 0xff, 0xde, 0xf7, 0xbf, 0xff,
    0xbf, 0xf7, 0xbe, 0xff, 0xbf, 0xff, 0xbf, 0xf7, 0xbe, 0xff, 0xbf, 0xf7,
    0xdf, 0xff, 0xbe, 0xff, 0xbf, 0xf7, 0xbe, 0xff, 0xdf, 0xff, 0xbf, 0xf7,
    0xbe, 0xff, 0xdf, 0xf7, 0xbf, 0xff, 0xbe, 0xff, 0xdf, 0xf7, 0xbf, 0xff,
    0xdf, 0xff, 0xbe, 0xf7, 0xdf, 0xf7, 0xbf, 0xff, 0xdf, 0xff, 0x28, 0x42,
    0x41, 0x08, 0x41, 0x08, 0x21, 0x08, 0x41, 0x08, 0x21, 0x00, 0x28, 0x42,
    0xdf, 0xff, 0xbf, 0xff, 0xbf, 0xff, 0xbe, 0xff, 0xdf, 0xf7, 0xbf, 0xf7,
    0xbe, 0xff, 0xdf, 0xff, 0xbf, 0xf7, 0xbe, 0xff, 0xdf, 0xf7, 0xbf, 0xff,
    0xbe, 0xf7, 0xbf, 0xff, 0xdf, 0xff, 0xbe, 0xf7, 0xbe, 0xff, 0xbf, 0xff,
    0xde, 0xff, 0xdf, 0xff, 0xbf, 0xff, 0xbf, 0xf7, 0xbf, 0xff, 0xbe, 0xf7,
    0xbf, 0xff, 0xbe, 0xff, 0xdf, 0xf7, 0xbe, 0xff, 0xdf, 0xff, 0xbe, 0xf7,
    0xbf, 0xf7, 0xbf, 0xff, 0xde, 0xf7, 0x10, 0x7c, 0x21, 0x08, 0x21, 0x08,
    0x41, 0x08, 0x41, 0x00, 0x41, 0x08, 0x41, 0x08, 0xbf, 0xf7, 0xbf, 0xff,
    0xbe, 0xff, 0xbf, 0xff, 0xdf, 0xf7, 0xbe, 0xff, 0xbf, 0xff, 0xbf, 0xf7,
    0xbe, 0xff, 0xbf, 0xf7, 0xdf, 0xff, 0xdf, 0xff, 0xdf, 0xf7, 0xbe, 0xf7,
    0xbe, 0xff, 0xbf, 0xff, 0xbf, 0xf7, 0xbe, 0xff, 0xdf, 0xff, 0xbe, 0xff,
    0xbf, 0xf7, 0xdf, 0xff, 0xbe, 0xff, 0xbf, 0xf7, 0xbf, 0xff, 0xbe, 0xff,
    0xbf, 0xf7, 0xbf, 0xff, 0xde, 0xf7, 0xbf, 0xff, 0xbe, 0xff, 0xdf, 0xf7,
    0xbf, 0xff, 0xf7, 0xbd, 0x41, 0x08, 0x21, 0x08, 0x21, 0x00, 0x41, 0x08,
    0x41, 0x08, 0x21, 0x08, 0xf8, 0xbd, 0xdf, 0xf7, 0xbe, 0xff, 0xbf, 0xff,
    0xde, 0xf7, 0xdf, 0xf7, 0xbf, 0xff, 0xbe, 0xff, 0xbf, 0xf7, 0xbf, 0xf7,
    0xde, 0xff, 0xbf, 0xf7, 0xbe, 0xf7, 0xbf, 0xff, 0xbf, 0xff, 0xde, 0xf7,
    0xbf, 0xff, 0xbf, 0xf7, 0xde, 0xff, 0xbf, 0xff, 0xbf, 0xf7, 0xdf, 0xff,
    0xbe, 0xf7, 0xdf, 0xff, 0xbe, 0xf7, 0xbf, 0xff, 0xbe, 0xff, 0xdf, 0xf7,
    0xbe, 0xff, 0xdf, 0xf7, 0xbf, 0xff, 0xbe, 0xff, 0xdf, 0xf7, 0xbf, 0xf7,
    0x21, 0x08, 0x41, 0x08, 0x41, 0x08, 0x41, 0x08, 0x21, 0x00, 0x21, 0x08,
    0x10, 0x84, 0xbf, 0xf7, 0xbe, 0xff, 0xbf, 0xff, 0xdf, 0xff, 0xbe, 0xf7,
    0xdf, 0xff, 0xbe, 0xff, 0xbf, 0xf7, 0xde, 0xff, 0xbf, 0xff, 0xbf, 0xf7,
    0xbe, 0xff, 0xdf, 0xff, 0xbe, 0xf7, 0xbf, 0xff, 0xbf, 0xf7, 0xde, 0xff,
    0xbf, 0xff, 0xdf, 0xf7, 0xbe, 0xff, 0xbf, 0xff, 0xbf, 0xf7, 0xde, 0xf7,
    0xbf, 0xff, 0xbf, 0xff, 0xbe, 0xf7, 0xdf, 0xff, 0xbe, 0xff, 0xbe, 0xf7,
    0xbf, 0xff, 0xbf, 0xff, 0xde, 0xf7, 0xdf, 0xf7, 0x28, 0x42, 0x41, 0x08,
    0x21, 0x00, 0x41, 0x08, 0x41, 0x08, 0x42, 0x08, 0x21, 0x08, 0x41, 0x08,
    0xbf, 0xf7, 0xde, 0xf7, 0xbf, 0xff, 0xbf, 0xff, 0xde, 0xf7, 0xdf, 0xf7,
    0xbf, 0xf7, 0xbe, 0xff, 0xbf, 0xff, 0xbf, 0xf7, 0xbe, 0xff, 0xbf, 0xff,
    0xbf, 0xf7, 0xbe, 0xff, 0xdf, 0xf7, 0xbe, 0xff, 0xbf, 0xf7, 0xdf, 0xff,
    0xde, 0xff, 0xbf, 0xf7, 0xdf, 0xff, 0xbe, 0xff, 0xbf, 0xf7, 0xbe, 0xff,
    0xbf, 0xf7, 0xbe, 0xff, 0xdf, 0xff, 0xdf, 0xff, 0xbe, 0xf7, 0xbf, 0xff,
    0xbf, 0xff, 0xbe, 0xff, 0xdf, 0xf7, 0xd7, 0xbd, 0x41, 0x08, 0x41, 0x08,
    0x21, 0x08, 0x41, 0x08, 0x21, 0x00, 0x41, 0x08, 0xd7, 0xbd, 0xbf, 0xf7,
    0xbf, 0xff, 0xbe, 0xff, 0xdf, 0xff, 0xdf, 0xff, 0xbe, 0xf7, 0xdf, 0xf7,
    0xbf, 0xff, 0xbe, 0xf7, 0xdf, 0xff, 0xbf, 0xff, 0xbe, 0xf7, 0xbf, 0xff,
    0xbf, 0xff, 0xbe, 0xf7, 0xbf, 0xff, 0xbf, 0xff, 0xbe, 0xf7, 0xdf, 0xff,
    0xbf, 0xff, 0xbf, 0xf7, 0xde, 0xff, 0xbf, 0xff, 0xbe, 0xf7, 0xdf, 0xff,
    0xbe, 0xf7, 0xbf, 0xff, 0xde, 0xff, 0xbf, 0xff, 0xbe, 0xf7, 0xdf, 0xff,
    0xbf, 0xff, 0xdf, 0xf7, 0x41, 0x08, 0x21, 0x08, 0x41, 0x08, 0x41, 0x00,
    0x21, 0x08, 0x41, 0x08, 0x10, 0x7c, 0xbf, 0xf7, 0xdf, 0xff, 0xbe, 0xff,
    0xbf, 0xf7, 0xdf, 0xff, 0xbe, 0xf7, 0xbf, 0xff, 0xbf, 0xff, 0xde, 0xf7,
    0xbf, 0xff, 0xdf, 0xff, 0xde, 0xf7, 0xbf, 0xff, 0xde, 0xff, 0xbe, 0xf7,
    0xbf, 0xff, 0xbe, 0xff, 0xdf, 0xf7, 0xbf, 0xff, 0xbe, 0xff, 0xbf, 0xf7,
    0xdf, 0xff, 0xbe, 0xff, 0xbf, 0xf7, 0xbf, 0xff, 0xbe, 0xf7, 0xbf, 0xff,
    0xbf, 0xff, 0xbe, 0xf7, 0xbf, 0xff, 0xdf, 0xff, 0xbe, 0xf7, 0xdf, 0xf7,
    0x28, 0x42, 0x21, 0x08, 0x41, 0x00, 0x41, 0x08, 0x41, 0x08, 0x21, 0x08,
    0x28, 0x42, 0xdf, 0xf7, 0xbf, 0xff, 0xbe, 0xf7, 0xdf, 0xff, 0xdf, 0xf7,
    0xbe, 0xff, 0xbf, 0xff, 0xbf, 0xf7, 0xbe, 0xff, 0xbf, 0xff, 0xbe, 0xff,
    0xdf, 0xf7, 0xbe, 0xff, 0xbf, 0xff, 0xbf, 0xf7, 0xbe, 0xf7, 0xbf, 0xff,
    0xbf, 0xf7, 0xbf, 0xff, 0xbe, 0xff, 0xdf, 0xf7, 0xdf, 0xff, 0xdf, 0xff,
    0xbe, 0xf7, 0xbf, 0xff, 0xbf, 0xf7, 0xbe, 0xf7, 0xbf, 0xff, 0xdf, 0xff,
    0xbe, 0xf7, 0xbf, 0xff, 0xbf, 0xff, 0xdf, 0xf7, 0xf0, 0x83, 0x41, 0x00,
    0x41, 0x00, 0x41, 0x08, 0x22, 0x08, 0x21, 0x08, 0x41, 0x08, 0xbf, 0xf7,
    0xdf, 0xf7, 0xbe, 0xff, 0xbf, 0xf7, 0xdf, 0xf7, 0xde, 0xff, 0xbf, 0xff,
    0xbf, 0xff, 0xbe, 0xf7, 0xbe, 0xff, 0xbf, 0xff, 0xbe, 0xf7, 0xbe, 0xff,
    0xdf, 0xff, 0xdf, 0xff, 0xbf, 0xf7, 0xbe, 0xff, 0xbf, 0xff, 0xbf, 0xf7,
    0xbe, 0xff, 0xbf, 0xff, 0xdf, 0xf7, 0xbe, 0xff, 0xbf, 0xf7, 0xdf, 0xff,
    0xbe, 0xf7, 0xbf, 0xff, 0xdf, 0xff, 0xbe, 0xf7, 0xbf, 0xff, 0xbf, 0xff,
    0xde, 0xf7, 0xbe, 0xff, 0xf7, 0xbd, 0x41, 0x08, 0x41, 0x08, 0x21, 0x00,
    0x42, 0x08, 0x41, 0x08, 0x21, 0x08, 0xf8, 0xbd, 0xbe, 0xf7, 0xdf, 0xf7,
    0xbf, 0xff, 0xde, 0xf7, 0xdf, 0xff, 0xbe, 0xff, 0xdf, 0xf7, 0xbf, 0xff,
    0xbe, 0xff, 0xbf, 0xff, 0xdf, 0xf7, 0xbe, 0xff, 0xdf, 0xff, 0xbf, 0xf7,
    0xbe, 0xff, 0xdf, 0xff, 0xbf, 0xf7, 0xbe, 0xff, 0xbe, 0xff, 0xdf, 0xf7,
    0xbe, 0xff, 0xbf, 0xff, 0xbf, 0xf7, 0xdf, 0xff, 0xbe, 0xf7, 0xbf, 0xff,
    0xbf, 0xff, 0xbe, 0xf7, 0xbf, 0xff, 0xdf, 0xff, 0xbe, 0xf7, 0xde, 0xff,
    0xdf, 0xf7, 0x21, 0x08, 0x41, 0x08, 0x41, 0x00, 0x41, 0x08, 0x21, 0x08,
    0x21, 0x00, 0x10, 0x84, 0xdf, 0xf7, 0xbe, 0xff, 0xbf, 0xff, 0xbf, 0xf7,
    0xbf, 0xff, 0xde, 0xf7, 0xbf, 0xff, 0xbf, 0xff, 0xbe, 0xf7, 0xbf, 0xff,
    0xdf, 0xf7, 0xbe, 0xff, 0xbf, 0xff, 0xbf, 0xff, 0xbe, 0xf7, 0xdf, 0xff,
    0xbe, 0xf7, 0xbf, 0xff, 0xbf, 0xff, 0xde, 0xf7, 0xbf, 0xff, 0xbf, 0xff,
    0xde, 0xf7, 0xbf, 0xff, 0xbe, 0xff, 0xbf, 0xf7, 0xbf, 0xff, 0xdf, 0xff,
    0xbe, 0xf7, 0xbf, 0xff, 0xbf, 0xff, 0xde, 0xff, 0xbf, 0xf7, 0x28, 0x42,
    0x41, 0x08, 0x21, 0x08, 0x41, 0x08, 0x41, 0x08, 0x41, 0x08, 0x41, 0x08,
    0x41, 0x08, 0xbf, 0xf7, 0xbf, 0xff, 0xbe, 0xff, 0xbf, 0xff, 0xbf, 0xff,
    0xde, 0xf7, 0xdf, 0xff, 0xbf, 0xff, 0xde, 0xf7, 0xbf, 0xf7, 0xdf, 0xff,
    0xbe, 0xff, 0xbf, 0xf7, 0xbf, 0xff, 0xbe, 0xff, 0xbf, 0xf7, 0xbf, 0xff,
    0xbe, 0xf7, 0xbf, 0xff, 0xbf, 0xff, 0xde, 0xff, 0xbf, 0xff, 0xdf, 0xf7,
    0xdf, 0xff, 0xdf, 0xff, 0xbf, 0xf7, 0xbe, 0xff, 0xbf, 0xf7, 0xbe, 0xff,
    0xdf, 0xf7, 0xbf, 0xff, 0xbe, 0xff, 0xdf, 0xf7, 0xd7, 0xbd, 0x41, 0x08,
    0x41, 0x08, 0x21, 0x00, 0x42, 0x08, 0x41, 0x08, 0x41, 0x08, 0xf7, 0xbd,
    0xdf, 0xf7, 0xbf, 0xff, 0xbe, 0xff, 0xdf, 0xf7, 0xbf, 0xf7, 0xdf, 0xff,
    0xbe, 0xff, 0xbf, 0xff, 0xbe, 0xf7, 0xbf, 0xff, 0xdf, 0xff, 0xbe, 0xf7,
    0xdf, 0xff, 0xbf, 0xff, 0xde, 0xf7, 0xbf, 0xff, 0xbe, 0xf7, 0xdf, 0xff,
    0xbf, 0xff, 0xbe, 0xf7, 0xbf, 0xf7, 0xbf, 0xff, 0xbe, 0xff, 0xbf, 0xf7,
    0xdf, 0xff, 0xbf, 0xff, 0xbe, 0xf7, 0xbf, 0xf7, 0xdf, 0xff, 0xbe, 0xff,
    0xdf, 0xf7, 0xbf, 0xf7, 0xbe, 0xf7, 0x41, 0x08, 0x21, 0x08, 0x41, 0x00,
    0x41, 0x08, 0x21, 0x08, 0x41, 0x08, 0x10, 0x7c, 0xbf, 0xff, 0xbf, 0xff,
    0xde, 0xf7, 0xbf, 0xff, 0xde, 0xf7, 0xdf, 0xff, 0xbf, 0xff, 0xbe, 0xf7,
    0xbf, 0xff, 0xbe, 0xff, 0xbf, 0xf7, 0xbf, 0xff, 0xbe, 0xf7, 0xbf, 0xff,
    0xdf, 0xff, 0xbf, 0xf7, 0xbe, 0xff, 0xbf, 0xf7, 0xdf, 0xff, 0xbe, 0xff,
    0xbf, 0xf7, 0xbe, 0xff, 0xdf, 0xff, 0xbe, 0xf7, 0xdf, 0xff, 0xbe, 0xff,
    0xbf, 0xf7, 0xde, 0xff, 0xdf, 0xff, 0xdf, 0xff, 0xbe, 0xff, 0xbf, 0xf7,
    0xdf, 0xff, 0x28, 0x42, 0x21, 0x08, 0x41, 0x08, 0x21, 0x00, 0x41, 0x08,
    0x21, 0x08, 0x28, 0x42, 0xbf, 0xf7, 0xdf, 0xff, 0xbe, 0xff, 0xbf, 0xf7,
    0xdf, 0xff, 0xde, 0xf7, 0xbf, 0xff, 0xbe, 0xf7, 0xdf, 0xff, 0xbf, 0xf7,
    0xbe, 0xff, 0xbf, 0xff, 0xdf, 0xf7, 0xbe, 0xff, 0xbf, 0xff, 0xdf, 0xff,
    0xde, 0xf7, 0xbf, 0xff, 0xbf, 0xf7, 0xdf, 0xff, 0xbe, 0xff, 0xbe, 0xf7,
    0xbf, 0xff, 0xdf, 0xff, 0xde, 0xff, 0xbf, 0xff, 0xbf, 0xf7, 0xbe, 0xff,
    0xbf, 0xff, 0xdf, 0xf7, 0xbe, 0xff, 0xbe, 0xff, 0xdf, 0xf7, 0xf0, 0x83,
    0x21, 0x08, 0x41, 0x08, 0x41, 0x08, 0x41, 0x08, 0x21, 0x00, 0x41, 0x08,
    0xbf, 0xff, 0xbf, 0xff, 0xbf, 0xff, 0xbe, 0xff, 0xdf, 0xf7, 0xdf, 0xf7,
    0xbe, 0xff, 0xbf, 0xf7, 0xdf, 0xff, 0xdf, 0xff, 0xbe, 0xf7, 0xdf, 0xff,
    0xbf, 0xff, 0xbf, 0xf7, 0xbf, 0xff, 0xbe, 0xff, 0xdf, 0xf7, 0xdf, 0xff,
    0xbe, 0xf7, 0xbf, 0xff, 0xde, 0xff, 0xbf, 0xf7, 0xbe, 0xff, 0xbf, 0xff,
    0xde, 0xf7, 0xbf, 0xff, 0xbe, 0xff, 0xbf, 0xf7, 0xbf, 0xff, 0xde, 0xf7,
    0xdf, 0xf7, 0xbf, 0xff, 0xdf, 0xf7, 0xf7, 0xbd, 0x41, 0x08, 0x41, 0x08,
    0x21, 0x00, 0x41, 0x08, 0x41, 0x08, 0x21, 0x00, 0xd7, 0xbd, 0xdf, 0xff,
    0xbf, 0xff, 0xbe, 0xff, 0xbf, 0xf7, 0xbf, 0xf7, 0xbe, 0xff, 0xbf, 0xff,
    0xde, 0xf7, 0xbf, 0xff, 0xbf, 0xff, 0xbe, 0xff, 0xbf, 0xff, 0xbe, 0xf7,
    0xbf, 0xff, 0xbe, 0xff, 0xbf, 0xf7, 0xdf, 0xff, 0xbe, 0xf7, 0xbf, 0xff,
    0xbf, 0xff, 0xbe, 0xf7, 0xbf, 0xff, 0xbe, 0xff, 0xdf, 0xf7, 0xbf, 0xff,
    0xbe, 0xff, 0xdf, 0xf7, 0xbf, 0xff, 0xbe, 0xff, 0xbf, 0xf7, 0xbf, 0xff,
    0xde, 0xf7, 0xbf, 0xff, 0x21, 0x08, 0x41, 0x00, 0x41, 0x08, 0x41, 0x08,
    0x21, 0x00, 0x41, 0x08, 0x10, 0x84, 0xbf, 0xf7, 0xbf, 0xff, 0xde, 0xf7,
    0xbe, 0xff, 0xbf, 0xff, 0xbf, 0xf7, 0xde, 0xff, 0xbf, 0xff, 0xbf, 0xf7,
    0xde, 0xff, 0xbf, 0xff, 0xbf, 0xf7, 0xde, 0xff, 0xbf, 0xf7, 0xbf, 0xff,
    0xbe, 0xff, 0xbf, 0xf7, 0xbe, 0xff, 0xbf, 0xff, 0xde, 0xf7, 0xbf, 0xff,
    0xbe, 0xff, 0xbf, 0xf7, 0xdf, 0xff, 0xbe, 0xff, 0xbf, 0xf7, 0xdf, 0xff,
    0xbe, 0xff, 0xbf, 0xf7, 0xdf, 0xff, 0xbe, 0xff, 0xbf, 0xf7, 0xbf, 0xff,
    0x28, 0x42, 0x41, 0x08, 0x21, 0x00, 0x41, 0x08, 0x21, 0x08, 0x41, 0x00,
    0x41, 0x08, 0x41, 0x08, 0xbf, 0xf7, 0xdf, 0xf7, 0xde, 0xf7, 0xbf, 0xff,
    0xbf, 0xff, 0xde, 0xf7, 0xbf, 0xf7, 0xbf, 0xff, 0xbe, 0xff, 0xbf, 0xff,
    0xde, 0xf7, 0xbe, 0xff, 0xdf, 0xff, 0xdf, 0xf7, 0xbe, 0xff, 0xdf, 0xff,
    0xbe, 0xf7, 0xbe, 0xff, 0xbf, 0xf7, 0xbf, 0xf7, 0xbe, 0xff, 0xbf, 0xf7,
    0xbe, 0xff, 0xbe, 0xff, 0xbf, 0xf7, 0xbe, 0xff, 0xdf, 0xff, 0xdf, 0xff,
    0xbf, 0xf7, 0xbe, 0xff, 0xdf, 0xf7, 0xbf, 0xff, 0xde, 0xf7, 0xd7, 0xbd,
    0x41, 0x08, 0x41, 0x08, 0x21, 0x00, 0x41, 0x08, 0x21, 0x00, 0x41, 0x08,
    0xd7, 0xbd, 0xdf, 0xf7, 0xdf, 0xff, 0xbe, 0xff, 0xbf, 0xff, 0xdf, 0xff,
    0xbe, 0xf7, 0xdf, 0xf7, 0xbf, 0xff, 0xbe, 0xff, 0xbf, 0xf7, 0xbe, 0xff,
    0xbf, 0xff, 0xbe, 0xf7, 0xdf, 0xff, 0xbf, 0xff, 0xbe, 0xf7, 0xdf, 0xff,
    0xbf, 0xf7, 0xbe, 0xff, 0xde, 0xff, 0xbf, 0xff, 0xdf, 0xf7, 0xbe, 0xff,
    0xbf, 0xff, 0xbe, 0xf7, 0xdf, 0xff, 0xbf, 0xff, 0xbe, 0xf7, 0xbf, 0xff,
    0xbf, 0xff, 0xdf, 0xff, 0xdf, 0xff, 0xbe, 0xff, 0x41, 0x08, 0x41, 0x00,
    0x41, 0x08, 0x21, 0x00, 0x21, 0x00, 0x41, 0x08, 0x10, 0x84, 0xbf, 0xf7,
    0xdf, 0xf7, 0xbf, 0xff, 0xbe, 0xff, 0xdf, 0xf7, 0xdf, 0xf7, 0xbe, 0xff,
    0xbf, 0xf7, 0xdf, 0xff, 0xbe, 0xf7, 0xbf, 0xff, 0xbf, 0xff, 0xbe, 0xf7,
    0xbf, 0xff, 0xdf, 0xff, 0xbe, 0xf7, 0xbf, 0xff, 0xbf, 0xff, 0xbe, 0xf7,
    0xdf, 0xff, 0xbf, 0xf7, 0xbe, 0xff, 0xbf, 0xf7, 0xbf, 0xff, 0xde, 0xff,
    0xbf, 0xf7, 0xbf, 0xf7, 0xbe, 0xff, 0xbf, 0xf7, 0xbf, 0xf7, 0xdf, 0xff,
    0xbe, 0xff, 0xdf, 0xf7, 0x28, 0x42, 0x41, 0x08, 0x42, 0x08, 0x41, 0x00,
    0x41, 0x08, 0x21, 0x08, 0x28, 0x42, 0xdf, 0xf7, 0xbf, 0xff, 0xbe, 0xff,
    0xbf, 0xff, 0xde, 0xf7, 0xbf, 0xff, 0xbf, 0xff, 0xde, 0xf7, 0xbf, 0xff,
    0xdf, 0xf7, 0xbe, 0xf7, 0xbf, 0xff, 0xbf, 0xf7, 0xde, 0xff, 0xbf, 0xff,
    0xbf, 0xf7, 0xbe, 0xff, 0xbe, 0xff, 0xdf, 0xf7, 0xbf, 0xff, 0xbe, 0xff,
    0xdf, 0xff, 0xdf, 0xff, 0xbe, 0xf7, 0xbf, 0xf7, 0xbf, 0xff, 0xde, 0xff,
    0xbf, 0xf7, 0xbe, 0xff, 0xdf, 0xff, 0xbf, 0xf7, 0xbe, 0xff, 0xdf, 0xf7,
    0x10, 0x84, 0x21, 0x08, 0x21, 0x00, 0x41, 0x08, 0x41, 0x08, 0x41, 0x00,
    0x41, 0x08, 0xdf, 0xff, 0xbf, 0xf7, 0xbe, 0xf7, 0xbf, 0xff, 0xde, 0xff,
    0xbf, 0xf7, 0xbe, 0xff, 0xbe, 0xff, 0xbf, 0xf7, 0xbf, 0xff, 0xbf, 0xf7,
    0xbe, 0xff, 0xbf, 0xff, 0xdf, 0xf7, 0xde, 0xff, 0xbf, 0xff, 0xbf, 0xf7,
    0xbe, 0xff, 0xbf, 0xff, 0xdf, 0xf7, 0xbe, 0xff, 0xbf, 0xf7, 0xbf, 0xff,
    0xde, 0xff, 0xbf, 0xf7, 0xbf, 0xff, 0xde, 0xf7, 0xbf, 0xff, 0xbe, 0xff,
    0xbf, 0xff, 0xbe, 0xff, 0xdf, 0xf7, 0xbf, 0xf7, 0xf7, 0xbd, 0x41, 0x08,
    0x41, 0x08, 0x21, 0x00, 0x41, 0x08, 0x41, 0x08, 0x41, 0x00, 0xd8, 0xbd,
    0xdf, 0xff, 0xde, 0xf7, 0xbe, 0xff, 0xdf, 0xf7, 0xdf, 0xf7, 0xbe, 0xff,
    0xbf, 0xff, 0xbf, 0xf7, 0xde, 0xf7, 0xbf, 0xff, 0xdf, 0xf7, 0xbe, 0xf7,
    0xbf, 0xff, 0xdf, 0xff, 0xbe, 0xf7, 0xbf, 0xff, 0xbf, 0xff, 0xde, 0xf7,
    0xbf, 0xff, 0xbf, 0xff, 0xdf, 0xf7, 0xbe, 0xff, 0xbf, 0xff, 0xbe, 0xf7,
    0xbf, 0xff, 0xde, 0xff, 0xbf, 0xf7, 0xbf, 0xff, 0xde, 0xf7, 0xbf, 0xff,
    0xbf, 0xff, 0xdf, 0xf7, 0xde, 0xf7, 0x21, 0x08, 0x41, 0x08, 0x41, 0x08,
    0x21, 0x08, 0x21, 0x00, 0x41, 0x08, 0xf0, 0x83, 0xbf, 0xf7, 0xbf, 0xff,
    0xde, 0xff, 0xbf, 0xf7, 0xbf, 0xff, 0xbe, 0xff, 0xbf, 0xf7, 0xde, 0xff,
    0xbf, 0xf7, 0xbe, 0xff, 0xbf, 0xff, 0xbe, 0xf7, 0xdf, 0xff, 0xbe, 0xff,
    0xbf, 0xf7, 0xdf, 0xff, 0xde, 0xff, 0xbf, 0xf7, 0xbf, 0xff, 0xbf, 0xf7,
    0xde, 0xff, 0xbf, 0xff, 0xbf, 0xf7, 0xbe, 0xff, 0xdf, 0xf7, 0xbe, 0xff,
    0xbe, 0xf7, 0xbf, 0xff, 0xbf, 0xf7, 0xde, 0xff, 0xbe, 0xf7, 0xdf, 0xf7,
    0xdf, 0xff, 0x28, 0x42, 0x41, 0x08, 0x21, 0x08, 0x41, 0x08, 0x41, 0x08,
    0x21, 0x08, 0x41, 0x00, 0x41, 0x08, 0xbf, 0xff, 0xbe, 0xff, 0xbf, 0xf7,
    0xbe, 0xff, 0xbf, 0xff, 0xde, 0xf7, 0xdf, 0xf7, 0xbe, 0xff, 0xbf, 0xff,
    0xbf, 0xf7, 0xbf, 0xff, 0xbe, 0xf7, 0xbf, 0xff, 0xbe, 0xf7, 0xbf, 0xff,
    0xbf, 0xff, 0xdf, 0xf7, 0xdf, 0xff, 0xbe, 0xff, 0xdf, 0xff, 0xbf, 0xf7,
    0xbe, 0xff, 0xbf, 0xf7, 0xbf, 0xff, 0xdf, 0xff, 0xdf, 0xff, 0xbe, 0xf7,
    0xbf, 0xff, 0xbe, 0xff, 0xbf, 0xf7, 0xbe, 0xff, 0xbf, 0xff, 0xdf, 0xf7,
    0xd7, 0xbd, 0x41, 0x08, 0x41, 0x08, 0x21, 0x00, 0x41, 0x08, 0x21, 0x08,
    0x41, 0x08, 0xd7, 0xbd, 0xbf, 0xf7, 0xdf, 0xff, 0xbe, 0xf7, 0xdf, 0xf7,
    0xbe, 0xff, 0xdf, 0xff, 0xbf, 0xf7, 0xbe, 0xff, 0xdf, 0xff, 0xdf, 0xf7,
    0xbe, 0xff, 0xbf, 0xf7, 0xbf, 0xff, 0xbe, 0xf7, 0xbf, 0xff, 0xbe, 0xff,
    0xbf, 0xf7, 0xbf, 0xff, 0xbe, 0xf7, 0xbf, 0xff, 0xdf, 0xff, 0xbe, 0xf7,
    0xbf, 0xff, 0xdf, 0xff, 0xbe, 0xf7, 0xbf, 0xff, 0xdf, 0xff, 0xbe, 0xf7,
    0xdf, 0xff, 0xbe, 0xff, 0xbe, 0xf7, 0xdf, 0xf7, 0xbf, 0xff, 0x41, 0x08,
    0x21, 0x00, 0x41, 0x08, 0x41, 0x08, 0x21, 0x08, 0x41, 0x08, 0xf0, 0x7b,
    0xbf, 0xff, 0xbf, 0xff, 0xbe, 0xff, 0xbf, 0xff, 0xbf, 0xf7, 0xde, 0xff,
    0xbe, 0xff, 0xbf, 0xff, 0xbf, 0xf7, 0xde, 0xff, 0xbf, 0xff, 0xde, 0xf7,
    0xdf, 0xff, 0xbf, 0xf7, 0xbe, 0xff, 0xdf, 0xf7, 0xbf, 0xff, 0xbe, 0xff,
    0xde, 0xf7, 0xbf, 0xff, 0xbf, 0xff, 0xde, 0xf7, 0xbf, 0xff, 0xbf, 0xff,
    0xbe, 0xf7, 0xdf, 0xff, 0xbf, 0xff, 0xbe, 0xff, 0xdf, 0xff, 0xbe, 0xf7,
    0xbf, 0xf7, 0xdf, 0xff, 0xdf, 0xff, 0x28, 0x42, 0x21, 0x08, 0x41, 0x08,
    0x21, 0x08, 0x41, 0x08, 0x21, 0x00, 0x28, 0x42, 0xbf, 0xff, 0xdf, 0xff,
    0xbf, 0xf7, 0xbe, 0xff, 0xdf, 0xf7, 0xdf, 0xf7, 0xbe, 0xff, 0xbf, 0xff,
    0xbe, 0xff, 0xbf, 0xff, 0xde, 0xff, 0xbf, 0xff, 0xbe, 0xf7, 0xbf, 0xff,
    0xde, 0xf7, 0xbf, 0xf7, 0xbf, 0xff, 0xbe, 0xff, 0xbf, 0xf7, 0xdf, 0xff,
    0xdf, 0xff, 0xbf, 0xf7, 0xbe, 0xf7, 0xbf, 0xff, 0xbf, 0xff, 0xbe, 0xf7,
    0xdf, 0xff, 0xbf, 0xff, 0xbe, 0xf7, 0xbf, 0xff, 0xbf, 0xff, 0xde, 0xf7,
    0xdf, 0xf7, 0xf0, 0x83, 0x41, 0x00, 0x41, 0x08, 0x21, 0x08, 0x41, 0x08,
    0x22, 0x08, 0x41, 0x08, 0xbf, 0xf7, 0xbf, 0xff, 0xdf, 0xf7, 0xbe, 0xff,
    0xdf, 0xf7, 0xdf, 0xf7, 0xbf, 0xff, 0xbe, 0xff, 0xdf, 0xf7, 0xbe, 0xff,
    0xbf, 0xff, 0xdf, 0xff, 0xdf, 0xff, 0xbe, 0xf7, 0xbe, 0xff, 0xbf, 0xf7,
    0xbe, 0xff, 0xbf, 0xff, 0xbf, 0xf7, 0xbe, 0xff, 0xbf, 0xff, 0xdf, 0xf7,
    0xbe, 0xff, 0xbf, 0xf7, 0xbf, 0xff, 0xbe, 0xff, 0xdf, 0xf7, 0xbf, 0xff,
    0xbe, 0xf7, 0xbf, 0xff, 0xbf, 0xff, 0xde, 0xf7, 0xbf, 0xff, 0xf7, 0xbd,
    0x41, 0x08, 0x22, 0x08, 0x21, 0x08, 0x41, 0x08, 0x41, 0x08, 0x21, 0x08,
    0xf8, 0xbd, 0xbf, 0xf7, 0xde, 0xf7, 0xbf, 0xff, 0xdf, 0xff, 0xde, 0xf7,
    0xbf, 0xff, 0xbf, 0xff, 0xbe, 0xff, 0xbe, 0xff, 0xbf, 0xf7, 0xdf, 0xff,
    0xbe, 0xff, 0xbf, 0xf7, 0xdf, 0xff, 0xbe, 0xf7, 0xbf, 0xff, 0xdf, 0xff,
    0xbe, 0xf7, 0xbf, 0xff, 0xde, 0xf7, 0xbf, 0xff, 0xdf, 0xf7, 0xbe, 0xff,
    0xbf, 0xff, 0xdf, 0xf7, 0xbe, 0xff, 0xbf, 0xff, 0xbe, 0xf7, 0xdf, 0xff,
    0xbe, 0xff, 0xbe, 0xf7, 0xdf, 0xff, 0xbf, 0xf7, 0x21, 0x08, 0x41, 0x08,
    0x41, 0x00, 0x41, 0x08, 0x21, 0x08, 0x41, 0x00, 0x10, 0x7c, 0xdf, 0xf7,
    0xbe, 0xff, 0xbf, 0xff, 0xbf, 0xf7, 0xde, 0xff, 0xbf, 0xf7, 0xbf, 0xff,
    0xbf, 0xff, 0xde, 0xf7, 0xbf, 0xff, 0xbf, 0xf7, 0xbe, 0xff, 0xbf, 0xff,
    0xbf, 0xf7, 0xbe, 0xff, 0xbf, 0xff, 0xbf, 0xf7, 0xde, 0xff, 0xbf, 0xff,
    0xbe, 0xf7, 0xbf, 0xff, 0xdf, 0xf7, 0xbe, 0xff, 0xbf, 0xff, 0xbf, 0xf7,
    0xdf, 0xff, 0xbe, 0xff, 0xbf, 0xf7, 0xdf, 0xff, 0xbe, 0xff, 0xbf, 0xff,
    0xdf, 0xf7, 0xbe, 0xf7, 0x28, 0x42, 0x41, 0x08, 0x21, 0x00, 0x41, 0x08,
    0x41, 0x00, 0x41, 0x08, 0x41, 0x08, 0x41, 0x08, 0xbf, 0xf7, 0xdf, 0xf7,
    0xde, 0xff, 0xbf, 0xf7, 0xbf, 0xff, 0xdf, 0xff, 0xde, 0xf7, 0xbf, 0xff,
    0xbe, 0xf7, 0xdf, 0xff, 0xbf, 0xff, 0xbf, 0xff, 0xde, 0xf7, 0xbf, 0xff,
    0xbe, 0xff, 0xbf, 0xf7, 0xbe, 0xff, 0xbf, 0xff, 0xbf, 0xf7, 0xbe, 0xff,
    0xdf, 0xff, 0xdf, 0xf7, 0xbe, 0xff, 0xbf, 0xf7, 0xbe, 0xff, 0xbf, 0xf7,
    0xdf, 0xff, 0xdf, 0xff, 0xbf, 0xf7, 0xbe, 0xff, 0xdf, 0xff, 0xbf, 0xf7,
    0xdf, 0xff, 0xd7, 0xbd, 0x41, 0x08, 0x41, 0x08, 0x21, 0x00, 0x41, 0x08,
    0x41, 0x08, 0x41, 0x08, 0xd7, 0xbd, 0xdf, 0xf7, 0xbe, 0xff, 0xbf, 0xff,
    0xdf, 0xff, 0xbf, 0xff, 0xde, 0xf7, 0xdf, 0xf7, 0xbe, 0xff, 0xbf, 0xff,
    0xbf, 0xf7, 0xde, 0xff, 0xbf, 0xff, 0xdf, 0xf7, 0xbe, 0xff, 0xdf, 0xff,
    0xbf, 0xf7, 0xbe, 0xff, 0xdf, 0xff, 0xbf, 0xf7, 0xbe, 0xff, 0xbf, 0xf7,
    0xbe, 0xff, 0xbf, 0xf7, 0xdf, 0xff, 0xbe, 0xf7, 0xbf, 0xff, 0xbe, 0xff,
    0xbf, 0xf7, 0xbf, 0xff, 0xbe, 0xff, 0xdf, 0xff, 0xdf, 0xff, 0xbf, 0xf7,
    0x41, 0x08, 0x21, 0x08, 0x41, 0x08, 0x41, 0x00, 0x21, 0x08, 0x41, 0x08,
    0x10, 0x7c, 0xbf, 0xf7, 0xdf, 0xf7, 0xbe, 0xff, 0xbf, 0xf7, 0xdf, 0xf7,
    0xbe, 0xff, 0xbf, 0xff, 0xbf, 0xf7, 0xbe, 0xff, 0xbf, 0xff, 0xbf, 0xf7,
    0xbe, 0xff, 0xbf, 0xff, 0xbe, 0xf7, 0xbf, 0xff, 0xbe, 0xff, 0xdf, 0xf7,
    0xbf, 0xff, 0xbe, 0xf7, 0xbf, 0xff, 0xbf, 0xff, 0xde, 0xf7, 0xbf, 0xff,
    0xbe, 0xf7, 0xbf, 0xff, 0xbf, 0xff, 0xde, 0xf7, 0xbf, 0xff, 0xbf, 0xff,
    0xbe, 0xff, 0xdf, 0xff, 0xbf, 0xff, 0xbe, 0xf7, 0x28, 0x42, 0x41, 0x08,
    0x41, 0x00, 0x21, 0x08, 0x41, 0x08, 0x41, 0x08, 0x28, 0x42, 0xbf, 0xf7,
    0xbf, 0xff, 0xbe, 0xff, 0xdf, 0xff, 0xbf, 0xf7, 0xde, 0xf7, 0xbf, 0xff,
    0xbf, 0xf7, 0xbf, 0xf7, 0xbe, 0xff, 0xbf, 0xff, 0xdf, 0xf7, 0xbe, 0xff,
    0xbf, 0xff, 0xbf, 0xff, 0xde, 0xff, 0xbf, 0xf7, 0xbf, 0xff, 0xbe, 0xff,
    0xbe, 0xf7, 0xbf, 0xff, 0xdf, 0xff, 0xbf, 0xff, 0xbe, 0xff, 0xdf, 0xff,
    0xbe, 0xf7, 0xbf, 0xff, 0xdf, 0xff, 0xbe, 0xf7, 0xbf, 0xf7, 0xbe, 0xff,
    0xbf, 0xff, 0xbf, 0xff, 0xf0, 0x7b, 0x41, 0x08, 0x41, 0x00, 0x41, 0x08,
    0x21, 0x00, 0x21, 0x00, 0x41, 0x08, 0xbf, 0xf7, 0xdf, 0xff, 0xbe, 0xff,
    0xbf, 0xff, 0xdf, 0xf7, 0xbe, 0xff, 0xbf, 0xff, 0xdf, 0xf7, 0xbe, 0xff,
    0xbf, 0xf7, 0xde, 0xf7, 0xbf, 0xff, 0xbe, 0xf7, 0xdf, 0xff, 0xdf, 0xff,
    0xbf, 0xf7, 0xde, 0xff, 0xdf, 0xf7, 0xbe, 0xff, 0xbf, 0xff, 0xdf, 0xf7,
    0xbe, 0xff, 0xbf, 0xff, 0xdf, 0xf7, 0xbe, 0xff, 0xbf, 0xff, 0xbf, 0xf7,
    0xde, 0xff, 0xbf, 0xf7, 0xdf, 0xf7, 0xbe, 0xff, 0xdf, 0xf7, 0xbf, 0xff,
    0xf7, 0xbd, 0x41, 0x08, 0x41, 0x08, 0x21, 0x00, 0x41, 0x08, 0x41, 0x08,
    0x21, 0x00, 0xd7, 0xbd, 0xdf, 0xff, 0xbf, 0xff, 0xbf, 0xff, 0xbe, 0xf7,
    0xbf, 0xff, 0xbf, 0xf7, 0xde, 0xf7, 0xbf, 0xff, 0xbf, 0xff, 0xbe, 0xf7,
    0xbf, 0xff, 0xbe, 0xff, 0xbf, 0xf7, 0xde, 0xff, 0xbf, 0xff, 0xbe, 0xf7,
    0xbf, 0xff, 0xbf, 0xff, 0xbe, 0xf7, 0xbf, 0xff, 0xbe, 0xff, 0xbf, 0xf7,
    0xdf, 0xff, 0xbe, 0xf7, 0xbf, 0xf7, 0xbf, 0xff, 0xbe, 0xff, 0xdf, 0xf7,
    0xbf, 0xff, 0xbf, 0xf7, 0xbe, 0xff, 0xdf, 0xf7, 0xdf, 0xff, 0x21, 0x08,
    0x41, 0x00, 0x41, 0x08, 0x41, 0x08, 0x21, 0x00, 0x21, 0x08, 0x10, 0x84,
    0xbf, 0xf7, 0xbe, 0xff, 0xbf, 0xf7, 0xde, 0xff, 0xbf, 0xff, 0xbe, 0xf7,
    0xdf, 0xff, 0xbe, 0xff, 0xbf, 0xf7, 0xdf, 0xff, 0xbe, 0xff, 0xdf, 0xf7,
    0xbf, 0xff, 0xde, 0xf7, 0xbf, 0xff, 0xbe, 0xf7, 0xbf, 0xf7, 0xbf, 0xff,
    0xde, 0xff, 0xbf, 0xf7, 0xbf, 0xff, 0xbe, 0xff, 0xde, 0xf7, 0xbf, 0xff,
    0xbf, 0xff, 0xbe, 0xf7, 0xdf, 0xff, 0xbf, 0xff, 0xbe, 0xf7, 0xbf, 0xff,
    0xbf, 0xff, 0xde, 0xf7, 0xbf, 0xff, 0x28, 0x42, 0x41, 0x08, 0x21, 0x00,
    0x41, 0x08, 0x41, 0x08, 0x41, 0x08, 0x21, 0x08, 0x41, 0x08, 0xbf, 0xf7,
    0xdf, 0xf7, 0xbe, 0xff, 0xbf, 0xff, 0xbf, 0xf7, 0xde, 0xf7, 0xbf, 0xff,
    0xbf, 0xff, 0xbe, 0xf7, 0xde, 0xff, 0xbf, 0xff, 0xbe, 0xf7, 0xdf, 0xff,
    0xbf, 0xff, 0xbf, 0xf7, 0xde, 0xff, 0xbf, 0xff, 0xbe, 0xf7, 0xbf, 0xf7,
    0xbe, 0xff, 0xbf, 0xff, 0xbf, 0xf7, 0xde, 0xff, 0xbf, 0xff, 0xdf, 0xff,
    0xde, 0xff, 0xbe, 0xf7, 0xbf, 0xff, 0xbf, 0xf7, 0xde, 0xff, 0xbf, 0xff,
    0xde, 0xf7, 0xbe, 0xf7, 0xf7, 0xbd, 0x41, 0x08, 0x41, 0x08, 0x21, 0x00,
    0x42, 0x08, 0x21, 0x00, 0x41, 0x08, 0xf7, 0xbd, 0xbf, 0xf7, 0xdf, 0xff,
    0xbe, 0xff, 0xbf, 0xf7, 0xdf, 0xf7, 0xbf, 0xff, 0xbe, 0xff, 0xbf, 0xff,
    0xbf, 0xf7, 0xbe, 0xff, 0xbf, 0xff, 0xbe, 0xf7, 0xbf, 0xff, 0xdf, 0xff,
    0xbe, 0xf7, 0xbf, 0xff, 0xde, 0xff, 0xbf, 0xf7, 0xbf, 0xff, 0xde, 0xff,
    0xbf, 0xf7, 0xbf, 0xff, 0xde, 0xff, 0xbf, 0xf7, 0xbf, 0xff, 0xbe, 0xf7,
    0xdf, 0xff, 0xbf, 0xf7, 0xdf, 0xff, 0xbf, 0xf7, 0xde, 0xf7, 0xbf, 0xf7,
    0xde, 0xf7, 0x41, 0x08, 0x21, 0x08, 0x41, 0x08, 0x21, 0x00, 0x21, 0x00,
    0x41, 0x08, 0x10, 0x84, 0xbf, 0xff, 0xbf, 0xff, 0xbe, 0xff, 0xbf, 0xff,
    0xdf, 0xf7, 0xde, 0xf7, 0xbf, 0xff, 0xdf, 0xf7, 0xde, 0xff, 0xbf, 0xf7,
    0xbf, 0xff, 0xde, 0xff, 0xbf, 0xf7, 0xbf, 0xff, 0xde, 0xff, 0xbf, 0xf7,
    0xbf, 0xff, 0xbe, 0xff, 0xdf, 0xf7, 0xbf, 0xff, 0xbe, 0xf7, 0xbf, 0xff,
    0xdf, 0xff, 0xbe, 0xf7, 0xbf, 0xff, 0xbe, 0xf7, 0xbf, 0xf7, 0xdf, 0xff,
    0xdf, 0xff, 0xdf, 0xf7, 0xbe, 0xff, 0xdf, 0xf7, 0xdf, 0xff, 0x28, 0x42,
    0x21, 0x08, 0x41, 0x08, 0x41, 0x08, 0x41, 0x08, 0x21, 0x00, 0x28, 0x42,
    0xdf, 0xf7, 0xdf, 0xff, 0xbe, 0xff, 0xbf, 0xf7, 0xdf, 0xff, 0xbe, 0xff,
    0xbe, 0xff, 0xdf, 0xff, 0xbf, 0xf7, 0xbe, 0xff, 0xdf, 0xf7, 0xbf, 0xf7,
    0xbe, 0xff, 0xbf, 0xf7, 0xbf, 0xff, 0xde, 0xff, 0xbf, 0xf7, 0xdf, 0xff,
    0xbe, 0xff, 0xdf, 0xf7, 0xdf, 0xff, 0xbe, 0xf7, 0xbe, 0xf7, 0xbf, 0xff,
    0xbf, 0xf7, 0xbe, 0xff, 0xbf, 0xf7, 0xbe, 0xff, 0xdf, 0xff, 0xbf, 0xf7,
    0xde, 0xff, 0xdf, 0xf7, 0xbe, 0xf7, 0x10, 0x84, 0x41, 0x08, 0x21, 0x00,
    0x41, 0x08, 0x41, 0x08, 0x41, 0x08, 0x41, 0x08, 0xbf, 0xf7, 0xbf, 0xff,
    0xbe, 0xff, 0xbf, 0xf7, 0xdf, 0xf7, 0xbe, 0xff, 0xbf, 0xff, 0xbf, 0xf7,
    0xbe, 0xff, 0xbf, 0xff, 0xbf, 0xf7, 0xdf, 0xff, 0xbf, 0xff, 0xbe, 0xff,
    0xbf, 0xf7, 0xbf, 0xff, 0xbf, 0xff, 0xbe, 0xf7, 0xbf, 0xff, 0xde, 0xf7,
    0xbf, 0xf7, 0xbe, 0xff, 0xbf, 0xff, 0xde, 0xf7, 0xbe, 0xff, 0xbf, 0xf7,
    0xbe, 0xff, 0xbf, 0xff, 0xdf, 0xff, 0xbe, 0xff, 0xbe, 0xff, 0xdf, 0xf7,
    0xbf, 0xf7, 0xf7, 0xbd, 0x41, 0x08, 0x41, 0x08, 0x21, 0x00, 0x41, 0x08,
    0x41, 0x08, 0x21, 0x00, 0xf8, 0xbd, 0xde, 0xff, 0xbf, 0xf7, 0xbe, 0xf7,
    0xdf, 0xff, 0xde, 0xf7, 0xbf, 0xff, 0xbe, 0xff, 0xdf, 0xf7, 0xbf, 0xff,
    0xde, 0xff, 0xbf, 0xf7, 0xbf, 0xff, 0xde, 0xff, 0xbf, 0xf7, 0xbf, 0xff,
    0xde, 0xf7, 0xbf, 0xff, 0xdf, 0xff, 0xbe, 0xf7, 0xbf, 0xff, 0xdf, 0xff,
    0xbe, 0xf7, 0xbf, 0xff, 0xde, 0xff, 0xbf, 0xff, 0xbf, 0xf7, 0xde, 0xff,
    0xbf, 0xff, 0xbf, 0xf7, 0xbe, 0xff, 0xbf, 0xff, 0xde, 0xf7, 0xbf, 0xf7,
    0x41, 0x08, 0x41, 0x08, 0x41, 0x08, 0x41, 0x08, 0x21, 0x00, 0x41, 0x08,
    0xf0, 0x83, 0xdf, 0xf7, 0xbf, 0xff, 0xbe, 0xff, 0xbf, 0xf7, 0xbf, 0xff,
    0xbe, 0xff, 0xdf, 0xf7, 0xbf, 0xff, 0xbe, 0xf7, 0xbf, 0xff, 0xbe, 0xff,
    0xbf, 0xf7, 0xdf, 0xff, 0xbe, 0xff, 0xdf, 0xf7, 0xbf, 0xff, 0xde, 0xff,
    0xbf, 0xf7, 0xbe, 0xff, 0xdf, 0xff, 0xbf, 0xf7, 0xbe, 0xff, 0xbf, 0xf7,
    0xdf, 0xff, 0xbe, 0xff, 0xbe, 0xf7, 0xbf, 0xff, 0xbf, 0xff, 0xbe, 0xf7,
    0xbf, 0xf7, 0xbf, 0xff, 0xde, 0xf7, 0xbf, 0xff, 0x28, 0x42, 0x41, 0x08,
    0x21, 0x08, 0x41, 0x08, 0x41, 0x08, 0x42, 0x08, 0x41, 0x00, 0x41, 0x08,
    0xbf, 0xff, 0xbf, 0xf7, 0xbe, 0xff, 0xbf, 0xff, 0xbe, 0xff, 0xde, 0xf7,
    0xdf, 0xff, 0xbf, 0xff, 0xbf, 0xf7, 0xbf, 0xff, 0xbe, 0xf7, 0xbf, 0xf7,
    0xbf, 0xff, 0xbe, 0xf7, 0xdf, 0xff, 0xbf, 0xf7, 0xbe, 0xff, 0xdf, 0xff,
    0xdf, 0xff, 0xbe, 0xf7, 0xbf, 0xff, 0xbe, 0xff, 0xbf, 0xf7, 0xbf, 0xff,
    0xbe, 0xf7, 0xbf, 0xf7, 0xdf, 0xff, 0xbf, 0xff, 0xbe, 0xff, 0xbf, 0xf7,
    0xbf, 0xff, 0xbf, 0xff, 0xdf, 0xf7, 0xd7, 0xbd, 0x41, 0x08, 0x41, 0x08,
    0x21, 0x08, 0x41, 0x08, 0x21, 0x00, 0x41, 0x08, 0xd7, 0xbd, 0xdf, 0xf7,
    0xbf, 0xff, 0xbe, 0xff, 0xdf, 0xff, 0xdf, 0xff, 0xbe, 0xf7, 0xdf, 0xf7,
    0xbf, 0xff, 0xbe, 0xf7, 0xdf, 0xff, 0xbf, 0xf7, 0xbe, 0xff, 0xbf, 0xff,
    0xbe, 0xf7, 0xbf, 0xf7, 0xbf, 0xff, 0xde, 0xff, 0xbf, 0xf7, 0xbe, 0xff,
    0xdf, 0xff, 0xbf, 0xf7, 0xbe, 0xff, 0xbf, 0xff, 0xbe, 0xf7, 0xbf, 0xff,
    0xde, 0xff, 0xbf, 0xf7, 0xbe, 0xff, 0xbe, 0xff, 0xbf, 0xff, 0xdf, 0xff,
    0xbf, 0xff, 0xbf, 0xf7, 0x41, 0x08, 0x41, 0x00, 0x41, 0x08, 0x21, 0x08,
    0x41, 0x08, 0x41, 0x08, 0xf0, 0x7b, 0xbf, 0xf7, 0xdf, 0xf7, 0xbe, 0xff,
    0xbf, 0xff, 0xde, 0xf7, 0xdf, 0xff, 0xbf, 0xff, 0xbe, 0xf7, 0xbf, 0xff,
    0xbe, 0xff, 0xdf, 0xf7, 0xbf, 0xff, 0xbe, 0xf7, 0xdf, 0xff, 0xbf, 0xf7,
    0xbe, 0xff, 0xbf, 0xff, 0xde, 0xf7, 0xbf, 0xff, 0xbf, 0xff, 0xde, 0xf7,
    0xbf, 0xff, 0xbf, 0xff, 0xde, 0xf7, 0xbf, 0xff, 0xdf, 0xff, 0xbe, 0xff,
    0xbe, 0xf7, 0xbf, 0xf7, 0xbe, 0xff, 0xbf, 0xff, 0xbf, 0xf7, 0xdf, 0xf7,
    0x28, 0x42, 0x21, 0x08, 0x42, 0x00, 0x41, 0x00, 0x41, 0x08, 0x21, 0x08,
    0x28, 0x42, 0xbf, 0xff, 0xbf, 0xf7, 0xbe, 0xff, 0xdf, 0xff, 0xdf, 0xf7,
    0xbf, 0xf7, 0xbe, 0xff, 0xbf, 0xff, 0xde, 0xff, 0xbf, 0xf7, 0xbf, 0xff,
    0xbe, 0xff, 0xdf, 0xff, 0xbe, 0xf7, 0xbf, 0xf7, 0xbe, 0xff, 0xbf, 0xf7,
    0xbf, 0xff, 0xbe, 0xf7, 0xbf, 0xff, 0xbf, 0xff, 0xdf, 0xff, 0xdf, 0xff,
    0xbf, 0xf7, 0xde, 0xff, 0xbf, 0xff, 0xbf, 0xf7, 0xde, 0xff, 0xbf, 0xff,
    0xbf, 0xff, 0xbe, 0xff, 0xbf, 0xff, 0xdf, 0xf7, 0x10, 0x84, 0x21, 0x08,
    0x21, 0x08, 0x41, 0x08, 0x41, 0x00, 0x41, 0x08, 0x41, 0x08, 0xbf, 0xf7,
    0xdf, 0xf7, 0xbf, 0xff, 0xbe, 0xff, 0xdf, 0xf7, 0xde, 0xf7, 0xbf, 0xff,
    0xbf, 0xff, 0xde, 0xf7, 0xbf, 0xff, 0xbe, 0xff, 0xbe, 0xf7, 0xbf, 0xff,
    0xdf, 0xff, 0xdf, 0xff, 0xbe, 0xf7, 0xbf, 0xff, 0xbf, 0xff, 0xbe, 0xff,
    0xbf, 0xff, 0xbf, 0xff, 0xbf, 0xf7, 0xbe, 0xff, 0xbf, 0xff, 0xdf, 0xf7,
    0xbf, 0xff, 0xbe, 0xff, 0xbf, 0xf7, 0xbf, 0xf7, 0xbe, 0xff, 0xbf, 0xff,
    0xdf, 0xf7, 0xbe, 0xff, 0xf7, 0xbd, 0x41, 0x08, 0x21, 0x08, 0x21, 0x00,
    0x41, 0x08, 0x41, 0x08, 0x21, 0x08, 0xf8, 0xbd, 0xbf, 0xf7, 0xde, 0xff,
    0xbf, 0xff, 0xdf, 0xf7, 0xde, 0xff, 0xbf, 0xff, 0xbf, 0xf7, 0xbe, 0xff,
    0xbf, 0xf7, 0xdf, 0xff, 0xbe, 0xf7, 0xbf, 0xff, 0xdf, 0xff, 0xbe, 0xf7,
    0xbf, 0xff, 0xbf, 0xff, 0xbe, 0xf7, 0xdf, 0xff, 0xbe, 0xf7, 0xbf, 0xff,
    0xdf, 0xf7, 0xbe, 0xff, 0xbf, 0xff, 0xbf, 0xf7, 0xbe, 0xff, 0xdf, 0xff,
    0xbe, 0xf7, 0xbf, 0xff, 0xde, 0xff, 0xbf, 0xf7, 0xbf, 0xff, 0xde, 0xff,
    0xbf, 0xf7, 0x21, 0x08, 0x41, 0x08, 0x41, 0x00, 0x21, 0x08, 0x41, 0x08,
    0x21, 0x00, 0x10, 0x84, 0xdf, 0xf7, 0xbe, 0xff, 0xbf, 0xff, 0xdf, 0xf7,
    0xbe, 0xff, 0xbf, 0xf7, 0xbf, 0xff, 0xbe, 0xff, 0xdf, 0xf7, 0xbf, 0xff,
    0xbe, 0xf7, 0xbf, 0xff, 0xbe, 0xff, 0xbf, 0xf7, 0xbf, 0xff, 0xbe, 0xff,
    0xbf, 0xff, 0xbf, 0xf7, 0xbe, 0xff, 0xbf, 0xff, 0xdf, 0xf7, 0xbe, 0xff,
    0xbf, 0xff, 0xbf, 0xf7, 0xde, 0xff, 0xbf, 0xf7, 0xbf, 0xff, 0xde, 0xff,
    0xdf, 0xf7, 0xbe, 0xff, 0xbf, 0xff, 0xdf, 0xf7, 0xbf, 0xf7, 0x28, 0x42,
    0x41, 0x08, 0x21, 0x00, 0x41, 0x08, 0x41, 0x08, 0x21, 0x08, 0x41, 0x08,
    0x41, 0x08, 0xdf, 0xf7, 0xdf, 0xf7, 0xbe, 0xff, 0xdf, 0xff, 0xbf, 0xf7,
    0xdf, 0xf7, 0xbe, 0xff, 0xbe, 0xf7, 0xdf, 0xff, 0xbf, 0xff, 0xde, 0xff,
    0xbf, 0xff, 0xbe, 0xf7, 0xde, 0xff, 0xbf, 0xff, 0xbf, 0xf7, 0xbe, 0xf7,
    0xbf, 0xff, 0xbf, 0xff, 0xde, 0xf7, 0xbf, 0xff, 0xdf, 0xff, 0xbe, 0xf7,
    0xbf, 0xff, 0xdf, 0xff, 0xdf, 0xff, 0xbe, 0xff, 0xbf, 0xf7, 0xde, 0xff,
    0xbf, 0xf7, 0xbe, 0xff, 0xbf, 0xff, 0xdf, 0xf7, 0xd7, 0xbd, 0x41, 0x08,
    0x41, 0x00, 0x21, 0x08, 0x41, 0x08, 0x41, 0x00, 0x41, 0x08, 0xd7, 0xbd,
    0xdf, 0xf7, 0xbf, 0xff, 0xbe, 0xf7, 0xdf, 0xf7, 0xbe, 0xff, 0xdf, 0xff,
    0xbf, 0xff, 0xbe, 0xff, 0xde, 0xff, 0xbf, 0xf7, 0xbf, 0xff, 0xde, 0xff,
    0xdf, 0xf7, 0xbf, 0xff, 0xbe, 0xff, 0xdf, 0xf7, 0xbf, 0xff, 0xbe, 0xf7,
    0xbf, 0xff, 0xbf, 0xff, 0xde, 0xf7, 0xbf, 0xff, 0xbf, 0xff, 0xde, 0xf7,
    0xbf, 0xff, 0xbf, 0xff, 0xbe, 0xf7, 0xdf, 0xff, 0xdf, 0xff, 0xbe, 0xf7,
    0xdf, 0xf7, 0xde, 0xff, 0xbf, 0xff, 0x41, 0x08, 0x21, 0x00, 0x41, 0x08,
    0x41, 0x08, 0x21, 0x00, 0x41, 0x08, 0xf0, 0x83, 0xbf, 0xff, 0xbf, 0xf7,
    0xdf, 0xff, 0xbe, 0xf7, 0xbf, 0xf7, 0xdf, 0xff, 0xbe, 0xff, 0xbf, 0xf7,
    0xbf, 0xff, 0xbe, 0xff, 0xbf, 0xf7, 0xbe, 0xff, 0xbf, 0xff, 0xbe, 0xf7,
    0xbf, 0xff, 0xdf, 0xff, 0xbe, 0xf7, 0xbf, 0xf7, 0xbe, 0xff, 0xbf, 0xff,
    0xbe, 0xf7, 0xbf, 0xff, 0xbe, 0xf7, 0xbf, 0xff, 0xbf, 0xff, 0xbe, 0xf7,
    0xbf, 0xff, 0xbf, 0xff, 0xdf, 0xff, 0xbe, 0xff, 0xde, 0xf7, 0xbf, 0xff,
    0xdf, 0xff, 0x28, 0x42, 0x41, 0x08, 0x41, 0x08, 0x21, 0x08, 0x41, 0x08,
    0x21, 0x08, 0x28, 0x42, 0xdf, 0xf7, 0xbf, 0xff, 0xbe, 0xff, 0xbf, 0xf7,
    0xde, 0xf7, 0xdf, 0xff, 0xbf, 0xf7, 0xbe, 0xf7, 0xbf, 0xff, 0xdf, 0xff,
    0xbe, 0xf7, 0xbf, 0xff, 0xdf, 0xff, 0xbe, 0xff, 0xdf, 0xff, 0xbf, 0xf7,
    0xbe, 0xff, 0xdf, 0xff, 0xbe, 0xf7, 0xdf, 0xff, 0xdf, 0xff, 0xbe, 0xf7,
    0xbf, 0xff, 0xbe, 0xff, 0xbf, 0xf7, 0xdf, 0xff, 0xbe, 0xff, 0xbf, 0xf7,
    0xbe, 0xf7, 0xbf, 0xf7, 0xbf, 0xff, 0xde, 0xf7, 0xbf, 0xf7, 0x10, 0x84,
    0x21, 0x00, 0x41, 0x08, 0x22, 0x08, 0x41, 0x00, 0x22, 0x08, 0x41, 0x08,
    0xbf, 0xff, 0xbf, 0xf7, 0xbe, 0xff, 0xbf, 0xff, 0xdf, 0xf7, 0xde, 0xff,
    0xbf, 0xff, 0xbe, 0xf7, 0xdf, 0xff, 0xbf, 0xff, 0xbe, 0xf7, 0xdf, 0xff,
    0xdf, 0xff, 0xbe, 0xf7, 0xbe, 0xff, 0xbf, 0xf7, 0xde, 0xf7, 0xdf, 0xff,
    0xbf, 0xf7, 0xde, 0xff, 0xdf, 0xff, 0xbe, 0xf7, 0xbf, 0xff, 0xdf, 0xff,
    0xbf, 0xf7, 0xbe, 0xff, 0xdf, 0xff, 0xde, 0xf7, 0xbf, 0xff, 0xbf, 0xff,
    0xbe, 0xf7, 0xdf, 0xff, 0xbf, 0xf7, 0xf7, 0xbd, 0x41, 0x08, 0x41, 0x08,
    0x21, 0x00, 0x42, 0x08, 0x41, 0x08, 0x21, 0x00, 0xd8, 0xbd, 0xde, 0xff,
    0xbf, 0xf7, 0xbf, 0xff, 0xbe, 0xf7, 0xdf, 0xf7, 0xbf, 0xff, 0xbe, 0xff,
    0xbf, 0xf7, 0xbf, 0xff, 0xbe, 0xff, 0xbf, 0xf7, 0xbf, 0xff, 0xbe, 0xf7,
    0xbf, 0xff, 0xde, 0xff, 0xbf, 0xf7, 0xbf, 0xff, 0xbe, 0xff, 0xbf, 0xf7,
    0xbe, 0xff, 0xbf, 0xff, 0xbf, 0xf7, 0xde, 0xff, 0xbf, 0xf7, 0xbf, 0xff,
    0xbe, 0xf7, 0xbf, 0xff, 0xbf, 0xf7, 0xbe, 0xff, 0xdf, 0xf7, 0xbf, 0xff,
    0xde, 0xf7, 0xdf, 0xf7, 0x21, 0x08, 0x41, 0x08, 0x41, 0x00, 0x41, 0x08,
    0x21, 0x08, 0x21, 0x00, 0x10, 0x84, 0xbf, 0xf7, 0xbe, 0xff, 0xdf, 0xff,
    0xbf, 0xf7, 0xbe, 0xff, 0xdf, 0xff, 0xbe, 0xf7, 0xbf, 0xff, 0xdf, 0xff,
    0xbe, 0xf7, 0xdf, 0xff, 0xbf, 0xff, 0xbe, 0xf7, 0xdf, 0xff, 0xbe, 0xf7,
    0xbf, 0xff, 0xdf, 0xf7, 0xde, 0xff, 0xbf, 0xf7, 0xbe, 0xff, 0xbf, 0xff,
    0xdf, 0xf7, 0xbe, 0xff, 0xbf, 0xff, 0xbf, 0xf7, 0xdf, 0xff, 0xbe, 0xf7,
    0xbf, 0xff, 0xbf, 0xff, 0xbe, 0xff, 0xde, 0xff, 0xdf, 0xf7, 0xbf, 0xff,
    0x28, 0x42, 0x41, 0x08, 0x21, 0x08, 0x41, 0x08, 0x21, 0x08, 0x41, 0x00,
    0x41, 0x08, 0x21, 0x08, 0xbf, 0xf7, 0xde, 0xff, 0xdf, 0xf7, 0xbf, 0xff,
    0xbe, 0xff, 0xdf, 0xf7, 0xbf, 0xf7, 0xbe, 0xff, 0xbf, 0xf7, 0xbe, 0xff,
    0xdf, 0xf7, 0xbf, 0xff, 0xbf, 0xff, 0xbf, 0xf7, 0xbe, 0xff, 0xdf, 0xff,
    0xbe, 0xff, 0xbf, 0xf7, 0xbf, 0xff, 0xbe, 0xf7, 0xbf, 0xff, 0xdf, 0xf7,
    0xbe, 0xff, 0xbe, 0xff, 0xbf, 0xf7, 0xbe, 0xff, 0xdf, 0xff, 0xdf, 0xff,
    0xbf, 0xf7, 0xbe, 0xff, 0xdf, 0xf7, 0xbe, 0xff, 0xdf, 0xf7, 0xd7, 0xbd,
    0x41, 0x08, 0x41, 0x08, 0x21, 0x00, 0x41, 0x08, 0x21, 0x08, 0x41, 0x08,
    0xf7, 0xbd, 0xbf, 0xff, 0xdf, 0xf7, 0xbe, 0xff, 0xbf, 0xff, 0xdf, 0xff,
    0xbe, 0xf7, 0xdf, 0xf7, 0xbf, 0xff, 0xbe, 0xf7, 0xbf, 0xff, 0xbf, 0xff,
    0xbe, 0xf7, 0xbf, 0xff, 0xbf, 0xff, 0xde, 0xf7, 0xbf, 0xff, 0xbf, 0xff,
    0xbe, 0xf7, 0xdf, 0xff, 0xbe, 0xf7, 0xbf, 0xff, 0xdf, 0xf7, 0xbe, 0xff,
    0xbf, 0xff, 0xdf, 0xf7, 0xbe, 0xff, 0xbf, 0xff, 0xbf, 0xf7, 0xbf, 0xff,
    0xbe, 0xff, 0xdf, 0xff, 0xbf, 0xff, 0xde, 0xf7, 0x41, 0x08, 0x21, 0x08,
    0x41, 0x08, 0x21, 0x00, 0x41, 0x00, 0x41, 0x08, 0x10, 0x84, 0xbf, 0xf7,
    0xdf, 0xff, 0xbe, 0xff, 0xbf, 0xff, 0xdf, 0xf7, 0xbe, 0xf7, 0xbe, 0xff,
    0xdf, 0xff, 0xbf, 0xf7, 0xde, 0xff, 0xbf, 0xf7, 0xdf, 0xff, 0xbe, 0xff,
    0xbf, 0xf7, 0xde, 0xff, 0xbf, 0xff, 0xbf, 0xf7, 0xde, 0xff, 0xbf, 0xff,
    0xdf, 0xf7, 0xbf, 0xff, 0xde, 0xff, 0xbf, 0xf7, 0xbf, 0xff, 0xde, 0xf7,
    0xbf, 0xff, 0xbe, 0xf7, 0xdf, 0xff, 0xbf, 0xf7, 0xbf, 0xff, 0xdf, 0xff,
    0xbe, 0xff, 0xbf, 0xf7, 0x28, 0x42, 0x21, 0x08, 0x41, 0x08, 0x41, 0x00,
    0x41, 0x08, 0x21, 0x08, 0x28, 0x42, 0xdf, 0xf7, 0xbf, 0xff, 0xbf, 0xff,
    0xdf, 0xff, 0xbe, 0xf7, 0xdf, 0xff, 0xbf, 0xff, 0xbe, 0xf7, 0xbf, 0xff,
    0xbe, 0xff, 0xbe, 0xf7, 0xbf, 0xf7, 0xbf, 0xff, 0xbe, 0xf7, 0xbf, 0xff,
    0xdf, 0xff, 0xbe, 0xf7, 0xbf, 0xff, 0xbf, 0xff, 0xbe, 0xf7, 0xbe, 0xff,
    0xbf, 0xf7, 0xbe, 0xff, 0xbf, 0xff, 0xbf, 0xf7, 0xbe, 0xff, 0xdf, 0xff,
    0xbf, 0xf7, 0xde, 0xff, 0xbf, 0xff, 0xbf, 0xff, 0xbe, 0xff, 0xdf, 0xff,
    0xf0, 0x83, 0x41, 0x08, 0x41, 0x00, 0x41, 0x08, 0x21, 0x08, 0x41, 0x08,
    0x41, 0x08, 0xbf, 0xf7, 0xdf, 0xf7, 0xbe, 0xff, 0xbf, 0xff, 0xdf, 0xf7,
    0xbe, 0xf7, 0xbf, 0xff, 0xbf, 0xf7, 0xbe, 0xff, 0xdf, 0xff, 0xbf, 0xf7,
    0xbf, 0xff, 0xbf, 0xff, 0xdf, 0xff, 0xdf, 0xff, 0xbf, 0xff, 0xbe, 0xff,
    0xbf, 0xf7, 0xbf, 0xf7, 0xbe, 0xff, 0xbf, 0xf7, 0xbf, 0xff, 0xde, 0xf7,
    0xbe, 0xff, 0xbf, 0xf7, 0xbf, 0xff, 0xbe, 0xff, 0xbf, 0xf7, 0xdf, 0xff,
    0xbe, 0xff, 0xbf, 0xf7, 0xdf, 0xf7, 0xdf, 0xff, 0xf7, 0xbd, 0x41, 0x08,
    0x41, 0x08, 0x21, 0x00, 0x41, 0x08, 0x41, 0x08, 0x41, 0x00, 0xd7, 0xbd,
    0xdf, 0xff, 0xdf, 0xf7, 0xbe, 0xff, 0xdf, 0xff, 0xbf, 0xf7, 0xbe, 0xff,
    0xdf, 0xff, 0xde, 0xf7, 0xbf, 0xff, 0xde, 0xff, 0xbf, 0xf7, 0xde, 0xff,
    0xbf, 0xff, 0xbf, 0xf7, 0xde, 0xff, 0xbf, 0xf7, 0xbf, 0xff, 0xde, 0xff,
    0xbf, 0xf7, 0xdf, 0xff, 0xbe, 0xff, 0xbf, 0xf7, 0xde, 0xff, 0xbf, 0xff,
    0xbf, 0xf7, 0xde, 0xff, 0xbf, 0xff, 0xbf, 0xff, 0xbe, 0xf7, 0xbf, 0xff,
    0xbe, 0xff, 0xdf, 0xf7, 0xbf, 0xff, 0x21, 0x08, 0x41, 0x08, 0x41, 0x08,
    0x41, 0x08, 0x21, 0x00, 0x41, 0x08, 0x10, 0x84, 0xbf, 0xf7, 0xbf, 0xff,
    0xbe, 0xf7, 0xbf, 0xff, 0xbf, 0xff, 0xde, 0xf7, 0xbf, 0xff, 0xbf, 0xf7,
    0xbe, 0xff, 0xbe, 0xff, 0xbf, 0xf7, 0xdf, 0xff, 0xbe, 0xff, 0xbf, 0xf7,
    0xdf, 0xff, 0xbe, 0xff, 0xbf, 0xf7, 0xbf, 0xff, 0xde, 0xff, 0xbf, 0xf7,
    0xbe, 0xff, 0xbf, 0xf7, 0xde, 0xff, 0xbe, 0xff, 0xbf, 0xf7, 0xbe, 0xff,
    0xdf, 0xff, 0xbf, 0xf7, 0xbe, 0xf7, 0xbf, 0xff, 0xbf, 0xf7, 0xde, 0xff,
    0xbf, 0xff, 0x28, 0x42, 0x41, 0x08, 0x21, 0x00, 0x41, 0x08, 0x41, 0x08,
    0x41, 0x08, 0x41, 0x00, 0x41, 0x08, 0xbf, 0xff, 0xbf, 0xff, 0xbe, 0xf7,
    0xbf, 0xff, 0xbe, 0xff, 0xdf, 0xf7, 0xdf, 0xff, 0xbf, 0xff, 0xbe, 0xff,
    0xbf, 0xf7, 0xbf, 0xff, 0xde, 0xf7, 0xbf, 0xff, 0xbf, 0xff, 0xde, 0xf7,
    0xbf, 0xff, 0xdf, 0xff, 0xbe, 0xf7, 0xdf, 0xff, 0xbe, 0xff, 0xbf, 0xf7,
    0xbf, 0xff, 0xde, 0xff, 0xbf, 0xf7, 0xbf, 0xf7, 0xbe, 0xff, 0xbf, 0xf7,
    0xbf, 0xff, 0xbe, 0xff, 0xbf, 0xf7, 0xbf, 0xff, 0xbe, 0xff, 0xdf, 0xf7,
    0xd7, 0xbd, 0x41, 0x08, 0x41, 0x08, 0x21, 0x00, 0x42, 0x08, 0x21, 0x08,
    0x41, 0x08, 0xd7, 0xbd, 0xdf, 0xf7, 0xdf, 0xff, 0xbe, 0xff, 0xdf, 0xf7,
    0xbf, 0xf7, 0xdf, 0xff, 0xbe, 0xff, 0xbf, 0xf7, 0xbf, 0xff, 0xde, 0xff,
    0xbf, 0xf7, 0xbe, 0xf7, 0xbf, 0xff, 0xde, 0xff, 0xbf, 0xf7, 0xbe, 0xff,
    0xbf, 0xff, 0xdf, 0xf7, 0xbe, 0xff, 0xbf, 0xff, 0xbf, 0xf7, 0xbe, 0xff,
    0xbe, 0xf7, 0xbf, 0xff, 0xbf, 0xf7, 0xde, 0xff, 0xbf, 0xff, 0xbe, 0xf7,
    0xdf, 0xff, 0xbf, 0xf7, 0xbe, 0xf7, 0xdf, 0xf7, 0xbf, 0xf7, 0x41, 0x08,
    0x41, 0x08, 0x41, 0x08, 0x21, 0x00, 0x21, 0x08, 0x41, 0x08, 0xf0, 0x7b,
    0xbf, 0xff, 0xbf, 0xf7, 0xbe, 0xff, 0xbf, 0xff, 0xdf, 0xf7, 0xde, 0xff,
    0xbf, 0xff, 0xbf, 0xf7, 0xbe, 0xff, 0xbf, 0xff, 0xdf, 0xf7, 0xbe, 0xff,
    0xbf, 0xf7, 0xdf, 0xff, 0xbe, 0xf7, 0xbf, 0xff, 0xbf, 0xff, 0xbe, 0xff,
    0xdf, 0xf7, 0xbf, 0xff, 0xbe, 0xff, 0xdf, 0xf7, 0xbf, 0xff, 0xbe, 0xff,
    0xdf, 0xff, 0xbf, 0xf7, 0xbe, 0xff, 0xde, 0xf7, 0xdf, 0xff, 0xbf, 0xff,
    0xbe, 0xf7, 0xdf, 0xf7, 0xdf, 0xff, 0x28, 0x42, 0x41, 0x08, 0x41, 0x08,
    0x21, 0x08, 0x41, 0x08, 0x21, 0x00, 0x28, 0x42, 0xbf, 0xff, 0xdf, 0xff,
    0xbe, 0xf7, 0xbe, 0xff, 0xdf, 0xf7, 0xbf, 0xff, 0xbe, 0xff, 0xdf, 0xf7,
    0xbf, 0xff, 0xdf, 0xff, 0xbf, 0xff, 0xde, 0xff, 0xbf, 0xf7, 0xbf, 0xff,
    0xbe, 0xf7, 0xbf, 0xff, 0xde, 0xff, 0xbf, 0xf7, 0xdf, 0xff, 0xdf, 0xff,
    0xbf, 0xf7, 0xbf, 0xff, 0xde, 0xff, 0xdf, 0xf7, 0xbe, 0xff, 0xbe, 0xf7,
    0xbf, 0xff, 0xbf, 0xff, 0xbe, 0xf7, 0xdf, 0xff, 0xbe, 0xf7, 0xbf, 0xf7,
    0xdf, 0xf7, 0xf0, 0x83, 0x21, 0x08, 0x41, 0x00, 0x41, 0x08, 0x21, 0x00,
    0x41, 0x08, 0x41, 0x08, 0xbf, 0xff, 0xbf, 0xff, 0xde, 0xf7, 0xbf, 0xff,
    0xde, 0xf7, 0xdf, 0xff, 0xbf, 0xff, 0xbe, 0xf7, 0xbf, 0xff, 0xbe, 0xff,
    0xde, 0xf7, 0xdf, 0xff, 0xbf, 0xff, 0xbe, 0xf7, 0xbf, 0xf7, 0xbe, 0xff,
    0xbf, 0xff, 0xbe, 0xff, 0xdf, 0xff, 0xbe, 0xf7, 0xbf, 0xff, 0xbf, 0xff,
    0xbe, 0xf7, 0xbf, 0xff, 0xdf, 0xff, 0xbe, 0xf7, 0xbf, 0xff, 0xbf, 0xf7,
    0xbe, 0xff, 0xde, 0xff, 0xdf, 0xf7, 0xbe, 0xff, 0xbf, 0xff, 0xf7, 0xbd,
    0x41, 0x08, 0x41, 0x08, 0x21, 0x00, 0x41, 0x08, 0x41, 0x08, 0x21, 0x08,
    0xf8, 0xbd, 0xbf, 0xf7, 0xde, 0xff, 0xbe, 0xff, 0xdf, 0xf7, 0xde, 0xf7,
    0xbf, 0xff, 0xbf, 0xff, 0xbe, 0xf7, 0xbf, 0xff, 0xbf, 0xff, 0xde, 0xf7,
    0xbf, 0xff, 0xbf, 0xff, 0xbe, 0xf7, 0xbf, 0xff, 0xbe, 0xff, 0xdf, 0xf7,
    0xbf, 0xff, 0xbe, 0xf7, 0xbf, 0xff, 0xdf, 0xf7, 0xbe, 0xff, 0xbf, 0xff,
    0xbe, 0xf7, 0xdf, 0xff, 0xbe, 0xff, 0xdf, 0xf7, 0xbf, 0xff, 0xde, 0xff,
    0xbf, 0xf7, 0xbf, 0xff, 0xde, 0xf7, 0xbf, 0xf7, 0x41, 0x08, 0x41, 0x00,
    0x21, 0x08, 0x41, 0x08, 0x21, 0x00, 0x21, 0x08, 0x10, 0x84, 0xdf, 0xf7,
    0xbe, 0xff, 0xbf, 0xff, 0xde, 0xf7, 0xbf, 0xff, 0xbf, 0xff, 0xde, 0xf7,
    0xbf, 0xff, 0xbf, 0xf7, 0xdf, 0xff, 0xbe, 0xf7, 0xbf, 0xff, 0xbf, 0xff,
    0xbe, 0xf7, 0xbf, 0xff, 0xde, 0xff, 0xbf, 0xf7, 0xbf, 0xff, 0xbe, 0xff,
    0xdf, 0xf7, 0xbf, 0xff, 0xbf, 0xff, 0xbf, 0xf7, 0xdf, 0xff, 0xbe, 0xf7,
    0xbf, 0xff, 0xbf, 0xff, 0xde, 0xf7, 0xbf, 0xff, 0xbf, 0xff, 0xbf, 0xf7,
    0xde, 0xf7, 0xbf, 0xf7, 0x28, 0x42, 0x41, 0x08, 0x21, 0x00, 0x41, 0x08,
    0x41, 0x08, 0x41, 0x08, 0x41, 0x08, 0x41, 0x08, 0xbf, 0xf7, 0xdf, 0xf7,
    0xbe, 0xff, 0xbf, 0xff, 0xbf, 0xf7, 0xde, 0xf7, 0xdf, 0xff, 0xbe, 0xff,
    0xbf, 0xf7, 0xdf, 0xff, 0xbe, 0xff, 0xbe, 0xf7, 0xdf, 0xff, 0xbe, 0xff,
    0xbf, 0xf7, 0xbf, 0xf7, 0xbe, 0xff, 0xbf, 0xff, 0xdf, 0xf7, 0xbe, 0xff,
    0xbf, 0xff, 0xbe, 0xf7, 0xbf, 0xff, 0xdf, 0xff, 0xbf, 0xff, 0xbe, 0xf7,
    0xdf, 0xff, 0xdf, 0xff, 0xde, 0xff, 0xbf, 0xf7, 0xbf, 0xff, 0xbe, 0xff,
    0xdf, 0xf7, 0xd7, 0xbd, 0x41, 0x08, 0x41, 0x08, 0x21, 0x00, 0x41, 0x08,
    0x41, 0x00, 0x41, 0x08, 0xd7, 0xbd, 0xbf, 0xf7, 0xbf, 0xff, 0xbe, 0xff,
    0xdf, 0xff, 0xbf, 0xff, 0xde, 0xf7, 0xdf, 0xff, 0xbf, 0xff, 0xbe, 0xf7,
    0xdf, 0xff, 0xbf, 0xff, 0xdf, 0xf7, 0xbe, 0xff, 0xbf, 0xff, 0xbf, 0xf7,
    0xbe, 0xff, 0xdf, 0xf7, 0xbf, 0xff, 0xbe, 0xff, 0xdf, 0xf7, 0xbf, 0xff,
    0xbe, 0xff, 0xdf, 0xff, 0xbf, 0xf7, 0xbe, 0xff, 0xbf, 0xf7, 0xdf, 0xff,
    0xbe, 0xff, 0xbf, 0xf7, 0xbf, 0xff, 0xdf, 0xff, 0xdf, 0xff, 0xbf, 0xf7,
    0x41, 0x08, 0x21, 0x00, 0x41, 0x08, 0x41, 0x08, 0x21, 0x08, 0x41, 0x08,
    0x10, 0x7c, 0xbf, 0xf7, 0xdf, 0xff, 0xbe, 0xf7, 0xbf, 0xff, 0xdf, 0xf7,
    0xbe, 0xf7, 0xbf, 0xff, 0xbf, 0xf7, 0xbe, 0xff, 0xbf, 0xff, 0xbe, 0xf7,
    0xbf, 0xff, 0xbf, 0xff, 0xbe, 0xf7, 0xbf, 0xff, 0xdf, 0xf7, 0xbe, 0xff,
    0xbf, 0xf7, 0xbe, 0xff, 0xbe, 0xff, 0xbf, 0xf7, 0xbe, 0xff, 0xbf, 0xf7,
    0xbe, 0xff, 0xdf, 0xf7, 0xbf, 0xff, 0xbf, 0xff, 0xbe, 0xff, 0xbf, 0xf7,
    0xbe, 0xff, 0xdf, 0xff, 0xbf, 0xff, 0xbf, 0xf7, 0x28, 0x42, 0x41, 0x08,
    0x42, 0x00, 0x21, 0x08, 0x41, 0x08, 0x41, 0x08, 0x28, 0x42, 0xbf, 0xf7,
    0xbf, 0xff, 0xbe, 0xff, 0xdf, 0xff, 0xdf, 0xf7, 0xbe, 0xf7, 0xbf, 0xff,
    0xbe, 0xff, 0xbe, 0xf7, 0xbf, 0xf7, 0xdf, 0xff, 0xbe, 0xff, 0xdf, 0xf7,
    0xbe, 0xff, 0xdf, 0xff, 0xbf, 0xf7, 0xbe, 0xff, 0xbf, 0xf7, 0xbe, 0xff,
    0xbe, 0xff, 0xdf, 0xff, 0xdf, 0xff, 0xbf, 0xf7, 0xbf, 0xff, 0xbf, 0xff,
    0xde, 0xf7, 0xbf, 0xff, 0xbf, 0xff, 0xbe, 0xf7, 0xdf, 0xff, 0xbf, 0xff,
    0xbe, 0xff, 0xde, 0xf7, 0x10, 0x84, 0x21, 0x00, 0x41, 0x00, 0x41, 0x08,
    0x41, 0x08, 0x41, 0x00, 0x41, 0x08, 0xbf, 0xf7, 0xdf, 0xf7, 0xdf, 0xff,
    0xbe, 0xff, 0xbf, 0xf7, 0xdf, 0xff, 0xbe, 0xff, 0xbf, 0xf7, 0xdf, 0xff,
    0xbf, 0xf7, 0xbe, 0xff, 0xbf, 0xf7, 0xbe, 0xff, 0xdf, 0xff, 0xdf, 0xff,
    0xbf, 0xf7, 0xbe, 0xf7, 0xdf, 0xff, 0xbf, 0xff, 0xbe, 0xf7, 0xdf, 0xff,
    0xdf, 0xff, 0xbe, 0xf7, 0xbf, 0xff, 0xdf, 0xff, 0xbe, 0xf7, 0xdf, 0xff,
    0xbf, 0xff, 0xbe, 0xf7, 0xbf, 0xff, 0xbf, 0xff, 0xde, 0xf7, 0xbf, 0xf7,
    0xf7, 0xbd, 0x41, 0x08, 0x21, 0x08, 0x21, 0x00, 0x41, 0x08, 0x41, 0x08,
    0x21, 0x00, 0xd8, 0xbd, 0xdf, 0xff, 0xbe, 0xf7, 0xbf, 0xff, 0xbf, 0xf7,
    0xde, 0xf7, 0xbf, 0xff, 0xbf, 0xff, 0xbe, 0xf7, 0xbf, 0xff, 0xbf, 0xf7,
    0xbe, 0xff, 0xbf, 0xf7, 0xdf, 0xff, 0xbe, 0xff, 0xbf, 0xf7, 0xdf, 0xff,
    0xbe, 0xff, 0xbf, 0xf7, 0xbe, 0xff, 0xbf, 0xff, 0xbf, 0xf7, 0xde, 0xff,
    0xbf, 0xf7, 0xbf, 0xff, 0xbe, 0xff, 0xbf, 0xf7, 0xbe, 0xf7, 0xbf, 0xff,
    0xdf, 0xff, 0xbe, 0xf7, 0xbf, 0xff, 0xde, 0xff, 0xdf, 0xf7, 0x21, 0x08,
    0x41, 0x08, 0x41, 0x00, 0x41, 0x08, 0x21, 0x08, 0x41, 0x00, 0xf0, 0x83,
    0xdf, 0xf7, 0xbf, 0xff, 0xbe, 0xff, 0xdf, 0xf7, 0xbe, 0xf7, 0xbf, 0xff,
    0xbe, 0xff, 0xbe, 0xf7, 0xdf, 0xff, 0xbf, 0xff, 0xbe, 0xf7, 0xdf, 0xff,
    0xbf, 0xf7, 0xbe, 0xff, 0xbf, 0xf7, 0xbf, 0xff, 0xde, 0xf7, 0xbf, 0xff,
    0xbe, 0xf7, 0xbf, 0xff, 0xde, 0xff, 0xbe, 0xf7, 0xbf, 0xff, 0xbf, 0xff,
    0xde, 0xf7, 0xbf, 0xff, 0xbe, 0xff, 0xbf, 0xf7, 0xde, 0xff, 0xbf, 0xff,
    0xbe, 0xff, 0xdf, 0xf7, 0xbf, 0xff, 0x28, 0x42, 0x41, 0x08, 0x21, 0x08,
    0x41, 0x08, 0x41, 0x08, 0x21, 0x00, 0x41, 0x08, 0x41, 0x08, 0xbf, 0xf7,
    0xdf, 0xf7, 0xbe, 0xff, 0xbf, 0xff, 0xbf, 0xff, 0xde, 0xf7, 0xbf, 0xf7,
    0xbe, 0xff, 0xbf, 0xf7, 0xdf, 0xff, 0xbe, 0xff, 0xbf, 0xf7, 0xbf, 0xff,
    0xbe, 0xff, 0xbf, 0xf7, 0xde, 0xff, 0xbf, 0xff, 0xbf, 0xf7, 0xbe, 0xff,
    0xdf, 0xf7, 0xbf, 0xff, 0xbe, 0xf7, 0xdf, 0xf7, 0xbe, 0xff, 0xbe, 0xff,
    0xdf, 0xff, 0xdf, 0xff, 0xbe, 0xf7, 0xbf, 0xf7, 0xbf, 0xff, 0xde, 0xff,
    0xdf, 0xf7, 0xbf, 0xf7, 0xf7, 0xbd, 0x41, 0x08, 0x41, 0x08, 0x21, 0x08,
    0x41, 0x08, 0x21, 0x00, 0x41, 0x08, 0xf7, 0xbd, 0xbf, 0xf7, 0xdf, 0xff,
    0xbe, 0xf7, 0xbf, 0xf7, 0xde, 0xff, 0xbf, 0xff, 0xbf, 0xf7, 0xbe, 0xff,
    0xbf, 0xf7, 0xbe, 0xff, 0xbf, 0xff, 0xbe, 0xf7, 0xdf, 0xff, 0xbf, 0xf7,
    0xbe, 0xff, 0xdf, 0xff, 0xbe, 0xf7, 0xbf, 0xff, 0xbe, 0xff, 0xbf, 0xf7,
    0xdf, 0xff, 0xbe, 0xf7, 0xbf, 0xff, 0xdf, 0xff, 0xbe, 0xf7, 0xbf, 0xff,
    0xbf, 0xf7, 0xde, 0xff, 0xdf, 0xff, 0xbe, 0xff, 0xde, 0xf7, 0xbe, 0xff,
    0xbf, 0xff, 0x41, 0x08, 0x21, 0x00, 0x41, 0x08, 0x21, 0x00, 0x41, 0x00,
    0x41, 0x08, 0xf0, 0x83, 0xbf, 0xff, 0xbf, 0xff, 0xde, 0xff, 0xbf, 0xf7,
    0xde, 0xff, 0xdf, 0xff, 0xbf, 0xf7, 0xde, 0xff, 0xdf, 0xff, 0xbf, 0xf7,
    0xbe, 0xff, 0xdf, 0xff, 0xdf, 0xf7, 0xbe, 0xff, 0xbf, 0xff, 0xde, 0xf7,
    0xbf, 0xff, 0xbf, 0xf7, 0xdf, 0xff, 0xbf, 0xf7, 0xbf, 0xff, 0xde, 0xff,
    0xbf, 0xf7, 0xbf, 0xff, 0xbe, 0xff, 0xbe, 0xf7, 0xdf, 0xff, 0xbf, 0xf7,
    0xdf, 0xff, 0xbe, 0xff, 0xdf, 0xf7, 0xde, 0xf7, 0xdf, 0xff, 0x28, 0x42,
    0x21, 0x08, 0x41, 0x08, 0x21, 0x00, 0x41, 0x08, 0x21, 0x08, 0x28, 0x42,
    0xdf, 0xf7, 0xbf, 0xff, 0xbf, 0xf7, 0xbf, 0xff, 0xde, 0xf7, 0xdf, 0xf7,
    0xbf, 0xff, 0xbf, 0xff, 0xde, 0xf7, 0xbf, 0xff, 0xbe, 0xf7, 0xbf, 0xff,
    0xbf, 0xff, 0xbe, 0xf7, 0xbf, 0xff, 0xdf, 0xff, 0xbe, 0xf7, 0xbf, 0xff,
    0xdf, 0xff, 0xdf, 0xf7, 0xbe, 0xf7, 0xbe, 0xff, 0xbf, 0xf7, 0xbe, 0xff,
    0xbf, 0xff, 0xdf, 0xf7, 0xbe, 0xff, 0xbf, 0xf7, 0xdf, 0xff, 0xbe, 0xff,
    0xbf, 0xf7, 0xbf, 0xff, 0xdf, 0xff, 0x10, 0x84, 0x41, 0x08, 0x21, 0x00,
    0x41, 0x08, 0x21, 0x08, 0x41, 0x08, 0x41, 0x08, 0xbf, 0xff, 0xbf, 0xff,
    0xbe, 0xff, 0xbf, 0xf7, 0xdf, 0xf7, 0xbe, 0xf7, 0xbe, 0xff, 0xbf, 0xff,
    0xdf, 0xf7, 0xbe, 0xff, 0xbf, 0xff, 0xbf, 0xf7, 0xbe, 0xf7, 0xbf, 0xff,
    0xbe, 0xff, 0xbf, 0xf7, 0xdf, 0xff, 0xbe, 0xff, 0xbf, 0xf7, 0xbf, 0xff,
    0xbe, 0xff, 0xbf, 0xf7, 0xbe, 0xff, 0xbf, 0xf7, 0xbe, 0xff, 0xbf, 0xff,
    0xbe, 0xf7, 0xdf, 0xff, 0xbf, 0xf7, 0xbf, 0xff, 0xbe, 0xff, 0xdf, 0xf7,
    0xbf, 0xf7, 0xf7, 0xbd, 0x41, 0x08, 0x41, 0x08, 0x21, 0x00, 0x42, 0x08,
    0x41, 0x08, 0x21, 0x00, 0xf7, 0xbd, 0xdf, 0xff, 0xbf, 0xf7, 0xbf, 0xff,
    0xdf, 0xff, 0xbe, 0xf7, 0xbf, 0xff, 0xdf, 0xff, 0xbe, 0xf7, 0xdf, 0xff,
    0xdf, 0xff, 0xbe, 0xf7, 0xbf, 0xff, 0xde, 0xf7, 0xbf, 0xff, 0xbf, 0xf7,
    0xbe, 0xff, 0xbf, 0xff, 0xdf, 0xf7, 0xde, 0xff, 0xbf, 0xff, 0xbe, 0xf7,
    0xbf, 0xff, 0xdf, 0xff, 0xbe, 0xf7, 0xbf, 0xff, 0xdf, 0xff, 0xbe, 0xf7,
    0xbf, 0xff, 0xbf, 0xf7, 0xbe, 0xff, 0xbf, 0xff, 0xdf, 0xf7, 0xbe, 0xf7,
    0x21, 0x08, 0x41, 0x08, 0x41, 0x08, 0x41, 0x08, 0x21, 0x00, 0x41, 0x08,
    0xf0, 0x83, 0xbf, 0xf7, 0xbf, 0xf7, 0xbe, 0xff, 0xbf, 0xff, 0xbf, 0xf7,
    0xdf, 0xff, 0xbf, 0xff, 0xbe, 0xf7, 0xbf, 0xff, 0xbe, 0xff, 0xbf, 0xf7,
    0xde, 0xff, 0xbf, 0xff, 0xdf, 0xf7, 0xbe, 0xff, 0xbf, 0xff, 0xbf, 0xff,
    0xde, 0xf7, 0xbf, 0xff, 0xbf, 0xff, 0xbf, 0xf7, 0xde, 0xf7, 0xbf, 0xff,
    0xbe, 0xff, 0xbf, 0xf7, 0xdf, 0xff, 0xbe, 0xf7, 0xbf, 0xff, 0xbf, 0xf7,
    0xde, 0xff, 0xbf, 0xff, 0xdf, 0xf7, 0xbe, 0xff, 0x28, 0x42, 0x41, 0x08,
    0x21, 0x00, 0x41, 0x08, 0x41, 0x08, 0x42, 0x08, 0x41, 0x08, 0x41, 0x08,
    0xbf, 0xf7, 0xdf, 0xff, 0xde, 0xf7, 0xbf, 0xff, 0xbe, 0xff, 0xdf, 0xf7,
    0xdf, 0xff, 0xbe, 0xff, 0xbf, 0xf7, 0xbf, 0xff, 0xbe, 0xff, 0xdf, 0xf7,
    0xbf, 0xff, 0xbe, 0xf7, 0xdf, 0xff, 0xbf, 0xff, 0xbe, 0xf7, 0xbf, 0xff,
    0xbe, 0xff, 0xdf, 0xff, 0xbf, 0xf7, 0xbe, 0xff, 0xbf, 0xff, 0xbf, 0xf7,
    0xbf, 0xf7, 0xbf, 0xff, 0xbe, 0xf7, 0xdf, 0xff, 0xbf, 0xff, 0xbe, 0xff,
    0xbf, 0xf7, 0xbf, 0xff, 0xde, 0xff, 0xd7, 0xbd, 0x41, 0x08, 0x41, 0x08,
    0x21, 0x00, 0x41, 0x08, 0x21, 0x08, 0x41, 0x08, 0xf7, 0xbd, 0xbf, 0xf7,
    0xbf, 0xff, 0xbe, 0xff, 0xdf, 0xff, 0xdf, 0xff, 0xbe, 0xf7, 0xdf, 0xf7,
    0xbf, 0xff, 0xde, 0xff, 0xbf, 0xf7, 0xbe, 0xff, 0xbf, 0xff, 0xdf, 0xf7,
    0xbe, 0xff, 0xbf, 0xff, 0xbf, 0xf7, 0xbe, 0xff, 0xdf, 0xf7, 0xbf, 0xff,
    0xbe, 0xff, 0xbf, 0xf7, 0xbe, 0xff, 0xbf, 0xf7, 0xdf, 0xff, 0xbe, 0xff,
    0xbf, 0xf7, 0xbe, 0xff, 0xbf, 0xf7, 0xbf, 0xff, 0xbf, 0xf7, 0xdf, 0xff,
    0xbf, 0xff, 0xde, 0xf7, 0x41, 0x08, 0x21, 0x08, 0x41, 0x08, 0x21, 0x08,
    0x41, 0x00, 0x41, 0x08, 0xf0, 0x83, 0xbf, 0xf7, 0xdf, 0xf7, 0xbf, 0xff,
    0xbe, 0xff, 0xdf, 0xf7, 0xbf, 0xf7, 0xbe, 0xff, 0xbe, 0xff, 0xbf, 0xf7,
    0xbf, 0xf7, 0xbe, 0xff, 0xbf, 0xff, 0xbe, 0xf7, 0xbf, 0xff, 0xbf, 0xff,
    0xbe, 0xff, 0xbf, 0xf7, 0xde, 0xff, 0xbe, 0xff, 0xbf, 0xf7, 0xdf, 0xff,
    0xbe, 0xff, 0xbf, 0xf7, 0xdf, 0xff, 0xbe, 0xff, 0xbf, 0xf7, 0xbe, 0xff,
    0xbf, 0xff, 0xbf, 0xf7, 0xbe, 0xff, 0xbf, 0xff, 0xbf, 0xff, 0xde, 0xf7,
    0x28, 0x42, 0x21, 0x08, 0x41, 0x08, 0x41, 0x00, 0x41, 0x08, 0x21, 0x08,
    0x28, 0x42, 0xdf, 0xf7, 0xbe, 0xff, 0xbe, 0xff, 0xdf, 0xff, 0xbf, 0xff,
    0xde, 0xf7, 0xbf, 0xff, 0xbf, 0xff, 0xdf, 0xff, 0xbe, 0xff, 0xbf, 0xf7,
    0xdf, 0xff, 0xbe, 0xff, 0xbf, 0xf7, 0xbe, 0xff, 0xbf, 0xff, 0xdf, 0xf7,
    0xbe, 0xff, 0xbf, 0xff, 0xbf, 0xf7, 0xdf, 0xff, 0xdf, 0xff, 0xbe, 0xff,
    0xbf, 0xf7, 0xde, 0xff, 0xbf, 0xff, 0xbe, 0xf7, 0xbf, 0xff, 0xdf, 0xff,
    0xbe, 0xf7, 0xbe, 0xf7, 0xbf, 0xff, 0xdf, 0xf7, 0xf0, 0x7b, 0x21, 0x08,
    0x41, 0x08, 0x41, 0x08, 0x41, 0x00, 0x41, 0x08, 0x41, 0x08, 0xbf, 0xf7,
    0xbf, 0xf7, 0xbe, 0xff, 0xbf, 0xff, 0xdf, 0xf7, 0xde, 0xff, 0xbf, 0xff,
    0xbf, 0xf7, 0xbe, 0xff, 0xbe, 0xff, 0xdf, 0xff, 0xdf, 0xff, 0xbe, 0xf7,
    0xbf, 0xff, 0xdf, 0xff, 0xdf, 0xff, 0xbe, 0xf7, 0xbf, 0xff, 0xde, 0xf7,
    0xbf, 0xff, 0xbf, 0xf7, 0xde, 0xff, 0xbf, 0xff, 0xdf, 0xf7, 0xbe, 0xff,
    0xbf, 0xf7, 0xbf, 0xff, 0xde, 0xff, 0xbf, 0xf7, 0xbe, 0xff, 0xdf, 0xff,
    0xdf, 0xf7, 0xbf, 0xff, 0xf7, 0xbd, 0x41, 0x08, 0x41, 0x08, 0x21, 0x00,
    0x41, 0x08, 0x41, 0x08, 0x21, 0x08, 0xf8, 0xbd, 0xbe, 0xf7, 0xde, 0xff,
    0xbf, 0xff, 0xde, 0xf7, 0xdf, 0xf7, 0xbe, 0xff, 0xbf, 0xff, 0xbe, 0xf7,
    0xbf, 0xff, 0xbe, 0xff, 0xbf, 0xf7, 0xbf, 0xff, 0xbe, 0xff, 0xdf, 0xf7,
    0xbe, 0xff, 0xbf, 0xf7, 0xbf, 0xff, 0xbe, 0xf7, 0xbf, 0xff, 0xdf, 0xff,
    0xbe, 0xf7, 0xbf, 0xff, 0xbf, 0xff, 0xbe, 0xf7, 0xdf, 0xff, 0xbf, 0xff,
    0xbe, 0xff, 0xdf, 0xf7, 0xbe, 0xff, 0xbf, 0xff, 0xbf, 0xf7, 0xde, 0xf7,
    0xdf, 0xff, 0x21, 0x08, 0x41, 0x00, 0x41, 0x08, 0x41, 0x08, 0x21, 0x00,
    0x41, 0x08, 0x10, 0x84, 0xdf, 0xf7, 0xbe, 0xff, 0xdf, 0xff, 0xbe, 0xf7,
    0xbf, 0xff, 0xde, 0xff, 0xbf, 0xf7, 0xbf, 0xff, 0xde, 0xff, 0xbf, 0xf7,
    0xbf, 0xff, 0xbe, 0xff, 0xbf, 0xf7, 0xbe, 0xff, 0xde, 0xff, 0xbf, 0xf7,
    0xbf, 0xff, 0xbe, 0xff, 0xdf, 0xf7, 0xbf, 0xff, 0xbe, 0xff, 0xbf, 0xf7,
    0xdf, 0xff, 0xbe, 0xf7, 0xbf, 0xff, 0xbf, 0xff, 0xde, 0xf7, 0xbf, 0xff,
    0xbf, 0xff, 0xbe, 0xf7, 0xbf, 0xff, 0xdf, 0xf7, 0xdf, 0xf7, 0x28, 0x42,
    0x41, 0x08, 0x21, 0x08, 0x41, 0x08, 0x41, 0x08, 0x41, 0x08, 0x21, 0x00,
    0x41, 0x08, 0xbf, 0xff, 0xbe, 0xf7, 0xbf, 0xff, 0xbf, 0xf7, 0xbe, 0xff,
    0xdf, 0xf7, 0xbf, 0xf7, 0xbe, 0xff, 0xdf, 0xff, 0xbe, 0xf7, 0xbf, 0xff,
    0xdf, 0xff, 0xbe, 0xf7, 0xbf, 0xff, 0xdf, 0xff, 0xbe, 0xf7, 0xbf, 0xff,
    0xdf, 0xf7, 0xbe, 0xff, 0xbf, 0xff, 0xde, 0xf7, 0xbf, 0xff, 0xbf, 0xff,
    0xde, 0xff, 0xbf, 0xf7, 0xdf, 0xff, 0xdf, 0xff, 0xbe, 0xf7, 0xbf, 0xff,
    0xbe, 0xff, 0xbf, 0xf7, 0xbf, 0xff, 0xde, 0xf7, 0xd7, 0xbd, 0x41, 0x08,
    0x41, 0x08, 0x21, 0x00, 0x41, 0x08, 0x41, 0x00, 0x41, 0x08, 0xd7, 0xbd,
    0xdf, 0xf7, 0xdf, 0xff, 0xbe, 0xff, 0xdf, 0xf7, 0xbf, 0xf7, 0xdf, 0xff,
    0xbe, 0xff, 0xbf, 0xff, 0xbf, 0xf7, 0xdf, 0xff, 0xbe, 0xf7, 0xbf, 0xff,
    0xbe, 0xff, 0xdf, 0xf7, 0xbf, 0xff, 0xbe, 0xff, 0xdf, 0xf7, 0xbf, 0xff,
    0xbe, 0xf7, 0xdf, 0xff, 0xbf, 0xff, 0xbe, 0xf7, 0xdf, 0xff, 0xbe, 0xff,
    0xbf, 0xf7, 0xdf, 0xff, 0xbe, 0xff, 0xbe, 0xff, 0xdf, 0xff, 0xbe, 0xf7,
    0xdf, 0xf7, 0xbf, 0xff, 0xdf, 0xf7, 0x41, 0x08, 0x21, 0x00, 0x41, 0x08,
    0x41, 0x08, 0x21, 0x08, 0x41, 0x08, 0x10, 0x7c, 0xbf, 0xff, 0xbf, 0xf7,
    0xbe, 0xff, 0xbf, 0xff, 0xdf, 0xf7, 0xde, 0xf7, 0xbf, 0xff, 0xbf, 0xff,
    0xbe, 0xff, 0xdf, 0xf7, 0xdf, 0xff, 0xbe, 0xff, 0xbf, 0xf7, 0xdf, 0xf7,
    0xbe, 0xff, 0xbf, 0xff, 0xdf, 0xf7, 0xbe, 0xff, 0xbf, 0xff, 0xbf, 0xf7,
    0xbe, 0xff, 0xbf, 0xf7, 0xde, 0xff, 0xbf, 0xf7, 0xbf, 0xff, 0xdf, 0xf7,
    0xbe, 0xff, 0xbf, 0xff, 0xdf, 0xff, 0xdf, 0xf7, 0xbe, 0xff, 0xbf, 0xf7,
    0xdf, 0xff, 0x28, 0x42, 0x41, 0x08, 0x41, 0x08, 0x21, 0x08, 0x41, 0x08,
    0x21, 0x00, 0x29, 0x42, 0xbf, 0xff, 0xdf, 0xff, 0xbe, 0xf7, 0xbf, 0xff,
    0xdf, 0xf7, 0xbe, 0xf7, 0xbe, 0xff, 0xbf, 0xf7, 0xbe, 0xf7, 0xbf, 0xff,
    0xbf, 0xff, 0xde, 0xf7, 0xbf, 0xf7, 0xdf, 0xff, 0xbe, 0xf7, 0xbf, 0xff,
    0xbf, 0xf7, 0xbe, 0xff, 0xdf, 0xff, 0xdf, 0xff, 0xbe, 0xff, 0xbf, 0xf7,
    0xbf, 0xff, 0xbf, 0xf7, 0xbf, 0xff, 0xbe, 0xff, 0xdf, 0xf7, 0xbe, 0xff,
    0xbf, 0xff, 0xbf, 0xf7, 0xde, 0xff, 0xdf, 0xff, 0xbe, 0xf7, 0x10, 0x84,
    0x21, 0x08, 0x41, 0x08, 0x21, 0x08, 0x41, 0x00, 0x41, 0x08, 0x21, 0x08,
    0xbf, 0xf7, 0xdf, 0xff, 0xbe, 0xff, 0xbf, 0xff, 0xde, 0xf7, 0xdf, 0xff,
    0xbf, 0xff, 0xbe, 0xf7, 0xdf, 0xf7, 0xbf, 0xff, 0xbf, 0xf7, 0xbe, 0xff,
    0xdf, 0xff, 0xbf, 0xf7, 0xbe, 0xff, 0xbe, 0xf7, 0xbf, 0xff, 0xbf, 0xff,
    0xde, 0xff, 0xbf, 0xf7, 0xbf, 0xff, 0xbe, 0xff, 0xdf, 0xf7, 0xbf, 0xff,
    0xbe, 0xff, 0xdf, 0xf7, 0xbf, 0xff, 0xbe, 0xff, 0xbe, 0xf7, 0xbf, 0xff,
    0xbe, 0xf7, 0xde, 0xf7, 0xbf, 0xff, 0xf7, 0xbd, 0x41, 0x08, 0x21, 0x08,
    0x21, 0x00, 0x41, 0x08, 0x41, 0x08, 0x21, 0x08, 0xd8, 0xbd, 0xdf, 0xf7,
    0xbe, 0xff, 0xbf, 0xff, 0xdf, 0xf7, 0xbe, 0xff, 0xbf, 0xff, 0xbf, 0xf7,
    0xdf, 0xff, 0xbe, 0xf7, 0xbf, 0xff, 0xdf, 0xff, 0xbe, 0xf7, 0xbf, 0xff,
    0xbf, 0xff, 0xde, 0xf7, 0xdf, 0xff, 0xbe, 0xff, 0xbf, 0xf7, 0xbf, 0xff,
    0xbe, 0xf7, 0xdf, 0xff, 0xbe, 0xf7, 0xbf, 0xff, 0xde, 0xf7, 0xbf, 0xf7,
    0xbf, 0xff, 0xbe, 0xf7, 0xdf, 0xff, 0xbf, 0xff, 0xbe, 0xf7, 0xdf, 0xff,
    0xdf, 0xff, 0xbf, 0xf7, 0x21, 0x08, 0x41, 0x08, 0x41, 0x08, 0x42, 0x08,
    0x21, 0x00, 0x21, 0x08, 0x10, 0x7c, 0xbf, 0xf7, 0xbf, 0xff, 0xbe, 0xff,
    0xbf, 0xf7, 0xbf, 0xff, 0xbe, 0xff, 0xbf, 0xf7, 0xdf, 0xff, 0xbe, 0xf7,
    0xbf, 0xff, 0xdf, 0xff, 0xbe, 0xf7, 0xbf, 0xff, 0xdf, 0xff, 0xbf, 0xf7,
    0xbe, 0xf7, 0xdf, 0xff, 0xbe, 0xf7, 0xbf, 0xff, 0xbe, 0xff, 0xbe, 0xf7,
    0xbf, 0xff, 0xbf, 0xff, 0xde, 0xf7, 0xbf, 0xff, 0xbf, 0xff, 0xbe, 0xf7,
    0xdf, 0xff, 0xbe, 0xff, 0xbf, 0xf7, 0xbe, 0xff, 0xde, 0xff, 0xbf, 0xf7,
    0x28, 0x42, 0x41, 0x08, 0x21, 0x00, 0x41, 0x08, 0x21, 0x08, 0x41, 0x08,
    0x41, 0x00, 0x41, 0x08, 0xbf, 0xf7, 0xdf, 0xf7, 0xde, 0xff, 0xbf, 0xff,
    0xbf, 0xf7, 0xde, 0xff, 0xdf, 0xf7, 0xbf, 0xff, 0xbe, 0xff, 0xbf, 0xf7,
    0xbf, 0xf7, 0xbe, 0xff, 0xbf, 0xff, 0xbf, 0xf7, 0xbe, 0xff, 0xbe, 0xff,
    0xdf, 0xf7, 0xbf, 0xff, 0xbe, 0xf7, 0xbf, 0xff, 0xbf, 0xff, 0xde, 0xf7,
    0xbf, 0xff, 0xbe, 0xff, 0xbe, 0xff, 0xbf, 0xf7, 0xbe, 0xff, 0xdf, 0xff,
    0xdf, 0xff, 0xbf, 0xf7, 0xde, 0xff, 0xbf, 0xff, 0xdf, 0xf7, 0xd7, 0xbd,
    0x41, 0x08, 0x42, 0x08, 0x21, 0x00, 0x41, 0x08, 0x21, 0x08, 0x41, 0x08,
    0xd7, 0xbd, 0xbf, 0xf7, 0xdf, 0xf7, 0xbe, 0xff, 0xbf, 0xff, 0xdf, 0xff,
    0xbe, 0xf7, 0xdf, 0xf7, 0xbe, 0xff, 0xbf, 0xff, 0xbe, 0xf7, 0xdf, 0xff,
    0xbf, 0xff, 0xbe, 0xf7, 0xbf, 0xff, 0xde, 0xf7, 0xbf, 0xff, 0xbf, 0xff,
    0xbe, 0xf7, 0xbe, 0xff, 0xdf, 0xff, 0xbf, 0xf7, 0xbe, 0xff, 0xdf, 0xff,
    0xbf, 0xf7, 0xbe, 0xff, 0xdf, 0xf7, 0xbf, 0xf7, 0xbf, 0xff, 0xbe, 0xff,
    0xbf, 0xff, 0xdf, 0xff, 0xbe, 0xff, 0xbf, 0xf7, 0x41, 0x08, 0x41, 0x08,
    0x41, 0x00, 0x21, 0x00, 0x21, 0x08, 0x41, 0x08, 0x10, 0x7c, 0xbf, 0xff,
    0xdf, 0xf7, 0xbe, 0xff, 0xbf, 0xff, 0xde, 0xf7, 0xbf, 0xff, 0xbf, 0xff,
    0xde, 0xf7, 0xbf, 0xff, 0xbe, 0xff, 0xbf, 0xf7, 0xbf, 0xff, 0xde, 0xff,
    0xbf, 0xf7, 0xbe, 0xff, 0xdf, 0xf7, 0xbf, 0xff, 0xbe, 0xff, 0xdf, 0xf7,
    0xbf, 0xff, 0xbe, 0xff, 0xdf, 0xf7, 0xbf, 0xff, 0xbe, 0xff, 0xbf, 0xf7,
    0xde, 0xff, 0xbf, 0xf7, 0xbe, 0xf7, 0xbf, 0xff, 0xbe, 0xff, 0xdf, 0xff,
    0xbf, 0xff, 0xdf, 0xf7, 0x28, 0x42, 0x21, 0x08, 0x42, 0x00, 0x41, 0x08,
    0x41, 0x08, 0x21, 0x08, 0x28, 0x42, 0xdf, 0xf7, 0xbf, 0xff, 0xbf, 0xf7,
    0xdf, 0xff, 0xde, 0xff, 0xbf, 0xf7, 0xbf, 0xff, 0xde, 0xff, 0xbf, 0xf7,
    0xbf, 0xff, 0xde, 0xff, 0xbe, 0xf7, 0xbf, 0xff, 0xbf, 0xff, 0xde, 0xff,
    0xbf, 0xf7, 0xbe, 0xff, 0xbf, 0xf7, 0xbe, 0xf7, 0xbf, 0xff, 0xdf, 0xff,
    0xde, 0xff, 0xbe, 0xf7, 0xbf, 0xff, 0xde, 0xf7, 0xbf, 0xff, 0xbf, 0xf7,
    0xde, 0xff, 0xbf, 0xff, 0xbf, 0xf7, 0xbf, 0xff, 0xbe, 0xff, 0xbf, 0xf7,
    0x10, 0x84, 0x41, 0x00, 0x21, 0x00, 0x41, 0x08, 0x21, 0x00, 0x41, 0x08,
    0x41, 0x08, 0xdf, 0xff, 0xdf, 0xf7, 0xbf, 0xf7, 0xbe, 0xff, 0xdf, 0xf7,
    0xbf, 0xf7, 0xbe, 0xff, 0xbf, 0xff, 0xbf, 0xff, 0xde, 0xf7, 0xbf, 0xff,
    0xbe, 0xf7, 0xbf, 0xff, 0xdf, 0xff, 0xdf, 0xff, 0xdf, 0xff, 0xbf, 0xf7,
    0xbe, 0xff, 0xbf, 0xf7, 0xde, 0xff, 0xbf, 0xff, 0xbe, 0xf7, 0xbf, 0xff,
    0xbf, 0xff, 0xbe, 0xf7, 0xdf, 0xff, 0xbf, 0xf7, 0xbe, 0xff, 0xdf, 0xff,
    0xbf, 0xf7, 0xbf, 0xff, 0xdf, 0xff, 0xbf, 0xf7, 0xf7, 0xbd, 0x41, 0x08,
    0x41, 0x08, 0x21, 0x00, 0x41, 0x08, 0x41, 0x08, 0x41, 0x00, 0xd8, 0xbd,
    0xdf, 0xff, 0xde, 0xf7, 0xbf, 0xff, 0xbf, 0xf7, 0xde, 0xf7, 0xbf, 0xff,
    0xbe, 0xff, 0xdf, 0xf7, 0xbf, 0xff, 0xbe, 0xff, 0xdf, 0xf7, 0xbe, 0xff,
    0xbf, 0xff, 0xbf, 0xf7, 0xbe, 0xff, 0xbf, 0xff, 0xdf, 0xf7, 0xbe, 0xff,
    0xbf, 0xff, 0xbf, 0xf7, 0xbe, 0xff, 0xdf, 0xff, 0xbf, 0xff, 0xbe, 0xff,
    0xbf, 0xff, 0xbe, 0xf7, 0xdf, 0xff, 0xbf, 0xff, 0xbe, 0xf7, 0xbe, 0xff,
    0xbf, 0xff, 0xde, 0xf7, 0xbf, 0xf7, 0x41, 0x08, 0x41, 0x08, 0x21, 0x00,
    0x41, 0x08, 0x21, 0x08, 0x21, 0x00, 0x10, 0x84, 0xdf, 0xf7, 0xbe, 0xff,
    0xbf, 0xff, 0xdf, 0xf7, 0xde, 0xff, 0xbf, 0xf7, 0xbe, 0xff, 0xbf, 0xff,
    0xbf, 0xf7, 0xde, 0xff, 0xbf, 0xf7, 0xbf, 0xf7, 0xde, 0xff, 0xbf, 0xff,
    0xbf, 0xf7, 0xbe, 0xff, 0xbf, 0xff, 0xdf, 0xf7, 0xbe, 0xff, 0xdf, 0xf7,
    0xdf, 0xff, 0xbf, 0xff, 0xbe, 0xf7, 0xbf, 0xff, 0xde, 0xff, 0xbf, 0xf7,
    0xbf, 0xff, 0xbe, 0xf7, 0xdf, 0xff, 0xbf, 0xf7, 0xbf, 0xff, 0xdf, 0xff,
    0xbf, 0xf7, 0x28, 0x42, 0x41, 0x08, 0x21, 0x08, 0x41, 0x08, 0x41, 0x08,
    0x41, 0x08, 0x41, 0x08, 0x41, 0x08, 0xbf, 0xf7, 0xdf, 0xff, 0xbe, 0xff,
    0xbf, 0xff, 0xbf, 0xff, 0xde, 0xf7, 0xbf, 0xff, 0xbf, 0xff, 0xbe, 0xf7,
    0xdf, 0xff, 0xbe, 0xff, 0xde, 0xf7, 0xbf, 0xff, 0xdf, 0xf7, 0xbe, 0xff,
    0xbf, 0xff, 0xbf, 0xf7, 0xde, 0xff, 0xbf, 0xff, 0xbf, 0xf7, 0xbe, 0xff,
    0xbf, 0xf7, 0xdf, 0xf7, 0xbf, 0xff, 0xbe, 0xf7, 0xbf, 0xff, 0xbf, 0xf7,
    0xbe, 0xff, 0xbf, 0xf7, 0xbe, 0xff, 0xbf, 0xff, 0xbf, 0xf7, 0xdf, 0xf7,
    0xd7, 0xbd, 0x41, 0x08, 0x41, 0x08, 0x21, 0x00, 0x41, 0x08, 0x21, 0x00,
    0x41, 0x08, 0xf7, 0xbd, 0xbf, 0xff, 0xdf, 0xff, 0xbe, 0xf7, 0xbf, 0xf7,
    0xde, 0xff, 0xdf, 0xff, 0xbf, 0xff, 0xbe, 0xf7, 0xbf, 0xff, 0xdf, 0xff,
    0xbe, 0xf7, 0xbf, 0xff, 0xdf, 0xff, 0xbe, 0xf7, 0xbf, 0xff, 0xbf, 0xf7,
    0xde, 0xff, 0xbf, 0xff, 0xbf, 0xf7, 0xbe, 0xff, 0xbf, 0xf7, 0xbf, 0xff,
    0xbe, 0xf7, 0xbf, 0xff, 0xbe, 0xff, 0xbf, 0xff, 0xdf, 0xf7, 0xbe, 0xf7,
    0xdf, 0xff, 0xbf, 0xf7, 0xde, 0xf7, 0xdf, 0xff, 0xbf, 0xf7, 0x41, 0x08,
    0x21, 0x08, 0x41, 0x08, 0x21, 0x00, 0x41, 0x08, 0x41, 0x08, 0xf0, 0x7b,
    0xbf, 0xff, 0xbf, 0xff, 0xbf, 0xf7, 0xbe, 0xff, 0xdf, 0xf7, 0xbf, 0xf7,
    0xbe, 0xff, 0xbf, 0xf7, 0xbf, 0xff, 0xbe, 0xff, 0xbf, 0xf7, 0xde, 0xff,
    0xbf, 0xff, 0xbf, 0xff, 0xbe, 0xf7, 0xbf, 0xff, 0xbf, 0xff, 0xbe, 0xf7,
    0xdf, 0xf7, 0xbe, 0xff, 0xbf, 0xff, 0xbf, 0xf7, 0xbe, 0xff, 0xbf, 0xff,
    0xde, 0xf7, 0xbf, 0xff, 0xbf, 0xff, 0xde, 0xf7, 0xdf, 0xff, 0xbf, 0xf7,
    0xde, 0xf7, 0xdf, 0xff, 0xdf, 0xff, 0x28, 0x42, 0x21, 0x08, 0x41, 0x08,
    0x41, 0x08, 0x41, 0x08, 0x21, 0x00, 0x28, 0x42, 0xdf, 0xff, 0xbf, 0xff,
    0xbe, 0xff, 0xbe, 0xf7, 0xdf, 0xff, 0xdf, 0xf7, 0xbf, 0xff, 0xbe, 0xff,
    0xdf, 0xf7, 0xbf, 0xff, 0xbe, 0xff, 0xbf, 0xf7, 0xbf, 0xff, 0xbe, 0xff,
    0xbf, 0xf7, 0xdf, 0xff, 0xde, 0xff, 0xbf, 0xff, 0xdf, 0xff, 0xbf, 0xff,
    0xbf, 0xf7, 0xbe, 0xff, 0xbf, 0xff, 0xdf, 0xf7, 0xbe, 0xff, 0xbf, 0xff,
    0xbf, 0xf7, 0xbe, 0xff, 0xde, 0xf7, 0xbf, 0xff, 0xbe, 0xff, 0xbf, 0xf7,
    0xdf, 0xf7, 0x10, 0x84, 0x21, 0x08, 0x41, 0x08, 0x41, 0x08, 0x41, 0x08,
    0x22, 0x00, 0x21, 0x08, 0xbf, 0xf7, 0xbf, 0xff, 0xbe, 0xff, 0xbf, 0xff,
    0xdf, 0xf7, 0xde, 0xf7, 0xbf, 0xff, 0xbf, 0xff, 0xbe, 0xf7, 0xbf, 0xff,
    0xdf, 0xff, 0xbe, 0xf7, 0xdf, 0xff, 0xbe, 0xf7, 0xbe, 0xf7, 0xbf, 0xff,
    0xbe, 0xff, 0xbf, 0xf7, 0xbf, 0xff, 0xbe, 0xf7, 0xdf, 0xff, 0xbf, 0xf7,
    0xbe, 0xff, 0xdf, 0xf7, 0xbe, 0xff, 0xbf, 0xff, 0xbf, 0xf7, 0xde, 0xff,
    0xbf, 0xff, 0xbf, 0xf7, 0xbe, 0xff, 0xdf, 0xff, 0xbf, 0xf7, 0xf7, 0xbd,
    0x41, 0x08, 0x41, 0x08, 0x21, 0x00, 0x42, 0x08, 0x41, 0x08, 0x21, 0x00,
    0xf7, 0xbd, 0xbf, 0xff, 0xdf, 0xf7, 0xbe, 0xff, 0xdf, 0xf7, 0xdf, 0xf7,
    0xbe, 0xff, 0xbf, 0xff, 0xbe, 0xf7, 0xbf, 0xff, 0xbf, 0xf7, 0xbe, 0xff,
    0xdf, 0xff, 0xbe, 0xf7, 0xdf, 0xff, 0xbf, 0xff, 0xbe, 0xf7, 0xbf, 0xff,
    0xde, 0xff, 0xdf, 0xf7, 0xbf, 0xff, 0xbe, 0xf7, 0xbf, 0xff, 0xdf, 0xf7,
    0xbe, 0xff, 0xbf, 0xff, 0xdf, 0xf7, 0xbe, 0xff, 0xbf, 0xf7, 0xdf, 0xff,
    0xbf, 0xff, 0xbe, 0xf7, 0xdf, 0xf7, 0xbe, 0xff, 0x21, 0x08, 0x41, 0x00,
    0x41, 0x08, 0x41, 0x08, 0x41, 0x00, 0x21, 0x08, 0x10, 0x84, 0xdf, 0xf7,
    0xbe, 0xff, 0xbf, 0xff, 0xbf, 0xf7, 0xbe, 0xff, 0xdf, 0xff, 0xbf, 0xf7,
    0xbe, 0xff, 0xdf, 0xff, 0xbe, 0xf7, 0xbf, 0xff, 0xbf, 0xff, 0xbe, 0xf7,
    0xbe, 0xff, 0xdf, 0xff, 0xbf, 0xff, 0xbe, 0xf7, 0xbf, 0xff, 0xbf, 0xff,
    0xbe, 0xf7, 0xbf, 0xff, 0xde, 0xff, 0xbf, 0xf7, 0xbf, 0xff, 0xbe, 0xf7,
    0xdf, 0xff, 0xbf, 0xff, 0xbe, 0xf7, 0xbf, 0xff, 0xde, 0xff, 0xbe, 0xf7,
    0xdf, 0xf7, 0xbf, 0xff, 0x28, 0x42, 0x41, 0x08, 0x21, 0x00, 0x41, 0x08,
    0x41, 0x00, 0x41, 0x08, 0x21, 0x08, 0x41, 0x08, 0xbf, 0xf7, 0xbf, 0xff,
    0xbe, 0xf7, 0xbf, 0xf7, 0xbe, 0xff, 0xde, 0xf7, 0xdf, 0xf7, 0xbe, 0xff,
    0xbf, 0xff, 0xbf, 0xf7, 0xdf, 0xff, 0xbf, 0xff, 0xbe, 0xf7, 0xbf, 0xff,
    0xdf, 0xf7, 0xbe, 0xff, 0xbf, 0xff, 0xbe, 0xf7, 0xdf, 0xff, 0xbe, 0xff,
    0xdf, 0xf7, 0xbe, 0xff, 0xbf, 0xff, 0xdf, 0xf7, 0xbe, 0xff, 0xdf, 0xff,
    0xbf, 0xff, 0xbe, 0xf7, 0xdf, 0xff, 0xdf, 0xff, 0xbe, 0xf7, 0xbe, 0xff,
    0xdf, 0xff, 0xf7, 0xbd, 0x41, 0x08, 0x41, 0x08, 0x21, 0x00, 0x41, 0x08,
    0x41, 0x08, 0x41, 0x08, 0xd7, 0xbd, 0xdf, 0xf7, 0xbf, 0xff, 0xbf, 0xff,
    0xdf, 0xff, 0xbf, 0xff, 0xbe, 0xf7, 0xdf, 0xf7, 0xbf, 0xff, 0xbe, 0xff,
    0xbf, 0xf7, 0xbe, 0xf7, 0xbf, 0xff, 0xdf, 0xff, 0xbe, 0xf7, 0xbf, 0xff,
    0xde, 0xff, 0xbf, 0xf7, 0xbf, 0xff, 0xde, 0xff, 0xbf, 0xf7, 0xdf, 0xff,
    0xbe, 0xff, 0xdf, 0xf7, 0xbf, 0xff, 0xbe, 0xff, 0xbf, 0xff, 0xbe, 0xff,
    0xdf, 0xff, 0xbf, 0xff, 0xbe, 0xf7, 0xdf, 0xff, 0xbf, 0xff, 0xde, 0xf7,
    0x41, 0x08, 0x21, 0x08, 0x41, 0x08, 0x41, 0x00, 0x21, 0x08, 0x41, 0x08,
    0x10, 0x7c, 0xbf, 0xf7, 0xdf, 0xff, 0xbe, 0xff, 0xbf, 0xf7, 0xdf, 0xff,
    0xde, 0xff, 0xbf, 0xff, 0xdf, 0xf7, 0xbe, 0xff, 0xdf, 0xf7, 0xbf, 0xff,
    0xbe, 0xf7, 0xbf, 0xf7, 0xdf, 0xff, 0xbe, 0xff, 0xdf, 0xf7, 0xbe, 0xff,
    0xbf, 0xff, 0xbf, 0xff, 0xde, 0xf7, 0xbf, 0xff, 0xde, 0xff, 0xbf, 0xf7,
    0xbf, 0xff, 0xde, 0xff, 0xbf, 0xff, 0xbf, 0xff, 0xbe, 0xff, 0xbf, 0xff,
    0xbf, 0xf7, 0xbf, 0xff, 0xbe, 0xff, 0xbf, 0xf7, 0x28, 0x42, 0x41, 0x08,
    0x41, 0x00, 0x21, 0x00, 0x41, 0x08, 0x21, 0x08, 0x28, 0x42, 0xbf, 0xf7,
    0xbe, 0xff, 0xbf, 0xf7, 0xdf, 0xff, 0xbe, 0xf7, 0xdf, 0xff, 0xbe, 0xff,
    0xbf, 0xf7, 0xbe, 0xff, 0xbf, 0xff, 0xdf, 0xf7, 0xbe, 0xff, 0xdf, 0xf7,
    0xbe, 0xff, 0xbf, 0xf7, 0xbf, 0xff, 0xbe, 0xf7, 0xbf, 0xf7, 0xbe, 0xff,
    0xde, 0xf7, 0xdf, 0xff, 0xbf, 0xff, 0xbf, 0xf7, 0xbf, 0xff, 0xbe, 0xff,
    0xdf, 0xf7, 0xbf, 0xff, 0xbf, 0xff, 0xbf, 0xf7, 0xde, 0xff, 0xbf, 0xff,
    0xbf, 0xf7, 0xde, 0xff, 0xf0, 0x83, 0x41, 0x00, 0x21, 0x08, 0x41, 0x08,
    0x41, 0x00, 0x41, 0x08, 0x41, 0x08, 0xdf, 0xff, 0xdf, 0xf7, 0xbe, 0xff,
    0xbf, 0xff, 0xde, 0xf7, 0xbe, 0xff, 0xbf, 0xff, 0xde, 0xf7, 0xbe, 0xf7,
    0xbf, 0xff, 0xbf, 0xff, 0xbe, 0xf7, 0xdf, 0xff, 0xbf, 0xff, 0xbf, 0xf7,
    0xdf, 0xff, 0xdf, 0xff, 0xbe, 0xf7, 0xdf, 0xff, 0xbf, 0xff, 0xbe, 0xf7,
    0xbf, 0xff, 0xdf, 0xff, 0xbe, 0xf7, 0xbf, 0xff, 0xbe, 0xff, 0xdf, 0xf7,
    0xbf, 0xff, 0xbe, 0xf7, 0xbe, 0xff, 0xdf, 0xff, 0xde, 0xf7, 0xbf, 0xf7,
    0xf7, 0xbd, 0x41, 0x08, 0x41, 0x08, 0x21, 0x08, 0x41, 0x08, 0x41, 0x08,
    0x21, 0x08, 0xd8, 0xbd, 0xde, 0xf7, 0xbf, 0xff, 0xbe, 0xff, 0xdf, 0xff,
    0xbf, 0xf7, 0xbe, 0xff, 0xdf, 0xff, 0xbf, 0xf7, 0xbe, 0xff, 0xdf, 0xff,
    0xbf, 0xf7, 0xbe, 0xff, 0xbf, 0xf7, 0xbf, 0xff, 0xde, 0xf7, 0xbf, 0xff,
    0xbf, 0xff, 0xbe, 0xf7, 0xbf, 0xff, 0xde, 0xff, 0xbf, 0xf7, 0xbe, 0xff,
    0xbf, 0xf7, 0xdf, 0xf7, 0xbe, 0xff, 0xbf, 0xff, 0xbe, 0xf7, 0xbf, 0xff,
    0xbf, 0xff, 0xbe, 0xf7, 0xbf, 0xff, 0xdf, 0xff, 0xdf, 0xf7, 0x21, 0x08,
    0x41, 0x08, 0x41, 0x08, 0x41, 0x08, 0x21, 0x00, 0x21, 0x08, 0xf0, 0x83,
    0xdf, 0xf7, 0xbe, 0xff, 0xbf, 0xf7, 0xbe, 0xff, 0xbf, 0xff, 0xbf, 0xf7,
    0xde, 0xff, 0xbf, 0xf7, 0xbf, 0xff, 0xbe, 0xff, 0xdf, 0xff, 0xbf, 0xff,
    0xbe, 0xf7, 0xdf, 0xf7, 0xbf, 0xff, 0xbe, 0xf7, 0xdf, 0xff, 0xbf, 0xff,
    0xbe, 0xf7, 0xbf, 0xff, 0xbf, 0xf7, 0xbe, 0xff, 0xdf, 0xff, 0xbf, 0xf7,
    0xbe, 0xff, 0xbf, 0xff, 0xde, 0xf7, 0xbf, 0xff, 0xbf, 0xff, 0xbe, 0xff,
    0xbf, 0xf7, 0xde, 0xff, 0xbf, 0xff, 0x28, 0x42, 0x41, 0x08, 0x21, 0x00,
    0x41, 0x08, 0x41, 0x08, 0x41, 0x08, 0x41, 0x00, 0x41, 0x08, 0xdf, 0xf7,
    0xdf, 0xff, 0xbe, 0xff, 0xbf, 0xf7, 0xbf, 0xff, 0xdf, 0xff, 0xdf, 0xf7,
    0xbe, 0xff, 0xbf, 0xff, 0xbe, 0xf7, 0xbf, 0xff, 0xbf, 0xff, 0xbe, 0xf7,
    0xbf, 0xff, 0xdf, 0xff, 0xbe, 0xf7, 0xbf, 0xff, 0xdf, 0xf7, 0xbe, 0xff,
    0xbf, 0xff, 0xbf, 0xf7, 0xbe, 0xff, 0xbe, 0xff, 0xbf, 0xf7, 0xdf, 0xff,
    0xbe, 0xff, 0xdf, 0xff, 0xdf, 0xff, 0xbf, 0xf7, 0xbf, 0xff, 0xbe, 0xff,
    0xdf, 0xf7, 0xbf, 0xf7, 0xd7, 0xbd, 0x41, 0x08, 0x41, 0x08, 0x21, 0x00,
    0x41, 0x08, 0x21, 0x08, 0x41, 0x08, 0xd7, 0xbd, 0xdf, 0xf7, 0xbf, 0xff,
    0xbe, 0xff, 0xde, 0xf7, 0xdf, 0xf7, 0xbf, 0xff, 0xbe, 0xff, 0xdf, 0xff,
    0xbf, 0xf7, 0xbe, 0xff, 0xdf, 0xff, 0xbf, 0xf7, 0xbe, 0xff, 0xbf, 0xff,
    0xbf, 0xf7, 0xbe, 0xff, 0xbf, 0xf7, 0xbf, 0xff, 0xbe, 0xff, 0xdf, 0xf7,
    0xbe, 0xff, 0xbf, 0xff, 0xbf, 0xf7, 0xde, 0xf7, 0xdf, 0xf7, 0xbf, 0xf7,
    0xbe, 0xff, 0xbf, 0xff, 0xdf, 0xff, 0xbe, 0xff, 0xbf, 0xf7, 0xdf, 0xf7,
    0xbe, 0xff, 0x41, 0x08, 0x21, 0x00, 0x41, 0x08, 0x21, 0x08, 0x21, 0x00,
    0x41, 0x08, 0xf0, 0x83, 0xbf, 0xff, 0xbf, 0xf7, 0xde, 0xff, 0xbf, 0xff,
    0xde, 0xf7, 0xde, 0xf7, 0xbf, 0xff, 0xbf, 0xff, 0xbe, 0xf7, 0xbf, 0xff,
    0xdf, 0xff, 0xbe, 0xff, 0xbf, 0xf7, 0xbe, 0xff, 0xdf, 0xff, 0xbf, 0xf7,
    0xbe, 0xf7, 0xdf, 0xff, 0xbf, 0xff, 0xbe, 0xf7, 0xbf, 0xff, 0xbf, 0xff,
    0xde, 0xf7, 0xbf, 0xf7, 0xbf, 0xff, 0xbe, 0xf7, 0xbf, 0xf7, 0xdf, 0xff,
    0xde, 0xff, 0xdf, 0xff, 0xbe, 0xff, 0xdf, 0xf7, 0xdf, 0xff, 0x28, 0x42,
    0x21, 0x08, 0x41, 0x08, 0x21, 0x08, 0x41, 0x08, 0x41, 0x08, 0x28, 0x42,
    0xdf, 0xf7, 0xdf, 0xff, 0xbf, 0xff, 0xbf, 0xff, 0xde, 0xf7, 0xbf, 0xf7,
    0xbf, 0xff, 0xbe, 0xf7, 0xdf, 0xff, 0xbf, 0xf7, 0xbe, 0xff, 0xbf, 0xff,
    0xbf, 0xff, 0xde, 0xf7, 0xbf, 0xff, 0xbf, 0xff, 0xde, 0xff, 0xbf, 0xf7,
    0xdf, 0xff, 0xdf, 0xff, 0xbe, 0xf7, 0xbf, 0xff, 0xde, 0xf7, 0xbe, 0xff,
    0xbf, 0xff, 0xde, 0xf7, 0xbe, 0xff, 0xbf, 0xff, 0xbf, 0xf7, 0xbe, 0xff,
    0xdf, 0xf7, 0xdf, 0xf7, 0xbe, 0xff, 0x10, 0x84, 0x21, 0x00, 0x41, 0x00,
    0x21, 0x08, 0x21, 0x08, 0x41, 0x08, 0x42, 0x08, 0xbf, 0xf7, 0xbe, 0xf7,
    0xbf, 0xff, 0xbf, 0xf7, 0xdf, 0xf7, 0xdf, 0xff, 0xbf, 0xff, 0xbf, 0xf7,
    0xdf, 0xff, 0xdf, 0xff, 0xdf, 0xff, 0xbe, 0xf7, 0xbf, 0xff, 0xbf, 0xff,
    0xbe, 0xff, 0xbf, 0xf7, 0xbe, 0xff, 0xbf, 0xff, 0xbf, 0xf7, 0xde, 0xff,
    0xbf, 0xff, 0xbe, 0xf7, 0xbf, 0xff, 0xdf, 0xff, 0xbe, 0xf7, 0xbf, 0xff,
    0xbe, 0xff, 0xbf, 0xf7, 0xdf, 0xff, 0xbf, 0xf7, 0xde, 0xf7, 0xbf, 0xff,
    0xbf, 0xff, 0xf7, 0xbd, 0x41, 0x08, 0x21, 0x08, 0x21, 0x00, 0x41, 0x08,
    0x41, 0x08, 0x21, 0x00, 0xf8, 0xbd, 0xdf, 0xff, 0xbe, 0xf7, 0xbf, 0xff,
    0xde, 0xf7, 0xbf, 0xf7, 0xbf, 0xff, 0xbe, 0xff, 0xdf, 0xf7, 0xbe, 0xff,
    0xbf, 0xff, 0xdf, 0xf7, 0xbe, 0xff, 0xbf, 0xff, 0xbe, 0xf7, 0xbf, 0xff,
    0xdf, 0xf7, 0xbe, 0xff, 0xbf, 0xf7, 0xbf, 0xff, 0xbe, 0xff, 0xdf, 0xff,
    0xbf, 0xff, 0xbe, 0xff, 0xbf, 0xf7, 0xbf, 0xff, 0xde, 0xff, 0xbf, 0xf7,
    0xde, 0xff, 0xbf, 0xf7, 0xbe, 0xff, 0xbf, 0xff, 0xde, 0xf7, 0xdf, 0xf7,
    0x21, 0x08, 0x41, 0x08, 0x41, 0x00, 0x41, 0x08, 0x21, 0x08, 0x41, 0x00,
    0x10, 0x84, 0xbf, 0xf7, 0xbf, 0xff, 0xde, 0xff, 0xbf, 0xf7, 0xbf, 0xff,
    0xde, 0xff, 0xbe, 0xf7, 0xbf, 0xff, 0xbf, 0xf7, 0xde, 0xf7, 0xbf, 0xff,
    0xbe, 0xff, 0xdf, 0xf7, 0xbf, 0xff, 0xbe, 0xff, 0xbf, 0xf7, 0xdf, 0xff,
    0xbe, 0xff, 0xdf, 0xf7, 0xdf, 0xff, 0xbe, 0xff, 0xbf, 0xf7, 0xbe, 0xff,
    0xdf, 0xff, 0xbf, 0xf7, 0xbe, 0xff, 0xbf, 0xf7, 0xdf, 0xff, 0xbe, 0xf7,
    0xbf, 0xf7, 0xbf, 0xff, 0xdf, 0xf7, 0xbe, 0xf7, 0x28, 0x42, 0x41, 0x08,
    0x21, 0x08, 0x41, 0x08, 0x41, 0x08, 0x42, 0x08, 0x21, 0x08, 0x41, 0x08,
    0xbf, 0xf7, 0xde, 0xf7, 0xbf, 0xff, 0xbf, 0xff, 0xde, 0xff, 0xbf, 0xf7,
    0xbe, 0xf7, 0xbf, 0xff, 0xdf, 0xf7, 0xbe, 0xff, 0xde, 0xff, 0xdf, 0xf7,
    0xbe, 0xff, 0xbf, 0xff, 0xbe, 0xf7, 0xbf, 0xff, 0xbf, 0xff, 0xbe, 0xf7,
    0xbf, 0xff, 0xdf, 0xf7, 0xbf, 0xff, 0xdf, 0xff, 0xbe, 0xf7, 0xbf, 0xff,
    0xbf, 0xf7, 0xbe, 0xf7, 0xbf, 0xff, 0xbe, 0xf7, 0xdf, 0xff, 0xdf, 0xff,
    0xbe, 0xff, 0xbf, 0xf7, 0xdf, 0xf7, 0xd7, 0xbd, 0x41, 0x08, 0x41, 0x08,
    0x21, 0x00, 0x42, 0x08, 0x21, 0x00, 0x41, 0x08, 0xf7, 0xbd, 0xbf, 0xf7,
    0xbe, 0xff, 0xbf, 0xf7, 0xdf, 0xff, 0xdf, 0xff, 0xbe, 0xf7, 0xdf, 0xf7,
    0xbf, 0xff, 0xbe, 0xff, 0xdf, 0xf7, 0xbf, 0xff, 0xbe, 0xff, 0xde, 0xf7,
    0xbf, 0xff, 0xdf, 0xff, 0xbe, 0xf7, 0xdf, 0xff, 0xbe, 0xf7, 0xbf, 0xff,
    0xbf, 0xf7, 0xbe, 0xff, 0xbf, 0xff, 0xbe, 0xff, 0xbf, 0xff, 0xbf, 0xff,
    0xde, 0xf7, 0xbf, 0xf7, 0xbe, 0xf7, 0xbf, 0xff, 0xbf, 0xff, 0xdf, 0xff,
    0xdf, 0xff, 0xbf, 0xf7, 0x41, 0x08, 0x41, 0x00, 0x41, 0x08, 0x21, 0x08,
    0x41, 0x00, 0x41, 0x08, 0x10, 0x84, 0xbf, 0xf7, 0xdf, 0xf7, 0xbf, 0xff,
    0xbe, 0xff, 0xbf, 0xf7, 0xdf, 0xf7, 0xbe, 0xff, 0xbf, 0xff, 0xbe, 0xf7,
    0xbf, 0xff, 0xde, 0xff, 0xbf, 0xf7, 0xbf, 0xff, 0xbe, 0xff, 0xbf, 0xf7,
    0xbf, 0xff, 0xbe, 0xff, 0xbf, 0xf7, 0xde, 0xff, 0xbf, 0xf7, 0xbf, 0xff,
    0xbe, 0xff, 0xbf, 0xf7, 0xde, 0xff, 0xbf, 0xff, 0xbe, 0xf7, 0xbf, 0xff,
    0xbf, 0xf7, 0xbe, 0xf7, 0xbf, 0xff, 0xdf, 0xff, 0xbe, 0xf7, 0xbf, 0xf7,
    0x28, 0x42, 0x41, 0x08, 0x42, 0x08, 0x41, 0x00, 0x41, 0x08, 0x21, 0x08,
    0x28, 0x42, 0xbf, 0xf7, 0xbe, 0xff, 0xbe, 0xff, 0xdf, 0xff, 0xdf, 0xf7,
    0xbe, 0xff, 0xbf, 0xff, 0xdf, 0xff, 0xbe, 0xf7, 0xbf, 0xff, 0xbe, 0xf7,
    0xdf, 0xff, 0xbf, 0xf7, 0xbe, 0xff, 0xbf, 0xff, 0xde, 0xf7, 0xbf, 0xff,
    0xbf, 0xff, 0xbe, 0xff, 0xbf, 0xf7, 0xbf, 0xff, 0xbe, 0xff, 0xbf, 0xf7,
    0xdf, 0xff, 0xbf, 0xf7, 0xbf, 0xff, 0xbe, 0xf7, 0xdf, 0xff, 0xbe, 0xff,
    0xbf, 0xf7, 0xbf, 0xff, 0xbe, 0xff, 0xbf, 0xf7, 0x10, 0x84, 0x41, 0x08,
    0x21, 0x08, 0x41, 0x08, 0x41, 0x08, 0x41, 0x08, 0x21, 0x00, 0xbf, 0xff,
    0xdf, 0xff, 0xde, 0xf7, 0xbf, 0xff, 0xbe, 0xf7, 0xde, 0xf7, 0xbf, 0xff,
    0xbe, 0xff, 0xbe, 0xf7, 0xbf, 0xff, 0xbe, 0xff, 0xbf, 0xf7, 0xbf, 0xff,
    0xde, 0xff, 0xbe, 0xf7, 0xbf, 0xff, 0xdf, 0xff, 0xdf, 0xff, 0xbe, 0xf7,
    0xbf, 0xff, 0xdf, 0xff, 0xbe, 0xf7, 0xbf, 0xff, 0xbf, 0xff, 0xde, 0xf7,
    0xbf, 0xf7, 0xbf, 0xff, 0xde, 0xff, 0xbf, 0xff, 0xbf, 0xff, 0xbe, 0xf7,
    0xdf, 0xff, 0xbf, 0xf7, 0xf7, 0xbd, 0x41, 0x08, 0x41, 0x08, 0x21, 0x00,
    0x41, 0x08, 0x41, 0x08, 0x21, 0x00, 0xf7, 0xbd, 0xbf, 0xff, 0xdf, 0xf7,
    0xbf, 0xff, 0xde, 0xf7, 0xdf, 0xff, 0xbf, 0xff, 0xbe, 0xf7, 0xbf, 0xff,
    0xbf, 0xf7, 0xbe, 0xff, 0xbf, 0xf7, 0xdf, 0xff, 0xbe, 0xff, 0xbf, 0xf7,
    0xde, 0xff, 0xbf, 0xff, 0xbe, 0xf7, 0xdf, 0xff, 0xbf, 0xf7, 0xbe, 0xf7,
    0xbf, 0xff, 0xdf, 0xf7, 0xbe, 0xff, 0xbf, 0xff, 0xdf, 0xf7, 0xbe, 0xff,
    0xbf, 0xff, 0xbf, 0xf7, 0xde, 0xff, 0xbf, 0xff, 0xbf, 0xf7, 0xde, 0xf7,
    0xbf, 0xff, 0x21, 0x08, 0x41, 0x00, 0x41, 0x08, 0x41, 0x08, 0x21, 0x00,
    0x41, 0x08, 0x10, 0x84, 0xbf, 0xf7, 0xbe, 0xff, 0xbf, 0xff, 0xdf, 0xf7,
    0xbe, 0xf7, 0xbf, 0xff, 0xbf, 0xff, 0xbe, 0xff, 0xdf, 0xff, 0xbf, 0xf7,
    0xbe, 0xff, 0xbf, 0xf7, 0xbf, 0xff, 0xbe, 0xff, 0xbf, 0xff, 0xde, 0xf7,
    0xbf, 0xff, 0xbe, 0xf7, 0xbf, 0xff, 0xbe, 0xff, 0xbf, 0xf7, 0xdf, 0xf7,
    0xbe, 0xff, 0xbf, 0xff, 0xdf, 0xf7, 0xbe, 0xff, 0xbf, 0xff, 0xbf, 0xf7,
    0xde, 0xff, 0xbf, 0xff, 0xbf, 0xff, 0xde, 0xf7, 0xbf, 0xff, 0x28, 0x42,
    0x41, 0x08, 0x21, 0x00, 0x41, 0x08, 0x41, 0x08, 0x41, 0x08, 0x41, 0x08,
    0x21, 0x08, 0xbf, 0xf7, 0xdf, 0xff, 0xbe, 0xff, 0xbf, 0xf7, 0xbe, 0xff,
    0xdf, 0xf7, 0xdf, 0xff, 0xbe, 0xff, 0xbf, 0xf7, 0xbf, 0xff, 0xbf, 0xf7,
    0xbe, 0xff, 0xdf, 0xff, 0xbf, 0xf7, 0xde, 0xff, 0xbf, 0xff, 0xdf, 0xf7,
    0xbe, 0xff, 0xbf, 0xff, 0xbe, 0xf7, 0xde, 0xff, 0xbf, 0xff, 0xbf, 0xf7,
    0xde, 0xff, 0xbf, 0xff, 0xbf, 0xf7, 0xdf, 0xff, 0xdf, 0xff, 0xbe, 0xf7,
    0xbf, 0xff, 0xbe, 0xff, 0xbf, 0xff, 0xde, 0xff, 0xf7, 0xbd, 0x41, 0x08,
    0x41, 0x08, 0x21, 0x08, 0x41, 0x08, 0x41, 0x00, 0x41, 0x08, 0xd7, 0xbd,
    0xdf, 0xf7, 0xdf, 0xff, 0xbe, 0xff, 0xbf, 0xf7, 0xbf, 0xff, 0xdf, 0xff,
    0xbe, 0xff, 0xbf, 0xf7, 0xbe, 0xff, 0xbf, 0xf7, 0xbf, 0xff, 0xbe, 0xff,
    0xbf, 0xf7, 0xdf, 0xff, 0xbe, 0xff, 0xbf, 0xf7, 0xbf, 0xff, 0xde, 0xff,
    0xbf, 0xf7, 0xdf, 0xff, 0xbe, 0xf7, 0xdf, 0xf7, 0xbf, 0xff, 0xbe, 0xff,
    0xbf, 0xff, 0xbf, 0xff, 0xde, 0xff, 0xbf, 0xf7, 0xdf, 0xff, 0xbe, 0xf7,
    0xde, 0xf7, 0xbe, 0xff, 0xbf, 0xf7, 0x41, 0x08, 0x41, 0x08, 0x41, 0x08,
    0x21, 0x00, 0x41, 0x08, 0x41, 0x08, 0xf0, 0x7b, 0xbf, 0xff, 0xbf, 0xff,
    0xbe, 0xf7, 0xbf, 0xff, 0xdf, 0xf7, 0xbf, 0xff, 0xbe, 0xff, 0xdf, 0xf7,
    0xbf, 0xff, 0xbe, 0xf7, 0xbf, 0xff, 0xdf, 0xf7, 0xbe, 0xff, 0xdf, 0xf7,
    0xbe, 0xff, 0xdf, 0xff, 0xbf, 0xf7, 0xbe, 0xff, 0xbf, 0xff, 0xdf, 0xf7,
    0xbe, 0xff, 0xbf, 0xf7, 0xdf, 0xff, 0xbe, 0xff, 0xbf, 0xf7, 0xdf, 0xff,
    0xbe, 0xff, 0xbf, 0xff, 0xdf, 0xff, 0xbe, 0xf7, 0xdf, 0xf7, 0xbf, 0xff,
    0xdf, 0xff, 0x28, 0x42, 0x21, 0x08, 0x41, 0x08, 0x21, 0x08, 0x41, 0x08,
    0x21, 0x00, 0x28, 0x42, 0xbf, 0xff, 0xdf, 0xff, 0xbf, 0xf7, 0xbe, 0xf7,
    0xdf, 0xff, 0xde, 0xf7, 0xbf, 0xff, 0xbf, 0xf7, 0xbe, 0xff, 0xbf, 0xff,
    0xdf, 0xff, 0xbe, 0xf7, 0xbf, 0xff, 0xbf, 0xff, 0xde, 0xf7, 0xbf, 0xf7,
    0xbf, 0xff, 0xdf, 0xff, 0xdf, 0xff, 0xbe, 0xf7, 0xbf, 0xff, 0xbf, 0xff,
    0xbe, 0xf7, 0xbf, 0xff, 0xbf, 0xff, 0xbe, 0xf7, 0xdf, 0xff, 0xbf, 0xf7,
    0xbe, 0xff, 0xdf, 0xff, 0xbf, 0xff, 0xbe, 0xff, 0xdf, 0xf7, 0xf0, 0x83,
    0x41, 0x08, 0x41, 0x00, 0x22, 0x08, 0x41, 0x08, 0x41, 0x08, 0x41, 0x00,
    0xbf, 0xff, 0xdf, 0xff, 0xbf, 0xff, 0xbe, 0xff, 0xdf, 0xff, 0xbf, 0xf7,
    0xbe, 0xff, 0xbf, 0xff, 0xbf, 0xf7, 0xbe, 0xff, 0xdf, 0xff, 0xbf, 0xf7,
    0xbe, 0xff, 0xdf, 0xf7, 0xbf, 0xf7, 0xbe, 0xff, 0xdf, 0xf7, 0xbe, 0xff,
    0xbf, 0xff, 0xbf, 0xf7, 0xbe, 0xff, 0xdf, 0xf7, 0xbe, 0xff, 0xbf, 0xff,
    0xbf, 0xf7, 0xde, 0xff, 0xbf, 0xff, 0xbe, 0xf7, 0xbf, 0xf7, 0xbe, 0xff,
    0xbf, 0xff, 0xde, 0xf7, 0xdf, 0xf7, 0xf7, 0xbd, 0x41, 0x08, 0x41, 0x08,
    0x21, 0x00, 0x41, 0x08, 0x41, 0x08, 0x21, 0x08, 0xd8, 0xbd, 0xde, 0xf7,
    0xbf, 0xff, 0xbe, 0xff, 0xdf, 0xf7, 0xbe, 0xf7, 0xbf, 0xff, 0xde, 0xff,
    0xbf, 0xf7, 0xdf, 0xff, 0xbe, 0xff, 0xbe, 0xf7, 0xdf, 0xff, 0xbf, 0xff,
    0xbe, 0xf7, 0xbf, 0xff, 0xbf, 0xff, 0xbe, 0xf7, 0xdf, 0xff, 0xbe, 0xff,
    0xbf, 0xf7, 0xbe, 0xff, 0xbf, 0xf7, 0xde, 0xff, 0xbf, 0xff, 0xbe, 0xf7,
    0xbf, 0xff, 0xbf, 0xff, 0xbe, 0xf7, 0xdf, 0xff, 0xbf, 0xff, 0xbe, 0xf7,
    0xdf, 0xff, 0xdf, 0xf7, 0x21, 0x08, 0x41, 0x08, 0x41, 0x08, 0x21, 0x08,
    0x21, 0x00, 0x21, 0x08, 0x10, 0x84, 0xdf, 0xf7, 0xbe, 0xf7, 0xbf, 0xff,
    0xbf, 0xff, 0xde, 0xf7, 0xbf, 0xff, 0xbf, 0xf7, 0xde, 0xf7, 0xbf, 0xff,
    0xbf, 0xff, 0xde, 0xf7, 0xbf, 0xff, 0xbe, 0xf7, 0xdf, 0xff, 0xbf, 0xf7,
    0xbe, 0xff, 0xbf, 0xff, 0xbf, 0xf7, 0xbe, 0xff, 0xbf, 0xff, 0xbf, 0xf7,
    0xde, 0xff, 0xbf, 0xff, 0xbe, 0xf7, 0xbf, 0xff, 0xde, 0xff, 0xbf, 0xf7,
    0xbe, 0xff, 0xbf, 0xff, 0xde, 0xff, 0xbf, 0xf7, 0xdf, 0xff, 0xbf, 0xf7,
    0x28, 0x42, 0x41, 0x08, 0x21, 0x08, 0x41, 0x08, 0x21, 0x08, 0x41, 0x00,
    0x41, 0x08, 0x41, 0x08, 0xbf, 0xf7, 0xdf, 0xf7, 0xde, 0xf7, 0xbf, 0xff,
    0xbf, 0xff, 0xde, 0xf7, 0xdf, 0xf7, 0xbe, 0xff, 0xbf, 0xff, 0xdf, 0xf7,
    0xbe, 0xff, 0xbf, 0xff, 0xbf, 0xf7, 0xbe, 0xf7, 0xbf, 0xff, 0xdf, 0xf7,
    0xbe, 0xff, 0xbf, 0xff, 0xdf, 0xf7, 0xbe, 0xff, 0xbf, 0xf7, 0xbf, 0xff,
    0xbe, 0xff, 0xdf, 0xf7, 0xbe, 0xff, 0xbe, 0xff, 0xbf, 0xff, 0xbe, 0xf7,
    0xdf, 0xff, 0xdf, 0xff, 0xbf, 0xf7, 0xbe, 0xf7, 0xdf, 0xff, 0xd7, 0xbd,
    0x41, 0x00, 0x41, 0x08, 0x21, 0x00, 0x41, 0x08, 0x21, 0x08, 0x41, 0x08,
    0xd7, 0xbd, 0xbf, 0xf7, 0xdf, 0xff, 0xbe, 0xff, 0xdf, 0xff, 0xdf, 0xff,
    0xbe, 0xf7, 0xdf, 0xf7, 0xbf, 0xff, 0xde, 0xff, 0xbf, 0xf7, 0xdf, 0xff,
    0xbe, 0xf7, 0xbf, 0xff, 0xbf, 0xf7, 0xbe, 0xff, 0xbf, 0xff, 0xbf, 0xf7,
    0xbe, 0xff, 0xbf, 0xff, 0xbe, 0xff, 0xdf, 0xff, 0xbf, 0xf7, 0xde, 0xf7,
    0xbe, 0xf7, 0xbf, 0xff, 0xbf, 0xff, 0xbe, 0xf7, 0xbf, 0xff, 0xbf, 0xff,
    0xbe, 0xf7, 0xdf, 0xff, 0xdf, 0xff, 0xbf, 0xf7, 0x41, 0x08, 0x21, 0x08,
    0x41, 0x00, 0x21, 0x08, 0x21, 0x08, 0x41, 0x08, 0x10, 0x7c, 0xbf, 0xf7,
    0xdf, 0xff, 0xbe, 0xff, 0xbf, 0xf7, 0xde, 0xff, 0xdf, 0xf7, 0xbf, 0xff,
    0xbe, 0xff, 0xdf, 0xf7, 0xbf, 0xff, 0xbe, 0xff, 0xbf, 0xff, 0xbf, 0xf7,
    0xbe, 0xff, 0xdf, 0xff, 0xbe, 0xf7, 0xbf, 0xff, 0xdf, 0xff, 0xbe, 0xf7,
    0xbf, 0xff, 0xde, 0xff, 0xbf, 0xf7, 0xbf, 0xff, 0xbe, 0xff, 0xbf, 0xf7,
    0xdf, 0xff, 0xbe, 0xf7, 0xbf, 0xff, 0xbf, 0xff, 0xbe, 0xf7, 0xdf, 0xff,
    0xbf, 0xff, 0xde, 0xf7, 0x28, 0x42, 0x41, 0x08, 0x41, 0x00, 0x21, 0x00,
    0x41, 0x08, 0x41, 0x08, 0x28, 0x42, 0xbf, 0xf7, 0xbf, 0xff, 0xbf, 0xff,
    0xdf, 0xff, 0xbe, 0xf7, 0xbf, 0xf7, 0xbe, 0xff, 0xdf, 0xff, 0xbf, 0xf7,
    0xbe, 0xff, 0xdf, 0xf7, 0xbe, 0xff, 0xbf, 0xff, 0xdf, 0xf7, 0xbe, 0xff,
    0xbf, 0xff, 0xbe, 0xf7, 0xbe, 0xf7, 0xbf, 0xff, 0xdf, 0xff, 0xdf, 0xff,
    0xbe, 0xf7, 0xdf, 0xff, 0xbe, 0xff, 0xbe, 0xf7, 0xdf, 0xff, 0xbf, 0xff,
    0xbe, 0xf7, 0xbf, 0xf7, 0xde, 0xff, 0xbf, 0xf7, 0xbf, 0xf7, 0xde, 0xf7,
    0xf0, 0x83, 0x21, 0x00, 0x41, 0x00, 0x41, 0x08, 0x41, 0x00, 0x41, 0x08,
    0x41, 0x08, 0xbf, 0xf7, 0xbf, 0xf7, 0xbe, 0xff, 0xbf, 0xf7, 0xdf, 0xf7,
    0xdf, 0xff, 0xbe, 0xff, 0xdf, 0xf7, 0xbf, 0xff, 0xbe, 0xf7, 0xdf, 0xff,
    0xbf, 0xff, 0xbe, 0xf7, 0xbf, 0xff, 0xbf, 0xff, 0xbe, 0xff, 0xbf, 0xf7,
    0xdf, 0xff, 0xdf, 0xff, 0xbe, 0xf7, 0xbf, 0xff, 0xbf, 0xff, 0xde, 0xf7,
    0xbf, 0xff, 0xbf, 0xff, 0xbe, 0xf7, 0xdf, 0xff, 0xbf, 0xff, 0xbe, 0xf7,
    0xdf, 0xff, 0xbf, 0xff, 0xbe, 0xf7, 0xbf, 0xff, 0xf7, 0xbd, 0x41, 0x08,
    0x41, 0x08, 0x21, 0x00, 0x42, 0x08, 0x41, 0x08, 0x21, 0x00, 0xf8, 0xbd,
    0xdf, 0xf7, 0xbe, 0xff, 0xbf, 0xff, 0xdf, 0xf7, 0xbf, 0xf7, 0xbe, 0xff,
    0xbf, 0xff, 0xbe, 0xf7, 0xdf, 0xff, 0xbf, 0xff, 0xbe, 0xf7, 0xbf, 0xff,
    0xdf, 0xf7, 0xbe, 0xff, 0xdf, 0xff, 0xbf, 0xf7, 0xbe, 0xff, 0xbf, 0xff,
    0xdf, 0xff, 0xbe, 0xff, 0xbf, 0xf7, 0xdf, 0xff, 0xbf, 0xf7, 0xbe, 0xff,
    0xbf, 0xf7, 0xdf, 0xff, 0xbe, 0xf7, 0xbf, 0xff, 0xbf, 0xf7, 0xbe, 0xff,
    0xbf, 0xff, 0xde, 0xf7, 0xbf, 0xf7, 0x21, 0x08, 0x41, 0x08, 0x41, 0x00,
    0x41, 0x08, 0x21, 0x00, 0x41, 0x08, 0xf0, 0x83, 0xbf, 0xf7, 0xbf, 0xff,
    0xbe, 0xff, 0xbf, 0xf7, 0xbe, 0xff, 0xdf, 0xff, 0xbf, 0xff, 0xbe, 0xf7,
    0xbf, 0xff, 0xbe, 0xff, 0xdf, 0xff, 0xbf, 0xf7, 0xbe, 0xff, 0xdf, 0xff,
    0xbf, 0xf7, 0xbe, 0xff, 0xdf, 0xff, 0xdf, 0xf7, 0xbe, 0xff, 0xdf, 0xff,
    0xbe, 0xf7, 0xbf, 0xff, 0xbf, 0xff, 0xbe, 0xf7, 0xbf, 0xff, 0xbf, 0xf7,
    0xde, 0xff, 0xbf, 0xf7, 0xbf, 0xff, 0xbe, 0xf7, 0xbe, 0xff, 0xdf, 0xf7,
    0xdf, 0xff, 0x28, 0x42, 0x41, 0x08, 0x21, 0x00, 0x41, 0x08, 0x41, 0x08,
    0x21, 0x08, 0x41, 0x00, 0x41, 0x08, 0xbf, 0xff, 0xbe, 0xff, 0xbf, 0xff,
    0xbf, 0xf7, 0xbe, 0xff, 0xdf, 0xf7, 0xbf, 0xff, 0xbe, 0xff, 0xbf, 0xf7,
    0xbe, 0xff, 0xdf, 0xff, 0xbf, 0xf7, 0xbe, 0xff, 0xdf, 0xff, 0xbf, 0xff,
    0xbe, 0xf7, 0xbe, 0xff, 0xbf, 0xf7, 0xdf, 0xff, 0xbe, 0xff, 0xbf, 0xf7,
    0xdf, 0xff, 0xbe, 0xff, 0xbf, 0xf7, 0xbf, 0xff, 0xde, 0xff, 0xdf, 0xf7,
    0xbf, 0xff, 0xbe, 0xff, 0xbf, 0xf7, 0xbf, 0xff, 0xbe, 0xff, 0xdf, 0xf7,
    0xd7, 0xbd, 0x41, 0x08, 0x41, 0x08, 0x21, 0x00, 0x41, 0x08, 0x21, 0x00,
    0x41, 0x08, 0xf7, 0xbd, 0xbf, 0xf7, 0xdf, 0xff, 0xbe, 0xf7, 0xbf, 0xf7,
    0xde, 0xf7, 0xbf, 0xff, 0xbf, 0xff, 0xbe, 0xff, 0xbf, 0xf7, 0xbe, 0xff,
    0xdf, 0xff, 0xbf, 0xf7, 0xbe, 0xff, 0xdf, 0xff, 0xbe, 0xf7, 0xdf, 0xff,
    0xde, 0xf7, 0xbf, 0xff, 0xbf, 0xf7, 0xbe, 0xff, 0xbf, 0xff, 0xbf, 0xff,
    0xbe, 0xff, 0xdf, 0xf7, 0xbf, 0xff, 0xde, 0xf7, 0xbf, 0xff, 0xde, 0xff,
    0xdf, 0xff, 0xbf, 0xff, 0xbf, 0xf7, 0xde, 0xff, 0xdf, 0xf7, 0x41, 0x08,
    0x21, 0x00, 0x41, 0x08, 0x41, 0x00, 0x21, 0x08, 0x41, 0x08, 0xf0, 0x7b,
    0xbf, 0xff, 0xbf, 0xff, 0xdf, 0xf7, 0xbe, 0xff, 0xdf, 0xf7, 0xbe, 0xf7,
    0xbf, 0xff, 0xbe, 0xff, 0xbf, 0xf7, 0xdf, 0xff, 0xbe, 0xf7, 0xbf, 0xff,
    0xdf, 0xff, 0xbe, 0xf7, 0xbf, 0xff, 0xbf, 0xf7, 0xbe, 0xff, 0xbf, 0xff,
    0xbf, 0xf7, 0xbe, 0xff, 0xbf, 0xff, 0xde, 0xf7, 0xbf, 0xff, 0xbf, 0xf7,
    0xde, 0xff, 0xbf, 0xff, 0xbe, 0xf7, 0xdf, 0xf7, 0xdf, 0xff, 0xdf, 0xff,
    0xbe, 0xff, 0xbf, 0xf7, 0xdf, 0xff, 0x28, 0x42, 0x21, 0x08, 0x41, 0x08,
    0x41, 0x08, 0x41, 0x08, 0x21, 0x08, 0x28, 0x42, 0xdf, 0xf7, 0xbf, 0xff,
    0xbe, 0xff, 0xbf, 0xff, 0xdf, 0xf7, 0xde, 0xff, 0xbf, 0xff, 0xbe, 0xf7,
    0xbf, 0xff, 0xbf, 0xff, 0xbe, 0xf7, 0xbf, 0xff, 0xbe, 0xf7, 0xbf, 0xff,
    0xbf, 0xff, 0xde, 0xff, 0xbf, 0xf7, 0xdf, 0xff, 0xdf, 0xff, 0xbe, 0xf7,
    0xbe, 0xf7, 0xbf, 0xff, 0xdf, 0xff, 0xbf, 0xf7, 0xbe, 0xff, 0xdf, 0xff,
    0xbf, 0xff, 0xbe, 0xff, 0xbf, 0xff, 0xbf, 0xf7, 0xbe, 0xff, 0xbf, 0xff,
    0xdf, 0xff, 0x10, 0x84, 0x21, 0x08, 0x21, 0x08, 0x41, 0x08, 0x21, 0x00,
    0x41, 0x08, 0x41, 0x08, 0xdf, 0xff, 0xbf, 0xff, 0xbe, 0xf7, 0xbf, 0xff,
    0xde, 0xf7, 0xbf, 0xf7, 0xbf, 0xff, 0xbe, 0xff, 0xdf, 0xf7, 0xbf, 0xff,
    0xbe, 0xff, 0xdf, 0xf7, 0xbe, 0xff, 0xbf, 0xff, 0xdf, 0xf7, 0xbe, 0xff,
    0xbf, 0xff, 0xbe, 0xf7, 0xbe, 0xff, 0xdf, 0xff, 0xbf, 0xf7, 0xbe, 0xff,
    0xbf, 0xf7, 0xde, 0xff, 0xbf, 0xff, 0xbf, 0xf7, 0xbe, 0xff, 0xbf, 0xff,
    0xdf, 0xf7, 0xbe, 0xff, 0xbf, 0xff, 0xdf, 0xf7, 0xbf, 0xff, 0xf7, 0xbd,
    0x41, 0x08, 0x21, 0x08, 0x21, 0x00, 0x41, 0x08, 0x41, 0x08, 0x21, 0x08,
    0xf8, 0xbd, 0xdf, 0xf7, 0xbe, 0xff, 0xbf, 0xff, 0xde, 0xf7, 0xdf, 0xff,
    0xbf, 0xff, 0xbe, 0xf7, 0xbf, 0xff, 0xbf, 0xff, 0xbe, 0xf7, 0xbf, 0xff,
    0xbf, 0xff, 0xbe, 0xf7, 0xbf, 0xff, 0xdf, 0xf7, 0xbe, 0xff, 0xbf, 0xf7,
    0xdf, 0xf7, 0xbe, 0xff, 0xbf, 0xf7, 0xdf, 0xff, 0xbe, 0xff, 0xbf, 0xff,
    0xbe, 0xf7, 0xdf, 0xff, 0xbe, 0xff, 0xdf, 0xf7, 0xbe, 0xff, 0xdf, 0xff,
    0xbf, 0xf7, 0xbe, 0xff, 0xdf, 0xf7, 0xdf, 0xff, 0x21, 0x08, 0x41, 0x00,
    0x41, 0x08, 0x41, 0x08, 0x21, 0x00, 0x41, 0x08, 0x10, 0x7c, 0xdf, 0xf7,
    0xbe, 0xff, 0xdf, 0xff, 0xbf, 0xf7, 0xbe, 0xff, 0xbf, 0xff, 0xde, 0xf7,
    0xbf, 0xff, 0xbf, 0xf7, 0xbe, 0xff, 0xbf, 0xf7, 0xbf, 0xff, 0xbe, 0xff,
    0xbf, 0xf7, 0xbe, 0xff, 0xbf, 0xf7, 0xbf, 0xff, 0xbe, 0xf7, 0xbf, 0xff,
    0xbf, 0xf7, 0xde, 0xff, 0xbf, 0xff, 0xdf, 0xf7, 0xbe, 0xff, 0xbf, 0xff,
    0xdf, 0xf7, 0xbe, 0xff, 0xbf, 0xff, 0xdf, 0xf7, 0xbf, 0xff, 0xbe, 0xff,
    0xdf, 0xf7, 0xbf, 0xf7, 0x28, 0x42, 0x41, 0x08, 0x21, 0x00, 0x41, 0x08,
    0x41, 0x00, 0x41, 0x08, 0x41, 0x08, 0x41, 0x08, 0xbf, 0xf7, 0xdf, 0xf7,
    0xde, 0xff, 0xbf, 0xff, 0xbe, 0xf7, 0xdf, 0xff, 0xdf, 0xf7, 0xbe, 0xff,
    0xbf, 0xf7, 0xbf, 0xff, 0xbe, 0xff, 0xdf, 0xf7, 0xbe, 0xff, 0xbf, 0xff,
    0xbf, 0xf7, 0xde, 0xff, 0xbf, 0xff, 0xbf, 0xf7, 0xbe, 0xff, 0xbf, 0xff,
    0xbf, 0xf7, 0xde, 0xff, 0xbf, 0xf7, 0xbf, 0xff, 0xbf, 0xf7, 0xbf, 0xff,
    0xbe, 0xf7, 0xbf, 0xff, 0xdf, 0xff, 0xdf, 0xff, 0xbe, 0xf7, 0xbf, 0xff,
    0xdf, 0xf7, 0xd7, 0xbd, 0x41, 0x08, 0x41, 0x08, 0x21, 0x08, 0x41, 0x08,
    0x41, 0x00, 0x41, 0x08, 0xd7, 0xbd, 0xdf, 0xf7, 0xbf, 0xff, 0xbf, 0xff,
    0xdf, 0xff, 0xbf, 0xff, 0xde, 0xf7, 0xdf, 0xf7, 0xbf, 0xff, 0xbe, 0xff,
    0xbf, 0xf7, 0xbe, 0xff, 0xbf, 0xff, 0xdf, 0xf7, 0xbe, 0xff, 0xbf, 0xff,
    0xbf, 0xf7, 0xbe, 0xff, 0xdf, 0xff, 0xbf, 0xf7, 0xde, 0xf7, 0xbf, 0xff,
    0xbf, 0xff, 0xbe, 0xf7, 0xbf, 0xff, 0xdf, 0xff, 0xbe, 0xf7, 0xbf, 0xff,
    0xbf, 0xf7, 0xbe, 0xf7, 0xbf, 0xff, 0xdf, 0xff, 0xbf, 0xff, 0xbe, 0xf7,
    0x41, 0x08, 0x21, 0x08, 0x41, 0x08, 0x41, 0x00, 0x21, 0x08, 0x41, 0x08,
    0x10, 0x7c, 0xbf, 0xff, 0xdf, 0xf7, 0xbe, 0xff, 0xbf, 0xff, 0xdf, 0xf7,
    0xde, 0xff, 0xbf, 0xff, 0xbf, 0xf7, 0xbe, 0xff, 0xdf, 0xff, 0xbe, 0xf7,
    0xbf, 0xf7, 0xde, 0xff, 0xbf, 0xff, 0xbf, 0xf7, 0xde, 0xff, 0xbf, 0xf7,
    0xde, 0xff, 0xbf, 0xf7, 0xbf, 0xff, 0xbe, 0xf7, 0xbf, 0xff, 0xde, 0xff,
    0xbf, 0xf7, 0xbf, 0xff, 0xbe, 0xff, 0xbf, 0xff, 0xbe, 0xff, 0xbe, 0xf7,
    0xbf, 0xff, 0xdf, 0xff, 0xbe, 0xff, 0xbf, 0xf7, 0x29, 0x42, 0x41, 0x08,
    0x42, 0x08, 0x21, 0x00, 0x41, 0x08, 0x21, 0x08, 0x28, 0x42, 0xdf, 0xf7,
    0xbe, 0xff, 0xbe, 0xf7, 0xdf, 0xff, 0xdf, 0xf7, 0xbf, 0xf7, 0xbe, 0xff,
    0xdf, 0xf7, 0xbe, 0xff, 0xdf, 0xff, 0xbf, 0xf7, 0xde, 0xff, 0xbf, 0xff,
    0xbe, 0xf7, 0xdf, 0xf7, 0xbf, 0xff, 0xbe, 0xff, 0xbf, 0xff, 0xbe, 0xf7,
    0xdf, 0xff, 0xdf, 0xff, 0xbe, 0xff, 0xbf, 0xf7, 0xbf, 0xff, 0xbe, 0xf7,
    0xbf, 0xf7, 0xdf, 0xf7, 0xbe, 0xff, 0xdf, 0xff, 0xbf, 0xf7, 0xbe, 0xff,
    0xdf, 0xff, 0xdf, 0xf7, 0xf0, 0x7b, 0x41, 0x08, 0x41, 0x08, 0x41, 0x08,
    0x21, 0x00, 0x41, 0x08, 0x41, 0x08, 0xbf, 0xf7, 0xbf, 0xff, 0xbf, 0xff,
    0xbe, 0xff, 0xdf, 0xff, 0xde, 0xf7, 0xbf, 0xff, 0xbe, 0xff, 0xbf, 0xf7,
    0xbf, 0xff, 0xbe, 0xf7, 0xbf, 0xff, 0xdf, 0xff, 0xbe, 0xf7, 0xbf, 0xf7,
    0xdf, 0xff, 0xbe, 0xff, 0xbf, 0xf7, 0xdf, 0xff, 0xdf, 0xff, 0xbe, 0xf7,
    0xbf, 0xff, 0xbf, 0xff, 0xbe, 0xf7, 0xdf, 0xf7, 0xbe, 0xff, 0xbf, 0xf7,
    0xdf, 0xff, 0xbe, 0xff, 0xbf, 0xf7, 0xbe, 0xff, 0xdf, 0xf7, 0xdf, 0xf7,
    0xf7, 0xbd, 0x41, 0x08, 0x41, 0x08, 0x21, 0x00, 0x41, 0x08, 0x41, 0x08,
    0x21, 0x00, 0xd7, 0xbd, 0xdf, 0xff, 0xdf, 0xf7, 0xbe, 0xff, 0xbf, 0xf7,
    0xde, 0xf7, 0xbf, 0xff, 0xdf, 0xff, 0xbe, 0xf7, 0xdf, 0xff, 0xde, 0xf7,
    0xbf, 0xff, 0xdf, 0xff, 0xbe, 0xf7, 0xbf, 0xff, 0xbe, 0xff, 0xbf, 0xff,
    0xbf, 0xff, 0xbe, 0xf7, 0xbf, 0xff, 0xbf, 0xff, 0xbe, 0xf7, 0xbf, 0xff,
    0xde, 0xff, 0xbf, 0xf7, 0xbf, 0xff, 0xbf, 0xff, 0xbe, 0xf7, 0xbf, 0xff,
    0xde, 0xff, 0xbf, 0xf7, 0xbf, 0xff, 0xde, 0xff, 0xbf, 0xf7, 0x41, 0x08,
    0x41, 0x08, 0x41, 0x08, 0x41, 0x08, 0x21, 0x08, 0x21, 0x08, 0x10, 0x84,
    0xbf, 0xf7, 0xbe, 0xff, 0xbf, 0xf7, 0xdf, 0xff, 0xbe, 0xf7, 0xbf, 0xff,
    0xbf, 0xff, 0xde, 0xf7, 0xbf, 0xff, 0xdf, 0xff, 0xbe, 0xf7, 0xdf, 0xff,
    0xbf, 0xff, 0xde, 0xf7, 0xbf, 0xff, 0xdf, 0xff, 0xbe, 0xf7, 0xbe, 0xff,
    0xbf, 0xff, 0xbf, 0xf7, 0xbe, 0xff, 0xbf, 0xf7, 0xbf, 0xff, 0xde, 0xff,
    0xbf, 0xf7, 0xbf, 0xff, 0xbe, 0xff, 0xbe, 0xf7, 0xdf, 0xff, 0xbf, 0xff,
    0xbe, 0xf7, 0xdf, 0xff, 0xbf, 0xff, 0x28, 0x42, 0x41, 0x08, 0x21, 0x08,
    0x41, 0x08, 0x41, 0x08, 0x41, 0x08, 0x41, 0x08, 0x41, 0x08, 0xbf, 0xf7,
    0xdf, 0xf7, 0xbe, 0xff, 0xbf, 0xff, 0xbf, 0xff, 0xde, 0xf7, 0xdf, 0xf7,
    0xbf, 0xff, 0xbe, 0xff, 0xdf, 0xf7, 0xbf, 0xff, 0xbe, 0xf7, 0xbf, 0xff,
    0xbe, 0xf7, 0xdf, 0xf7, 0xbf, 0xff, 0xbe, 0xff, 0xdf, 0xf7, 0xbe, 0xff,
    0xbf, 0xf7, 0xde, 0xff, 0xbf, 0xff, 0xbe, 0xf7, 0xde, 0xff, 0xbf, 0xff,
    0xbe, 0xf7, 0xdf, 0xff, 0xdf, 0xff, 0xbe, 0xf7, 0xbe, 0xff, 0xbf, 0xff,
    0xdf, 0xf7, 0xdf, 0xf7, 0xd7, 0xbd, 0x41, 0x08, 0x41, 0x08, 0x21, 0x00,
    0x42, 0x08, 0x21, 0x08, 0x41, 0x08, 0xd7, 0xbd, 0xdf, 0xf7, 0xbf, 0xff,
    0xbe, 0xff, 0xde, 0xf7, 0xbf, 0xff, 0xdf, 0xff, 0xbe, 0xff, 0xbf, 0xf7,
    0xdf, 0xff, 0xde, 0xf7, 0xbf, 0xff, 0xbe, 0xff, 0xbf, 0xf7, 0xbf, 0xff,
    0xbe, 0xff, 0xbf, 0xf7, 0xbf, 0xff, 0xbe, 0xff, 0xbf, 0xff, 0xde, 0xf7,
    0xbf, 0xff, 0xde, 0xf7, 0xbf, 0xff, 0xbf, 0xff, 0xbe, 0xf7, 0xbf, 0xff,
    0xbf, 0xff, 0xbe, 0xf7, 0xdf, 0xff, 0xbe, 0xff, 0xde, 0xf7, 0xbf, 0xf7,
    0xdf, 0xff, 0x41, 0x08, 0x21, 0x00, 0x41, 0x08, 0x21, 0x08, 0x21, 0x00,
    0x41, 0x08, 0x10, 0x84, 0xbf, 0xf7, 0xbf, 0xff, 0xbe, 0xff, 0xbf, 0xf7,
    0xdf, 0xff, 0xbe, 0xf7, 0xbf, 0xff, 0xdf, 0xf7, 0xbe, 0xff, 0xbf, 0xff,
    0xbf, 0xff, 0xbe, 0xf7, 0xbf, 0xff, 0xbf, 0xff, 0xbe, 0xf7, 0xbf, 0xff,
    0xdf, 0xff, 0xbe, 0xf7, 0xdf, 0xff, 0xbf, 0xff, 0xde, 0xf7, 0xbf, 0xff,
    0xbf, 0xff, 0xbe, 0xf7, 0xdf, 0xf7, 0xbf, 0xff, 0xbf, 0xf7, 0xbf, 0xff,
    0xdf, 0xff, 0xbe, 0xf7, 0xdf, 0xf7, 0xdf, 0xff, 0xdf, 0xff, 0x28, 0x42,
    0x41, 0x08, 0x41, 0x08, 0x21, 0x08, 0x41, 0x08, 0x21, 0x00, 0x29, 0x42,
    0xbf, 0xff, 0xdf, 0xff, 0xbf, 0xf7, 0xbe, 0xff, 0xdf, 0xff, 0xbe, 0xf7,
    0xbf, 0xff, 0xbf, 0xff, 0xbe, 0xf7, 0xbf, 0xff, 0xdf, 0xff, 0xbe, 0xf7,
    0xbf, 0xff, 0xdf, 0xff, 0xbe, 0xf7, 0xbf, 0xff, 0xbf, 0xf7, 0xdf, 0xff,
    0xbf, 0xff, 0xbf, 0xff, 0xbf, 0xf7, 0xbe, 0xff, 0xbf, 0xff, 0xde, 0xf7,
    0xbf, 0xff, 0xbf, 0xff, 0xbe, 0xf7, 0xbf, 0xff, 0xde, 0xff, 0xbf, 0xf7,
    0xbe, 0xff, 0xde, 0xf7, 0xbf, 0xf7, 0xf0, 0x83, 0x41, 0x00, 0x21, 0x00,
    0x41, 0x08, 0x41, 0x08, 0x41, 0x08, 0x41, 0x08, 0xbf, 0xf7, 0xbf, 0xf7,
    0xde, 0xff, 0xbf, 0xf7, 0xdf, 0xf7, 0xde, 0xff, 0xbf, 0xff, 0xbf, 0xf7,
    0xde, 0xff, 0xbf, 0xff, 0xbe, 0xf7, 0xdf, 0xff, 0xbf, 0xff, 0xbe, 0xf7,
    0xbf, 0xff, 0xdf, 0xff, 0xdf, 0xff, 0xdf, 0xff, 0xbe, 0xf7, 0xbf, 0xff,
    0xbe, 0xff, 0xdf, 0xf7, 0xbf, 0xff, 0xbe, 0xff, 0xbf, 0xff, 0xdf, 0xff,
    0xbe, 0xf7, 0xbf, 0xff, 0xbf, 0xff, 0xbe, 0xf7, 0xbf, 0xff, 0xde, 0xff,
    0xbf, 0xf7, 0xf7, 0xbd, 0x41, 0x08, 0x41, 0x08, 0x21, 0x00, 0x41, 0x08,
    0x41, 0x08, 0x21, 0x00, 0xf8, 0xbd, 0xbe, 0xff, 0xbf, 0xf7, 0xbf, 0xff,
    0xde, 0xff, 0xbf, 0xf7, 0xbf, 0xff, 0xbe, 0xff, 0xbf, 0xf7, 0xbf, 0xff,
    0xbe, 0xff, 0xbf, 0xf7, 0xbe, 0xff, 0xdf, 0xff, 0xbf, 0xf7, 0xde, 0xf7,
    0xbf, 0xff, 0xde, 0xff, 0xbe, 0xf7, 0xdf, 0xff, 0xbe, 0xff, 0xbf, 0xf7,
    0xdf, 0xf7, 0xbe, 0xff, 0xbf, 0xf7, 0xbf, 0xff, 0xde, 0xf7, 0xbf, 0xff,
    0xbf, 0xf7, 0xbe, 0xff, 0xbf, 0xff, 0xbe, 0xf7, 0xdf, 0xf7, 0xbe, 0xf7,
    0x21, 0x08, 0x41, 0x08, 0x41, 0x00, 0x41, 0x08, 0x21, 0x00, 0x21, 0x00,
    0x10, 0x84, 0xdf, 0xf7, 0xbf, 0xff, 0xbe, 0xff, 0xbf, 0xf7, 0xdf, 0xff,
    0xbe, 0xff, 0xbf, 0xf7, 0xbe, 0xff, 0xbf, 0xff, 0xbe, 0xf7, 0xde, 0xff,
    0xbf, 0xf7, 0xbf, 0xff, 0xbe, 0xff, 0xdf, 0xf7, 0xbf, 0xff, 0xbe, 0xff,
    0xdf, 0xf7, 0xdf, 0xff, 0xbe, 0xff, 0xbf, 0xf7, 0xde, 0xff, 0xbf, 0xf7,
    0xbe, 0xff, 0xdf, 0xf7, 0xbf, 0xff, 0xbe, 0xff, 0xbf, 0xf7, 0xbf, 0xff,
    0xbe, 0xf7, 0xbf, 0xff, 0xde, 0xf7, 0xbf, 0xff, 0x28, 0x42, 0x41, 0x08,
    0x21, 0x00, 0x41, 0x08, 0x41, 0x08, 0x42, 0x08, 0x21, 0x00, 0x41, 0x08,
    0xbf, 0xff, 0xbf, 0xf7, 0xbe, 0xff, 0xbf, 0xf7, 0xbf, 0xff, 0xde, 0xf7,
    0xbf, 0xff, 0xbe, 0xff, 0xbf, 0xf7, 0xde, 0xff, 0xbf, 0xff, 0xbf, 0xff,
    0xde, 0xf7, 0xbf, 0xff, 0xbf, 0xff, 0xbe, 0xff, 0xbf, 0xf7, 0xdf, 0xff,
    0xbf, 0xff, 0xbe, 0xf7, 0xbf, 0xff, 0xbf, 0xff, 0xbf, 0xf7, 0xde, 0xff,
    0xbf, 0xff, 0xbf, 0xf7, 0xbe, 0xff, 0xbf, 0xff, 0xdf, 0xf7, 0xdf, 0xff,
    0xbe, 0xff, 0xbe, 0xff, 0xbf, 0xf7, 0xf7, 0xbd, 0x41, 0x08, 0x41, 0x08,
    0x21, 0x00, 0x41, 0x08, 0x21, 0x00, 0x41, 0x08, 0xf7, 0xbd, 0xbf, 0xf7,
    0xbe, 0xff, 0xbf, 0xff, 0xdf, 0xff, 0xdf, 0xf7, 0xbe, 0xf7, 0xdf, 0xff,
    0xbe, 0xff, 0xbf, 0xf7, 0xbf, 0xff, 0xbe, 0xff, 0xdf, 0xf7, 0xbf, 0xff,
    0xde, 0xf7, 0xdf, 0xff, 0xbe, 0xf7, 0xdf, 0xf7, 0xbf, 0xff, 0xbe, 0xff,
    0xbf, 0xf7, 0xbf, 0xff, 0xbe, 0xff, 0xdf, 0xf7, 0xbe, 0xff, 0xbf, 0xf7,
    0xde, 0xff, 0xdf, 0xff, 0xbf, 0xff, 0xbf, 0xf7, 0xbf, 0xff, 0xdf, 0xff,
    0xdf, 0xff, 0xbe, 0xf7, 0x41, 0x08, 0x41, 0x08, 0x41, 0x08, 0x21, 0x00,
    0x41, 0x08, 0x41, 0x08, 0xf0, 0x7b, 0xbf, 0xf7, 0xdf, 0xff, 0xbe, 0xff,
    0xbf, 0xf7, 0xdf, 0xf7, 0xbe, 0xff, 0xbf, 0xff, 0xbe, 0xf7, 0xdf, 0xf7,
    0xbf, 0xff, 0xbe, 0xff, 0xdf, 0xf7, 0xbf, 0xff, 0xde, 0xff, 0xbe, 0xf7,
    0xbf, 0xff, 0xbf, 0xff, 0xbe, 0xf7, 0xbf, 0xff, 0xbe, 0xff, 0xbf, 0xf7,
    0xdf, 0xff, 0xbe, 0xff, 0xbf, 0xf7, 0xde, 0xff, 0xbe, 0xff, 0xbf, 0xf7,
    0xde, 0xff, 0xbf, 0xff, 0xbf, 0xf7, 0xbe, 0xff, 0xbf, 0xff, 0xbe, 0xf7,
    0x28, 0x42, 0x21, 0x08, 0x41, 0x00, 0x41, 0x00, 0x41, 0x08, 0x41, 0x08,
    0x28, 0x42, 0xbf, 0xf7, 0xbf, 0xff, 0xbe, 0xff, 0xdf, 0xff, 0xdf, 0xf7,
    0xde, 0xf7, 0xbf, 0xff, 0xbf, 0xff, 0xde, 0xf7, 0xbf, 0xff, 0xbf, 0xf7,
    0xbe, 0xff, 0xbf, 0xff, 0xbf, 0xf7, 0xbe, 0xff, 0xbe, 0xff, 0xdf, 0xf7,
    0xbe, 0xf7, 0xbe, 0xff, 0xdf, 0xff, 0xdf, 0xff, 0xbe, 0xf7, 0xbf, 0xff,
    0xdf, 0xff, 0xbe, 0xff, 0xbf, 0xff, 0xdf, 0xff, 0xbe, 0xf7, 0xbf, 0xff,
    0xbf, 0xff, 0xbf, 0xf7, 0xbe, 0xff, 0xdf, 0xff, 0x10, 0x84, 0x21, 0x08,
    0x21, 0x00, 0x41, 0x08, 0x21, 0x00, 0x41, 0x08, 0x41, 0x08, 0xbf, 0xf7,
    0xdf, 0xff, 0xbe, 0xff, 0xbf, 0xf7, 0xbf, 0xf7, 0xde, 0xff, 0xbf, 0xff,
    0xbf, 0xf7, 0xde, 0xff, 0xbf, 0xff, 0xbf, 0xf7, 0xbe, 0xff, 0xbf, 0xff,
    0xbe, 0xf7, 0xbe, 0xff, 0xbf, 0xf7, 0xbe, 0xf7, 0xbe, 0xff, 0xdf, 0xff,
    0xbf, 0xff, 0xbf, 0xf7, 0xde, 0xff, 0xbf, 0xf7, 0xbf, 0xff, 0xde, 0xf7,
    0xbf, 0xff, 0xbe, 0xff, 0xdf, 0xf7, 0xbf, 0xf7, 0xde, 0xff, 0xbf, 0xff,
    0xdf, 0xf7, 0xbe, 0xff, 0xd7, 0xbd, 0x41, 0x08, 0x42, 0x08, 0x21, 0x00,
    0x41, 0x08, 0x41, 0x08, 0x21, 0x08, 0xf8, 0xbd, 0xdf, 0xf7, 0xbe, 0xff,
    0xbf, 0xff, 0xdf, 0xf7, 0xde, 0xf7, 0xbf, 0xff, 0xbe, 0xff, 0xdf, 0xf7,
    0xbf, 0xff, 0xbe, 0xff, 0xbf, 0xf7, 0xbf, 0xf7, 0xbe, 0xff, 0xbf, 0xff,
    0xbf, 0xf7, 0xde, 0xff, 0xbf, 0xf7, 0xbf, 0xff, 0xbf, 0xff, 0xde, 0xf7,
    0xbf, 0xff, 0xbf, 0xff, 0xbe, 0xff, 0xdf, 0xff, 0xbe, 0xf7, 0xbe, 0xff,
    0xdf, 0xff, 0xbf, 0xf7, 0xbe, 0xff, 0xdf, 0xff, 0xbf, 0xff, 0xde, 0xf7,
    0xdf, 0xff, 0x21, 0x08, 0x41, 0x00, 0x41, 0x08, 0x41, 0x08, 0x21, 0x00,
    0x41, 0x08, 0xf0, 0x83, 0xdf, 0xf7, 0xbe, 0xff, 0xbf, 0xff, 0xbe, 0xf7,
    0xbf, 0xff, 0xdf, 0xf7, 0xbe, 0xff, 0xbf, 0xff, 0xdf, 0xf7, 0xbf, 0xff,
    0xbf, 0xff, 0xbe, 0xf7, 0xbf, 0xff, 0xbe, 0xff, 0xbf, 0xf7, 0xbf, 0xff,
    0xbe, 0xff, 0xbf, 0xf7, 0xbf, 0xff, 0xde, 0xff, 0xbf, 0xf7, 0xbf, 0xff,
    0xbe, 0xff, 0xbf, 0xf7, 0xbe, 0xff, 0xdf, 0xf7, 0xbf, 0xff, 0xde, 0xff,
    0xbf, 0xf7, 0xbf, 0xff, 0xde, 0xff, 0xbf, 0xf7, 0xbf, 0xf7, 0x28, 0x42,
    0x41, 0x08, 0x21, 0x08, 0x41, 0x08, 0x41, 0x08, 0x41, 0x08, 0x41, 0x08,
    0x41, 0x08, 0xbf, 0xf7, 0xbf, 0xff, 0xbe, 0xf7, 0xdf, 0xff, 0xbe, 0xff,
    0xbe, 0xf7, 0xbf, 0xff, 0xbf, 0xff, 0xbe, 0xf7, 0xbf, 0xff, 0xbe, 0xf7,
    0xdf, 0xff, 0xbf, 0xff, 0xbe, 0xf7, 0xdf, 0xff, 0xbe, 0xf7, 0xbf, 0xff,
    0xbe, 0xff, 0xdf, 0xf7, 0xbf, 0xff, 0xbe, 0xf7, 0xdf, 0xff, 0xbf, 0xf7,
    0xbe, 0xf7, 0xbe, 0xff, 0xbf, 0xff, 0xdf, 0xff, 0xbe, 0xf7, 0xbf, 0xff,
    0xbf, 0xf7, 0xbf, 0xf7, 0xbe, 0xff, 0xdf, 0xff, 0xf7, 0xbd, 0x21, 0x08,
    0x21, 0x00, 0x41, 0x08, 0x41, 0x08, 0x21, 0x00, 0x21, 0x08, 0xd8, 0xbd,
    0xdf, 0xf7, 0xdf, 0xff, 0xbe, 0xf7, 0xbf, 0xff, 0xbe, 0xff, 0xdf, 0xff,
    0xbf, 0xf7, 0xbe, 0xff, 0xbf, 0xff, 0xbf, 0xf7, 0xde, 0xff, 0xbf, 0xff,
    0xbe, 0xf7, 0xbf, 0xff, 0xbf, 0xff, 0xbe, 0xff, 0xbf, 0xf7, 0xdf, 0xff,
    0xbe, 0xf7, 0xbf, 0xff, 0xdf, 0xff, 0xbe, 0xf7, 0xbe, 0xf7, 0xbf, 0xff,
    0xbe, 0xf7, 0xbf, 0xff, 0xbe, 0xf7, 0xbe, 0xf7, 0xdf, 0xff, 0xbe, 0xff,
    0xbe, 0xf7, 0xbf, 0xff, 0xbf, 0xf7, 0x41, 0x08, 0x41, 0x08, 0x21, 0x00,
    0x41, 0x08, 0x21, 0x08, 0x41, 0x08, 0xf0, 0x83, 0xbf, 0xf7, 0xbf, 0xff,
    0xbe, 0xff, 0xbf, 0xff, 0xbe, 0xff, 0xdf, 0xff, 0xbf, 0xf7, 0xbe, 0xff,
    0xbf, 0xff, 0xde, 0xf7, 0xbf, 0xff, 0xbf, 0xf7, 0xde, 0xff, 0xbf, 0xff,
    0xbf, 0xf7, 0xde, 0xff, 0xbf, 0xff, 0xbf, 0xf7, 0xde, 0xff, 0xbf, 0xf7,
    0xbf, 0xff, 0xbe, 0xf7, 0xbe, 0xf7, 0xbf, 0xff, 0xbf, 0xff, 0xbe, 0xf7,
    0xbf, 0xff, 0xbe, 0xf7, 0xdf, 0xff, 0xbf, 0xff, 0xbe, 0xf7, 0xbe, 0xf7,
    0xdf, 0xff, 0x28, 0x42, 0x21, 0x08, 0x41, 0x08, 0x21, 0x08, 0x41, 0x08,
    0x21, 0x08, 0x09, 0x42, 0xbe, 0xf7, 0xdf, 0xff, 0xbe, 0xf7, 0xbf, 0xff,
    0xbe, 0xf7, 0xbe, 0xf7, 0xbf, 0xff, 0xbf, 0xff, 0xde, 0xf7, 0xbf, 0xff,
    0xbe, 0xff, 0xdf, 0xf7, 0xbf, 0xff, 0xde, 0xf7, 0xbf, 0xff, 0xbf, 0xff,
    0xde, 0xff, 0xdf, 0xff, 0xbf, 0xff, 0xbe, 0xf7, 0xbf, 0xf7, 0xbf, 0xff,
    0xbe, 0xf7, 0xbf, 0xf7, 0xbe, 0xf7, 0xbe, 0xff, 0xdf, 0xf7, 0xbf, 0xff,
    0xbe, 0xf7, 0xbe, 0xf7, 0xbf, 0xff, 0xbf, 0xff, 0xbe, 0xf7, 0x10, 0x84,
    0x41, 0x08, 0x41, 0x08, 0x21, 0x08, 0x41, 0x08, 0x41, 0x08, 0x21, 0x08,
    0xbf, 0xf7, 0xbf, 0xff, 0xbe, 0xff, 0xbf, 0xff, 0xbf, 0xff, 0xbe, 0xf7,
    0xbf, 0xf7, 0xbe, 0xff, 0xbf, 0xf7, 0xdf, 0xff, 0xbe, 0xf7, 0xbf, 0xff,
    0xdf, 0xf7, 0xdf, 0xff, 0xbe, 0xff, 0xbf, 0xf7, 0xdf, 0xff, 0xbf, 0xff,
    0xbf, 0xf7, 0xbe, 0xf7, 0xbf, 0xff, 0xbe, 0xff, 0xbf, 0xf7, 0xbe, 0xff,
    0xbf, 0xf7, 0xbe, 0xf7, 0xbe, 0xff, 0xbf, 0xff, 0xbe, 0xf7, 0xbe, 0xf7,
    0xbf, 0xf7, 0xdf, 0xff, 0xbe, 0xf7, 0xf7, 0xbd, 0x41, 0x08, 0x41, 0x08,
    0x41, 0x08, 0x41, 0x08, 0x21, 0x00, 0x41, 0x08, 0xf7, 0xbd, 0xbe, 0xf7,
    0xbf, 0xff, 0xbe, 0xff, 0xdf, 0xf7, 0xdf, 0xf7, 0xbe, 0xff, 0xbf, 0xff,
    0xde, 0xf7, 0xbf, 0xff, 0xdf, 0xff, 0xde, 0xf7, 0xbf, 0xff, 0xde, 0xff,
    0xbf, 0xf7, 0xbf, 0xff, 0xbe, 0xff, 0xbf, 0xf7, 0xbf, 0xff, 0xbe, 0xf7,
    0xbf, 0xff, 0xdf, 0xff, 0xbe, 0xf7, 0xbf, 0xf7, 0xdf, 0xff, 0xbf, 0xff,
    0xbf, 0xf7, 0xbe, 0xff, 0xdf, 0xff, 0xbf, 0xf7, 0xbe, 0xf7, 0xbe, 0xff,
    0xdf, 0xf7, 0xbf, 0xff, 0x21, 0x08, 0x21, 0x00, 0x41, 0x08, 0x41, 0x08,
    0x41, 0x08, 0x41, 0x08, 0xf0, 0x7b, 0xbf, 0xff, 0xbe, 0xf7, 0xdf, 0xff,
    0xbe, 0xf7, 0xbf, 0xff, 0xbf, 0xff, 0xde, 0xf7, 0xbf, 0xff, 0xbe, 0xf7,
    0xdf, 0xff, 0xbf, 0xff, 0xbe, 0xf7, 0xdf, 0xff, 0xdf, 0xf7, 0xbe, 0xff,
    0xdf, 0xf7, 0xbe, 0xff, 0xbf, 0xf7, 0xbf, 0xff, 0xbe, 0xf7, 0xdf, 0xff,
    0xbf, 0xff, 0xde, 0xf7, 0xbf, 0xff, 0xbf, 0xff, 0xbe, 0xf7, 0xbf, 0xff,
    0xde, 0xff, 0xbf, 0xf7, 0xbf, 0xff, 0xbe, 0xf7, 0xdf, 0xff, 0xdf, 0xff,
    0x28, 0x42, 0x41, 0x08, 0x21, 0x00, 0x41, 0x08, 0x21, 0x08, 0x41, 0x00,
    0x41, 0x08, 0x21, 0x00, 0xbf, 0xf7, 0xbe, 0xf7, 0xdf, 0xff, 0xbf, 0xff,
    0xbf, 0xf7, 0xbe, 0xf7, 0xdf, 0xff, 0xbf, 0xff, 0xde, 0xf7, 0xbf, 0xff,
    0xbf, 0xf7, 0xbe, 0xff, 0xbf, 0xff, 0xbf, 0xf7, 0xde, 0xff, 0xbf, 0xff,
    0xbf, 0xf7, 0xbe, 0xff, 0xdf, 0xff, 0xbf, 0xf7, 0xbe, 0xff, 0xde, 0xff,
    0xbf, 0xff, 0xbe, 0xf7, 0xbf, 0xff, 0xdf, 0xf7, 0xbe, 0xf7, 0xbf, 0xff,
    0xbe, 0xff, 0xdf, 0xff, 0xbe, 0xf7, 0xbf, 0xff, 0xdf, 0xf7, 0xd7, 0xbd,
    0x41, 0x08, 0x41, 0x08, 0x21, 0x00, 0x41, 0x08, 0x41, 0x08, 0x41, 0x08,
    0xd7, 0xbd, 0xdf, 0xff, 0xbe, 0xf7, 0xdf, 0xff, 0xbe, 0xf7, 0xbf, 0xff,
    0xbf, 0xff, 0xbe, 0xf7, 0xdf, 0xff, 0xbf, 0xff, 0xbe, 0xf7, 0xbf, 0xff,
    0xbf, 0xf7, 0xbe, 0xff, 0xdf, 0xf7, 0xbf, 0xff, 0xbe, 0xff, 0xbf, 0xff,
    0xde, 0xf7, 0xbf, 0xff, 0xbe, 0xff, 0xdf, 0xf7, 0xbf, 0xff, 0xbe, 0xff,
    0xbf, 0xf7, 0xdf, 0xff, 0xbf, 0xff, 0xbf, 0xff, 0xbe, 0xf7, 0xbe, 0xf7,
    0xbf, 0xff, 0xdf, 0xff, 0xbe, 0xf7, 0xdf, 0xff, 0x41, 0x08, 0x21, 0x00,
    0x21, 0x08, 0x41, 0x08, 0x41, 0x00, 0x41, 0x08, 0x10, 0x84, 0xdf, 0xf7,
    0xbe, 0xf7, 0xbf, 0xff, 0xdf, 0xf7, 0xbe, 0xf7, 0xbf, 0xff, 0xdf, 0xff,
    0xbe, 0xff, 0xbf, 0xf7, 0xbf, 0xff, 0xbe, 0xff, 0xbf, 0xf7, 0xbe, 0xff,
    0xbf, 0xf7, 0xbf, 0xff, 0xde, 0xf7, 0xbf, 0xff, 0xbf, 0xff, 0xde, 0xf7,
    0xbf, 0xff, 0xbf, 0xff, 0xde, 0xff, 0xbf, 0xf7, 0xdf, 0xff, 0xbe, 0xf7,
    0xbf, 0xff, 0xdf, 0xff, 0xbe, 0xf7, 0xbf, 0xff, 0xdf, 0xff, 0xdf, 0xff,
    0xdf, 0xff, 0xbf, 0xf7, 0x29, 0x42, 0x41, 0x08, 0x41, 0x00, 0x41, 0x08,
    0x41, 0x08, 0x21, 0x08, 0x29, 0x42, 0xbe, 0xf7, 0xbe, 0xff, 0xdf, 0xff,
    0xbf, 0xff, 0xbf, 0xff, 0xdf, 0xf7, 0xbe, 0xff, 0xbf, 0xff, 0xbf, 0xf7,
    0xbe, 0xff, 0xbf, 0xff, 0xdf, 0xf7, 0xbe, 0xff, 0xbf, 0xff, 0xdf, 0xf7,
    0xbf, 0xf7, 0xbe, 0xff, 0xbf, 0xff, 0xbf, 0xf7, 0xdf, 0xff, 0xdf, 0xff,
    0xbe, 0xff, 0xbf, 0xff, 0xbe, 0xf7, 0xbf, 0xff, 0xbe, 0xf7, 0xbe, 0xf7,
    0xbf, 0xff, 0xdf, 0xff, 0xbe, 0xf7, 0xdf, 0xff, 0xbf, 0xf7, 0xbe, 0xf7,
    0x10, 0x84, 0x21, 0x00, 0x41, 0x08, 0x41, 0x08, 0x21, 0x00, 0x21, 0x00,
    0x41, 0x08, 0xdf, 0xf7, 0xbf, 0xf7, 0xbe, 0xf7, 0xdf, 0xff, 0xbe, 0xff,
    0xdf, 0xf7, 0xbf, 0xff, 0xbe, 0xff, 0xbf, 0xff, 0xbe, 0xf7, 0xdf, 0xff,
    0xbe, 0xff, 0xbf, 0xf7, 0xbf, 0xff, 0xbe, 0xff, 0xdf, 0xff, 0xbf, 0xff,
    0xbe, 0xf7, 0xdf, 0xff, 0xdf, 0xff, 0xbe, 0xff, 0xdf, 0xf7, 0xbf, 0xff,
    0xde, 0xff, 0xbf, 0xf7, 0xbf, 0xff, 0xdf, 0xff, 0xbe, 0xf7, 0xbf, 0xff,
    0xbf, 0xff, 0xbe, 0xff, 0xdf, 0xf7, 0xbf, 0xff, 0xd8, 0xbd, 0x21, 0x00,
    0x41, 0x08, 0x41, 0x08, 0x41, 0x08, 0x41, 0x08, 0x21, 0x00, 0xd7, 0xbd,
    0xdf, 0xff, 0xbf, 0xff, 0xbe, 0xf7, 0xdf, 0xff, 0xbe, 0xf7, 0xbf, 0xff,
    0xbf, 0xf7, 0xbe, 0xff, 0xbf, 0xf7, 0xbf, 0xff, 0xbe, 0xff, 0xbf, 0xf7,
    0xbf, 0xff, 0xde, 0xff, 0xbf, 0xf7, 0xbf, 0xff, 0xde, 0xff, 0xdf, 0xf7,
    0xbe, 0xff, 0xbf, 0xff, 0xbe, 0xf7, 0xbf, 0xff, 0xbe, 0xf7, 0xbe, 0xff,
    0xbf, 0xff, 0xbf, 0xf7, 0xbe, 0xff, 0xbf, 0xff, 0xdf, 0xf7, 0xbe, 0xff,
    0xbf, 0xf7, 0xdf, 0xf7, 0xbe, 0xf7, 0x41, 0x08, 0x41, 0x08, 0x41, 0x08,
    0x21, 0x08, 0x41, 0x08, 0x21, 0x00, 0x10, 0x84, 0xbf, 0xff, 0xbf, 0xff,
    0xbe, 0xf7, 0xdf, 0xff, 0xbe, 0xff, 0xbf, 0xf7, 0xbf, 0xff, 0xbe, 0xff,
    0xbf, 0xf7, 0xbe, 0xff, 0xdf, 0xf7, 0xbe, 0xff, 0xbf, 0xff, 0xbf, 0xf7,
    0xbe, 0xff, 0xbf, 0xff, 0xdf, 0xf7, 0xde, 0xff, 0xbf, 0xff, 0xbe, 0xf7,
    0xbf, 0xff, 0xbf, 0xff, 0xbe, 0xf7, 0xdf, 0xff, 0xbf, 0xff, 0xbe, 0xf7,
    0xbf, 0xff, 0xbf, 0xf7, 0xde, 0xff, 0xbe, 0xf7, 0xbf, 0xff, 0xbe, 0xf7,
    0xbe, 0xf7, 0x28, 0x42, 0x41, 0x08, 0x41, 0x08, 0x41, 0x08, 0x41, 0x08,
    0x21, 0x08, 0x41, 0x08, 0x41, 0x08, 0x59, 0xce, 0xbf, 0xff, 0xbe, 0xff,
    0xbe, 0xf7, 0xbf, 0xf7, 0xbf, 0xff, 0xde, 0xf7, 0xbf, 0xff, 0xbf, 0xff,
    0xde, 0xf7, 0xbf, 0xff, 0xde, 0xf7, 0xbf, 0xff, 0xbf, 0xff, 0xbe, 0xf7,
    0xdf, 0xff, 0xbf, 0xf7, 0xbe, 0xff, 0xbe, 0xff, 0xbf, 0xf7, 0xbf, 0xff,
    0xbf, 0xff, 0xbf, 0xf7, 0xbf, 0xff, 0xbe, 0xf7, 0xbf, 0xff, 0xbf, 0xff,
    0xbe, 0xf7, 0xbf, 0xff, 0xbf, 0xff, 0xbe, 0xff, 0xdf, 0xf7, 0xbe, 0xf7,
    0x75, 0xad, 0x21, 0x08, 0x21, 0x00, 0x41, 0x08, 0x21, 0x08, 0x41, 0x00,
    0x41, 0x08, 0x72, 0x8c, 0xbf, 0xf7, 0xdf, 0xff, 0xbe, 0xf7, 0xbf, 0xff,
    0xbf, 0xf7, 0xdf, 0xff, 0xbe, 0xff, 0xbf, 0xf7, 0xdf, 0xff, 0xbe, 0xff,
    0xdf, 0xf7, 0xbf, 0xff, 0xbe, 0xff, 0xdf, 0xf7, 0xbe, 0xf7, 0xbf, 0xff,
    0xdf, 0xf7, 0xbe, 0xff, 0xbf, 0xff, 0xbf, 0xf7, 0xbe, 0xff, 0xbf, 0xff,
    0xbf, 0xff, 0xde, 0xf7, 0xbf, 0xff, 0xbe, 0xf7, 0xbe, 0xff, 0xdf, 0xff,
    0xdf, 0xff, 0xdf, 0xff, 0xbf, 0xf7, 0xbf, 0xff, 0x5c, 0xe7, 0x41, 0x08,
    0x21, 0x08, 0x41, 0x08, 0x41, 0x00, 0x21, 0x00, 0x21, 0x08, 0x0c, 0x63,
    0xdf, 0xf7, 0xbf, 0xff, 0xbe, 0xf7, 0xbf, 0xff, 0xbe, 0xff, 0xbe, 0xf7,
    0xbf, 0xf7, 0xdf, 0xff, 0xbe, 0xf7, 0xbf, 0xff, 0xdf, 0xff, 0xbe, 0xf7,
    0xdf, 0xff, 0xbf, 0xff, 0xbe, 0xf7, 0xbf, 0xff, 0xbe, 0xf7, 0xbf, 0xff,
    0xbe, 0xff, 0xbf, 0xf7, 0xdf, 0xff, 0xbe, 0xff, 0xbf, 0xff, 0xbe, 0xf7,
    0xbf, 0xff, 0xbe, 0xf7, 0xbf, 0xff, 0xbe, 0xf7, 0xdf, 0xff, 0xbe, 0xf7,
    0xbe, 0xf7, 0xbf, 0xff, 0xbe, 0xf7, 0xa7, 0x31, 0x21, 0x08, 0x41, 0x08,
    0x41, 0x08, 0x21, 0x00, 0x41, 0x00, 0x25, 0x29, 0xdf, 0xf7, 0xdf, 0xff,
    0xbe, 0xf7, 0xbf, 0xf7, 0xbe, 0xff, 0xdf, 0xff, 0xbf, 0xf7, 0xbe, 0xff,
    0xdf, 0xff, 0xbf, 0xf7, 0xbe, 0xff, 0xbf, 0xf7, 0xbe, 0xff, 0xbe, 0xff,
    0xbf, 0xf7, 0xbe, 0xff, 0xbf, 0xf7, 0xdf, 0xff, 0xde, 0xff, 0xbe, 0xf7,
    0xbf, 0xff, 0xdf, 0xff, 0xbe, 0xf7, 0xdf, 0xff, 0xbf, 0xff, 0xbf, 0xff,
    0xbe, 0xf7, 0xbf, 0xff, 0xbe, 0xff, 0xbf, 0xff, 0xbe, 0xf7, 0xbe, 0xf7,
    0xdf, 0xff, 0x8e, 0x73, 0x41, 0x08, 0x21, 0x00, 0x41, 0x08, 0x41, 0x08,
    0x41, 0x08, 0x21, 0x00, 0xdb, 0xde, 0xbe, 0xff, 0xdf, 0xff, 0xbf, 0xf7,
    0xbe, 0xff, 0xbe, 0xf7, 0xdf, 0xff, 0xbf, 0xff, 0xbe, 0xf7, 0xdf, 0xff,
    0xbf, 0xff, 0xbe, 0xf7, 0xbe, 0xff, 0xbf, 0xf7, 0xdf, 0xf7, 0xbe, 0xff,
    0xdf, 0xff, 0xdf, 0xff, 0xbe, 0xf7, 0xbf, 0xff, 0xbf, 0xff, 0xbe, 0xf7,
    0xdf, 0xff, 0xbe, 0xf7, 0xdf, 0xff, 0xbf, 0xff, 0xbe, 0xf7, 0xbf, 0xff,
    0xdf, 0xff, 0xbf, 0xff, 0xbe, 0xf7, 0xbe, 0xf7, 0xbf, 0xf7, 0x76, 0xad,
    0x21, 0x08, 0x41, 0x08, 0x21, 0x00, 0x21, 0x00, 0x21, 0x08, 0x41, 0x08,
    0xf4, 0x9c, 0xbf, 0xf7, 0xdf, 0xf7, 0xdf, 0xff, 0xbe, 0xf7, 0xdf, 0xff,
    0xbf, 0xff, 0xbe, 0xff, 0xdf, 0xf7, 0xbe, 0xff, 0xbf, 0xf7, 0xbf, 0xff,
    0xbe, 0xf7, 0xbf, 0xff, 0xde, 0xff, 0xbf, 0xf7, 0xbf, 0xff, 0xbe, 0xff,
    0xbf, 0xf7, 0xdf, 0xff, 0xbe, 0xf7, 0xbf, 0xff, 0xdf, 0xff, 0xbf, 0xff,
    0xbe, 0xf7, 0xbe, 0xf7, 0xdf, 0xff, 0xdf, 0xff, 0xbe, 0xf7, 0xbe, 0xff,
    0xbf, 0xff, 0xbe, 0xff, 0xbe, 0xf7, 0x5d, 0xef, 0x41, 0x08, 0x41, 0x00,
    0x21, 0x00, 0x21, 0x00, 0x41, 0x08, 0x41, 0x08, 0x0c, 0x63, 0xbf, 0xf7,
    0xbf, 0xff, 0xbe, 0xf7, 0xbf, 0xff, 0xdf, 0xf7, 0xbe, 0xff, 0xbf, 0xff,
    0xdf, 0xf7, 0xbe, 0xff, 0xbf, 0xff, 0xbf, 0xf7, 0xbe, 0xff, 0xbf, 0xff,
    0xde, 0xf7, 0xbf, 0xff, 0xbf, 0xff, 0xbe, 0xf7, 0xbf, 0xff, 0xbf, 0xff,
    0xde, 0xf7, 0xbf, 0xff, 0xbe, 0xf7, 0xbf, 0xff, 0xdf, 0xff, 0xbe, 0xf7,
    0xdf, 0xff, 0xbf, 0xff, 0xbe, 0xf7, 0xbf, 0xff, 0xbf, 0xff, 0xbf, 0xff,
    0xdf, 0xf7, 0xdf, 0xff, 0x25, 0x21, 0x21, 0x08, 0x41, 0x08, 0x21, 0x00,
    0x41, 0x00, 0x41, 0x08, 0x41, 0x08, 0x21, 0x00, 0xf4, 0x9c, 0xdf, 0xff,
    0xbf, 0xff, 0xde, 0xf7, 0xbe, 0xff, 0xdf, 0xff, 0xde, 0xf7, 0xbf, 0xff,
    0xbf, 0xff, 0xbe, 0xf7, 0xbf, 0xff, 0xbf, 0xff, 0xde, 0xf7, 0xbf, 0xff,
    0xbe, 0xff, 0xbf, 0xf7, 0xdf, 0xff, 0xbe, 0xf7, 0xdf, 0xff, 0xbf, 0xf7,
    0xde, 0xff, 0xbe, 0xf7, 0xbf, 0xff, 0xde, 0xff, 0xbf, 0xf7, 0xbe, 0xff,
    0xdf, 0xff, 0xbe, 0xf7, 0xbf, 0xf7, 0xdf, 0xff, 0xdf, 0xff, 0xbf, 0xf7,
    0xdf, 0xff, 0x8e, 0x73, 0x21, 0x00, 0x41, 0x08, 0x41, 0x08, 0x41, 0x08,
    0x41, 0x08, 0x21, 0x00, 0x0c, 0x63, 0xbf, 0xff, 0xdf, 0xf7, 0xde, 0xff,
    0xbe, 0xf7, 0xbf, 0xff, 0xbe, 0xf7, 0xbf, 0xff, 0xdf, 0xff, 0xbe, 0xf7,
    0xbf, 0xff, 0xde, 0xf7, 0xbf, 0xff, 0xbf, 0xff, 0xbe, 0xff, 0xbf, 0xff,
    0xdf, 0xf7, 0xbe, 0xff, 0xbf, 0xff, 0xdf, 0xf7, 0xbe, 0xf7, 0xbf, 0xff,
    0xdf, 0xf7, 0xbe, 0xf7, 0xbf, 0xff, 0xbe, 0xf7, 0xbf, 0xff, 0xbf, 0xf7,
    0xbe, 0xf7, 0xbf, 0xff, 0xbe, 0xff, 0xdf, 0xff, 0xbf, 0xff, 0x75, 0xad,
    0x41, 0x08, 0x41, 0x08, 0x41, 0x00, 0x21, 0x08, 0x41, 0x08, 0x41, 0x08,
    0x25, 0x21, 0xbf, 0xf7, 0xbe, 0xff, 0xbf, 0xff, 0xdf, 0xff, 0xbe, 0xf7,
    0xdf, 0xff, 0xbf, 0xff, 0xbe, 0xf7, 0xdf, 0xff, 0xbe, 0xff, 0xbf, 0xf7,
    0xdf, 0xff, 0xbe, 0xff, 0xbf, 0xf7, 0xdf, 0xff, 0xbe, 0xff, 0xdf, 0xf7,
    0xbf, 0xff, 0xbe, 0xff, 0xdf, 0xf7, 0xbe, 0xf7, 0xbf, 0xff, 0xbe, 0xf7,
    0xbf, 0xff, 0xbe, 0xf7, 0xdf, 0xff, 0xbf, 0xff, 0xbf, 0xff, 0xbe, 0xf7,
    0xbf, 0xff, 0xdf, 0xff, 0xbe, 0xff, 0x5d, 0xef, 0x21, 0x00, 0x41, 0x08,
    0x41, 0x08, 0x21, 0x00, 0x41, 0x08, 0x41, 0x08, 0x21, 0x08, 0xdb, 0xde,
    0xbf, 0xf7, 0xbf, 0xff, 0xdf, 0xff, 0xbe, 0xf7, 0xdf, 0xf7, 0xbf, 0xff,
    0xbe, 0xf7, 0xdf, 0xff, 0xbe, 0xff, 0xbf, 0xf7, 0xdf, 0xff, 0xbf, 0xf7,
    0xdf, 0xff, 0xbe, 0xff, 0xbf, 0xff, 0xdf, 0xf7, 0xbe, 0xff, 0xbf, 0xff,
    0xdf, 0xff, 0xbf, 0xff, 0xbe, 0xf7, 0xbf, 0xf7, 0xbe, 0xf7, 0xbf, 0xff,
    0xdf, 0xff, 0xbe, 0xf7, 0xbf, 0xff, 0xbf, 0xf7, 0xbf, 0xff, 0xbf, 0xff,
    0xdf, 0xf7, 0xbe, 0xf7, 0xa7, 0x31, 0x21, 0x08, 0x41, 0x00, 0x41, 0x08,
    0x21, 0x08, 0x41, 0x08, 0x21, 0x00, 0xf4, 0x9c, 0xbe, 0xf7, 0xbf, 0xff,
    0xbf, 0xff, 0xdf, 0xf7, 0xde, 0xf7, 0xbf, 0xff, 0xbf, 0xf7, 0xde, 0xf7,
    0xbf, 0xff, 0xbf, 0xff, 0xdf, 0xf7, 0xbe, 0xff, 0xbf, 0xff, 0xbf, 0xf7,
    0xbe, 0xf7, 0xbf, 0xff, 0xbf, 0xf7, 0xdf, 0xff, 0xdf, 0xff, 0xbe, 0xf7,
    0xbf, 0xff, 0xbe, 0xf7, 0xbf, 0xff, 0xbf, 0xff, 0xbe, 0xf7, 0xbf, 0xff,
    0xdf, 0xff, 0xbe, 0xf7, 0xbf, 0xff, 0xdf, 0xff, 0xde, 0xff, 0xbe, 0xf7,
    0x8e, 0x73, 0x41, 0x08, 0x21, 0x08, 0x41, 0x00, 0x42, 0x08, 0x41, 0x08,
    0x41, 0x08, 0x8e, 0x73, 0xdf, 0xff, 0xbe, 0xf7, 0xbe, 0xf7, 0xbf, 0xff,
    0xbe, 0xf7, 0xbf, 0xff, 0xbf, 0xf7, 0xde, 0xff, 0xbf, 0xff, 0xde, 0xff,
    0xdf, 0xf7, 0xbf, 0xff, 0xbe, 0xff, 0xbf, 0xf7, 0xde, 0xff, 0xbf, 0xf7,
    0xbe, 0xff, 0xbf, 0xff, 0xbf, 0xf7, 0xde, 0xff, 0xbf, 0xf7, 0xbf, 0xff,
    0xde, 0xff, 0xbf, 0xf7, 0xbf, 0xff, 0xbe, 0xff, 0xbe, 0xf7, 0xbf, 0xf7,
    0xbf, 0xff, 0xbf, 0xff, 0xbf, 0xf7, 0xdf, 0xff, 0x76, 0xad, 0x21, 0x08,
    0x41, 0x08, 0x21, 0x08, 0x41, 0x08, 0x21, 0x00, 0x41, 0x08, 0xa7, 0x31,
    0xdf, 0xf7, 0xde, 0xf7, 0xdf, 0xff, 0xbe, 0xf7, 0xbf, 0xff, 0xbe, 0xff,
    0xdf, 0xf7, 0xbf, 0xf7, 0xbe, 0xff, 0xdf, 0xff, 0xbf, 0xf7, 0xbe, 0xff,
    0xdf, 0xf7, 0xbf, 0xff, 0xbe, 0xf7, 0xdf, 0xff, 0xbe, 0xff, 0xbf, 0xf7,
    0xbf, 0xff, 0xde, 0xff, 0xbf, 0xf7, 0xbf, 0xff, 0xde, 0xff, 0xbf, 0xf7,
    0xbe, 0xf7, 0xbf, 0xff, 0xde, 0xff, 0xbf, 0xf7, 0xbf, 0xff, 0xde, 0xff,
    0xde, 0xf7, 0xbe, 0xf7, 0x5d, 0xef, 0x41, 0x08, 0x41, 0x08, 0x21, 0x00,
    0x41, 0x08, 0x41, 0x08, 0x41, 0x08, 0x41, 0x08, 0x21, 0x00, 0x29, 0x42,
    0xbf, 0xff, 0xdf, 0xf7, 0xbe, 0xf7, 0xbf, 0xff, 0xbf, 0xf7, 0xdf, 0xf7,
    0xbe, 0xff, 0xbf, 0xff, 0xdf, 0xf7, 0xbe, 0xff, 0xbf, 0xff, 0xbf, 0xf7,
    0xde, 0xff, 0xbf, 0xff, 0xbe, 0xf7, 0xbf, 0xff, 0xbf, 0xff, 0xbe, 0xf7,
    0xdf, 0xff, 0xbf, 0xff, 0xbe, 0xf7, 0xdf, 0xff, 0xbf, 0xff, 0xbe, 0xf7,
    0xbf, 0xff, 0xbe, 0xf7, 0xdf, 0xff, 0xdf, 0xff, 0xbe, 0xf7, 0xbe, 0xff,
    0xdf, 0xf7, 0xbf, 0xff, 0x25, 0x21, 0x41, 0x08, 0x21, 0x08, 0x41, 0x00,
    0x41, 0x08, 0x21, 0x08, 0x41, 0x08, 0xa3, 0x18, 0x3d, 0xe7, 0xbf, 0xff,
    0xbf, 0xff, 0xbe, 0xff, 0xbf, 0xf7, 0xdf, 0xff, 0xbe, 0xff, 0xbf, 0xf7,
    0xbf, 0xff, 0xbe, 0xff, 0xbf, 0xf7, 0xbe, 0xf7, 0xdf, 0xff, 0xbf, 0xf7,
    0xbe, 0xff, 0xbf, 0xff, 0xbe, 0xf7, 0xbf, 0xff, 0xde, 0xff, 0xbf, 0xff,
    0xbf, 0xff, 0xbe, 0xf7, 0xdf, 0xff, 0xbf, 0xff, 0xbf, 0xff, 0xbe, 0xf7,
    0xdf, 0xff, 0xbf, 0xff, 0xdf, 0xff, 0xbe, 0xf7, 0xbf, 0xf7, 0xbe, 0xf7,
    0x0c, 0x63, 0x41, 0x08, 0x21, 0x00, 0x41, 0x08, 0x41, 0x08, 0x21, 0x00,
    0x41, 0x08, 0x41, 0x08, 0xd7, 0xbd, 0xdf, 0xf7, 0xbf, 0xff, 0xbe, 0xf7,
    0xdf, 0xf7, 0xbe, 0xf7, 0xbf, 0xff, 0xbf, 0xff, 0xbe, 0xf7, 0xbf, 0xff,
    0xbe, 0xf7, 0xbf, 0xff, 0xbe, 0xff, 0xbf, 0xf7, 0xbf, 0xff, 0xde, 0xff,
    0xbf, 0xf7, 0xbf, 0xff, 0xde, 0xff, 0xbf, 0xf7, 0xbf, 0xff, 0xbe, 0xff,
    0xdf, 0xf7, 0xbf, 0xff, 0xbf, 0xff, 0xbe, 0xf7, 0xdf, 0xff, 0xbf, 0xf7,
    0xbe, 0xff, 0xbf, 0xff, 0xbf, 0xf7, 0xdf, 0xf7, 0xf4, 0x9c, 0x41, 0x08,
    0x41, 0x08, 0x21, 0x08, 0x41, 0x08, 0x41, 0x08, 0x41, 0x08, 0x41, 0x08,
    0xf0, 0x7b, 0xdf, 0xff, 0xde, 0xf7, 0xbe, 0xf7, 0xdf, 0xff, 0xbe, 0xff,
    0xbf, 0xff, 0xbf, 0xf7, 0xbe, 0xff, 0xbf, 0xff, 0xde, 0xf7, 0xbe, 0xff,
    0xbf, 0xff, 0xbf, 0xf7, 0xde, 0xff, 0xbf, 0xf7, 0xbf, 0xff, 0xdf, 0xff,
    0xbf, 0xf7, 0xbe, 0xf7, 0xbf, 0xff, 0xbf, 0xff, 0xbe, 0xff, 0xbe, 0xf7,
    0xbe, 0xf7, 0xbe, 0xf7, 0xdf, 0xff, 0xbe, 0xf7, 0xdf, 0xff, 0xbe, 0xf7,
    0xbe, 0xf7, 0xdf, 0xff, 0xdb, 0xde, 0x21, 0x08, 0x41, 0x08, 0x41, 0x08,
    0x21, 0x00, 0x21, 0x00, 0x41, 0x08, 0x41, 0x08, 0x29, 0x42, 0xbe, 0xf7,
    0xdf, 0xff, 0xbe, 0xf7, 0xdf, 0xff, 0xdf, 0xff, 0xbe, 0xff, 0xbf, 0xff,
    0xbf, 0xf7, 0xbe, 0xff, 0xbf, 0xff, 0xdf, 0xf7, 0xbe, 0xff, 0xbf, 0xff,
    0xde, 0xff, 0xbf, 0xff, 0xdf, 0xff, 0xbe, 0xff, 0xbe, 0xf7, 0xbf, 0xff,
    0xbf, 0xff, 0xbe, 0xf7, 0xbf, 0xf7, 0xdf, 0xff, 0xbe, 0xf7, 0xbe, 0xff,
    0xbe, 0xf7, 0xbe, 0xf7, 0xbf, 0xff, 0xbe, 0xf7, 0xbf, 0xf7, 0xbe, 0xf7,
    0x5d, 0xef, 0xa3, 0x10, 0x41, 0x08, 0x41, 0x08, 0x21, 0x08, 0x41, 0x00,
    0x41, 0x08, 0x21, 0x00, 0xa3, 0x10, 0x5d, 0xef, 0xbe, 0xff, 0xdf, 0xf7,
    0xbe, 0xf7, 0xbf, 0xff, 0xbe, 0xff, 0xbf, 0xf7, 0xbf, 0xff, 0xbe, 0xf7,
    0xbf, 0xff, 0xbf, 0xff, 0xde, 0xf7, 0xbf, 0xff, 0xbf, 0xff, 0xbf, 0xf7,
    0xde, 0xff, 0xbf, 0xf7, 0xbf, 0xff, 0xde, 0xff, 0xbf, 0xff, 0xbe, 0xf7,
    0xbe, 0xf7, 0xbf, 0xff, 0xdf, 0xff, 0xbf, 0xf7, 0xbf, 0xff, 0xbf, 0xff,
    0xde, 0xf7, 0xbe, 0xf7, 0xbf, 0xff, 0xbe, 0xf7, 0xdf, 0xf7, 0x29, 0x42,
    0x41, 0x08, 0x21, 0x08, 0x41, 0x08, 0x41, 0x00, 0x41, 0x08, 0x21, 0x00,
    0x41, 0x08, 0xd7, 0xbd, 0xbf, 0xf7, 0xbe, 0xf7, 0xbf, 0xff, 0xbf, 0xff,
    0xbe, 0xf7, 0xbf, 0xff, 0xbe, 0xff, 0xdf, 0xf7, 0xbe, 0xff, 0xbf, 0xff,
    0xdf, 0xf7, 0xbe, 0xff, 0xbf, 0xff, 0xbf, 0xf7, 0xbe, 0xff, 0xdf, 0xff,
    0xbe, 0xf7, 0xbf, 0xff, 0xbf, 0xff, 0xde, 0xf7, 0xbf, 0xff, 0xbf, 0xff,
    0xbe, 0xf7, 0xbf, 0xff, 0xbf, 0xff, 0xde, 0xf7, 0xbf, 0xff, 0xbf, 0xf7,
    0xde, 0xf7, 0xbf, 0xff, 0xbf, 0xf7, 0xf0, 0x83, 0x41, 0x08, 0x41, 0x00,
    0x41, 0x08, 0x41, 0x08, 0x41, 0x08, 0x42, 0x08, 0x41, 0x08, 0x21, 0x08,
    0x41, 0x08, 0x75, 0xad, 0xbf, 0xf7, 0xdf, 0xff, 0xbe, 0xf7, 0xbe, 0xf7,
    0xbf, 0xf7, 0xbe, 0xff, 0xbf, 0xff, 0xbe, 0xf7, 0xdf, 0xff, 0xbe, 0xf7,
    0xbf, 0xff, 0xbf, 0xf7, 0xde, 0xff, 0xbf, 0xff, 0xbf, 0xf7, 0xde, 0xff,
    0xbf, 0xff, 0xbf, 0xf7, 0xbe, 0xff, 0xbf, 0xff, 0xbf, 0xf7, 0xbe, 0xf7,
    0xbf, 0xff, 0xbe, 0xf7, 0xbf, 0xff, 0xbe, 0xf7, 0xbf, 0xff, 0xbf, 0xff,
    0xbe, 0xf7, 0xbf, 0xf7, 0x10, 0x84, 0x41, 0x08, 0x21, 0x08, 0x41, 0x08,
    0x21, 0x00, 0x42, 0x08, 0x41, 0x08, 0x21, 0x00, 0x41, 0x08, 0x8e, 0x73,
    0xbe, 0xf7, 0xdf, 0xff, 0xbe, 0xf7, 0xbf, 0xff, 0xbf, 0xff, 0xde, 0xf7,
    0xdf, 0xff, 0xbf, 0xff, 0xde, 0xf7, 0xbf, 0xff, 0xbf, 0xff, 0xde, 0xf7,
    0xbf, 0xff, 0xbf, 0xf7, 0xde, 0xff, 0xbf, 0xf7, 0xbf, 0xf7, 0xbe, 0xff,
    0xdf, 0xff, 0xbe, 0xf7, 0xbf, 0xff, 0xbe, 0xf7, 0xbf, 0xff, 0xbe, 0xf7,
    0xdf, 0xff, 0xbe, 0xf7, 0xbf, 0xff, 0xbe, 0xf7, 0xbf, 0xff, 0xbe, 0xf7,
    0xf7, 0xbd, 0x21, 0x08, 0x21, 0x00, 0x42, 0x08, 0x21, 0x08, 0x41, 0x00,
    0x41, 0x08, 0x21, 0x08, 0x21, 0x08, 0xa7, 0x31, 0xbe, 0xf7, 0xdf, 0xff,
    0xbe, 0xf7, 0xdf, 0xff, 0xdf, 0xf7, 0xde, 0xf7, 0xbf, 0xff, 0xdf, 0xff,
    0xbe, 0xf7, 0xdf, 0xff, 0xbf, 0xf7, 0xde, 0xff, 0xbf, 0xf7, 0xbe, 0xff,
    0xbf, 0xf7, 0xbe, 0xff, 0xbf, 0xf7, 0xbf, 0xff, 0xbe, 0xff, 0xbf, 0xf7,
    0xdf, 0xff, 0xbe, 0xff, 0xbe, 0xf7, 0xbf, 0xf7, 0xbe, 0xff, 0xbe, 0xff,
    0xdf, 0xf7, 0xbf, 0xff, 0xbe, 0xf7, 0xdf, 0xff, 0x3c, 0xef, 0xa3, 0x18,
    0x41, 0x08, 0x41, 0x08, 0x41, 0x00, 0x41, 0x08, 0x21, 0x00, 0x41, 0x00,
    0x21, 0x08, 0xc3, 0x18, 0xdb, 0xde, 0xbe, 0xf7, 0xbf, 0xff, 0xdf, 0xf7,
    0xde, 0xf7, 0xbf, 0xff, 0xdf, 0xff, 0xbe, 0xf7, 0xbf, 0xff, 0xbf, 0xf7,
    0xbe, 0xff, 0xbf, 0xff, 0xbe, 0xf7, 0xbf, 0xff, 0xbe, 0xff, 0xbe, 0xf7,
    0xbf, 0xff, 0xde, 0xff, 0xdf, 0xff, 0xdf, 0xff, 0xbf, 0xf7, 0xdf, 0xff,
    0xbf, 0xff, 0xbf, 0xff, 0xbf, 0xff, 0xbe, 0xf7, 0xbf, 0xff, 0xbf, 0xff,
    0xbe, 0xff, 0xdf, 0xf7, 0xbe, 0xf7, 0x29, 0x42, 0x41, 0x08, 0x41, 0x08,
    0x21, 0x08, 0x41, 0x00, 0x41, 0x08, 0x41, 0x08, 0x21, 0x08, 0x41, 0x08,
    0x76, 0xad, 0xbe, 0xf7, 0xdf, 0xff, 0xbe, 0xf7, 0xbf, 0xf7, 0xbe, 0xff,
    0xdf, 0xff, 0xbe, 0xf7, 0xbe, 0xff, 0xdf, 0xff, 0xbe, 0xf7, 0xbf, 0xff,
    0xdf, 0xf7, 0xbe, 0xf7, 0xbf, 0xff, 0xbf, 0xff, 0xbe, 0xf7, 0xdf, 0xff,
    0xdf, 0xff, 0xbe, 0xff, 0xbf, 0xff, 0xbf, 0xff, 0xbe, 0xf7, 0xbf, 0xff,
    0xdf, 0xff, 0xbf, 0xf7, 0xbf, 0xff, 0xbf, 0xff, 0xbe, 0xff, 0xbf, 0xf7,
    0xdf, 0xff, 0xf0, 0x83, 0x41, 0x08, 0x41, 0x00, 0x21, 0x08, 0x21, 0x08,
    0x41, 0x08, 0x21, 0x00, 0x41, 0x08, 0x41, 0x08, 0x8e, 0x73, 0xbf, 0xf7,
    0xbe, 0xf7, 0xbf, 0xff, 0xbf, 0xff, 0xde, 0xf7, 0xbf, 0xff, 0xbf, 0xff,
    0xde, 0xf7, 0xbf, 0xff, 0xbe, 0xff, 0xbf, 0xf7, 0xde, 0xf7, 0xbf, 0xff,
    0xbe, 0xff, 0xbf, 0xf7, 0xdf, 0xff, 0xbe, 0xf7, 0xbf, 0xff, 0xbf, 0xff,
    0xdf, 0xff, 0xbe, 0xf7, 0xbf, 0xff, 0xdf, 0xff, 0xbe, 0xf7, 0xbe, 0xff,
    0xbf, 0xff, 0xbe, 0xf7, 0xdf, 0xff, 0xbf, 0xf7, 0xdf, 0xff, 0xd7, 0xbd,
    0x21, 0x08, 0x21, 0x00, 0x41, 0x08, 0x21, 0x00, 0x41, 0x08, 0x21, 0x08,
    0x42, 0x08, 0x41, 0x08, 0xa7, 0x31, 0xbf, 0xff, 0xbe, 0xf7, 0xdf, 0xff,
    0xbe, 0xf7, 0xdf, 0xff, 0xbf, 0xff, 0xbe, 0xf7, 0xbf, 0xff, 0xbf, 0xff,
    0xbe, 0xf7, 0xbf, 0xff, 0xde, 0xff, 0xbf, 0xf7, 0xbf, 0xff, 0xbe, 0xf7,
    0xdf, 0xff, 0xbf, 0xf7, 0xbe, 0xf7, 0xdf, 0xff, 0xbe, 0xf7, 0xbf, 0xff,
    0xdf, 0xff, 0xbe, 0xf7, 0xbf, 0xff, 0xdf, 0xff, 0xbe, 0xf7, 0xbf, 0xff,
    0xbf, 0xff, 0xde, 0xf7, 0xdf, 0xff, 0x5d, 0xef, 0xa3, 0x10, 0x41, 0x08,
    0x21, 0x00, 0x41, 0x08, 0x21, 0x08, 0x41, 0x08, 0x41, 0x00, 0x41, 0x08,
    0x41, 0x08, 0x21, 0x00, 0xa3, 0x18, 0x59, 0xce, 0xdf, 0xff, 0xbe, 0xff,
    0xdf, 0xff, 0xdf, 0xff, 0xbf, 0xf7, 0xbe, 0xff, 0xbf, 0xff, 0xbf, 0xf7,
    0xde, 0xff, 0xbf, 0xff, 0xbf, 0xf7, 0xbe, 0xff, 0xdf, 0xf7, 0xbe, 0xff,
    0xbf, 0xff, 0xdf, 0xf7, 0xbe, 0xff, 0xbf, 0xf7, 0xdf, 0xff, 0xbe, 0xff,
    0xdf, 0xff, 0xbe, 0xf7, 0xbf, 0xff, 0xbf, 0xff, 0xdf, 0xff, 0xbe, 0xf7,
    0xbe, 0xff, 0xdf, 0xf7, 0xf4, 0x9c, 0x21, 0x08, 0x21, 0x00, 0x41, 0x00,
    0x41, 0x08, 0x41, 0x08, 0x41, 0x08, 0x21, 0x00, 0x41, 0x08, 0x21, 0x00,
    0x41, 0x08, 0xf4, 0x9c, 0xbe, 0xf7, 0xbf, 0xff, 0xbf, 0xff, 0xdf, 0xff,
    0xbe, 0xf7, 0xbf, 0xff, 0xbe, 0xf7, 0xbf, 0xff, 0xbf, 0xff, 0xbe, 0xff,
    0xbf, 0xff, 0xde, 0xf7, 0xbf, 0xff, 0xbf, 0xff, 0xde, 0xff, 0xbf, 0xf7,
    0xbf, 0xff, 0xbe, 0xf7, 0xdf, 0xff, 0xbf, 0xff, 0xbe, 0xff, 0xdf, 0xff,
    0xbf, 0xff, 0xbe, 0xf7, 0xdf, 0xff, 0xbe, 0xf7, 0xbf, 0xff, 0xdf, 0xff,
    0x79, 0xce, 0xa3, 0x18, 0x41, 0x08, 0x41, 0x00, 0x21, 0x08, 0x41, 0x08,
    0x21, 0x00, 0x41, 0x08, 0x41, 0x08, 0x41, 0x08, 0x41, 0x08, 0x0c, 0x63,
    0xdf, 0xf7, 0xbf, 0xff, 0xbe, 0xff, 0xbe, 0xff, 0xbf, 0xff, 0xbf, 0xf7,
    0xbe, 0xff, 0xdf, 0xff, 0xbf, 0xf7, 0xbe, 0xff, 0xbf, 0xff, 0xdf, 0xff,
    0xbe, 0xf7, 0xdf, 0xff, 0xbf, 0xff, 0xde, 0xf7, 0xbf, 0xff, 0xbe, 0xff,
    0xdf, 0xf7, 0xbf, 0xff, 0xbe, 0xff, 0xbf, 0xf7, 0xdf, 0xff, 0xbf, 0xff,
    0xbe, 0xf7, 0xbf, 0xff, 0xbe, 0xf7, 0xbf, 0xff, 0x5d, 0xef, 0xa6, 0x31,
    0x41, 0x00, 0x21, 0x08, 0x21, 0x00, 0x41, 0x08, 0x41, 0x08, 0x41, 0x08,
    0x21, 0x00, 0x41, 0x08, 0x41, 0x08, 0xa6, 0x31, 0x5d, 0xef, 0xbf, 0xf7,
    0xbf, 0xff, 0xde, 0xf7, 0xbf, 0xff, 0xbe, 0xf7, 0xdf, 0xff, 0xbf, 0xff,
    0xdf, 0xf7, 0xdf, 0xff, 0xbe, 0xf7, 0xdf, 0xff, 0xbf, 0xff, 0xdf, 0xf7,
    0xbe, 0xff, 0xdf, 0xff, 0xbf, 0xff, 0xbe, 0xf7, 0xbe, 0xf7, 0xbf, 0xff,
    0xbe, 0xff, 0xdf, 0xf7, 0xbe, 0xff, 0xbf, 0xff, 0xbf, 0xff, 0xdf, 0xf7,
    0xbe, 0xff, 0xbf, 0xff, 0xdf, 0xff, 0x0c, 0x63, 0x21, 0x08, 0x21, 0x00,
    0x41, 0x00, 0x41, 0x08, 0x41, 0x08, 0x21, 0x08, 0x21, 0x00, 0x41, 0x08,
    0x41, 0x08, 0xa3, 0x18, 0x79, 0xce, 0xbe, 0xf7, 0xdf, 0xff, 0xdf, 0xf7,
    0xbf, 0xff, 0xbe, 0xf7, 0xbf, 0xff, 0xdf, 0xf7, 0xbf, 0xff, 0xbe, 0xff,
    0xbf, 0xf7, 0xbf, 0xff, 0xbe, 0xff, 0xdf, 0xf7, 0xdf, 0xff, 0xdf, 0xff,
    0xbf, 0xf7, 0xbe, 0xf7, 0xdf, 0xff, 0xbf, 0xf7, 0xbe, 0xff, 0xdf, 0xff,
    0xbf, 0xff, 0xbe, 0xf7, 0xbf, 0xff, 0xdf, 0xff, 0xdf, 0xff, 0xbe, 0xf7,
    0xdf, 0xff, 0xf4, 0x9c, 0x21, 0x08, 0x41, 0x08, 0x41, 0x00, 0x41, 0x08,
    0x41, 0x08, 0x41, 0x08, 0x21, 0x00, 0x41, 0x08, 0x21, 0x08, 0x41, 0x08,
    0xf4, 0x9c, 0xdf, 0xff, 0xbe, 0xff, 0xbe, 0xf7, 0xbf, 0xff, 0xdf, 0xff,
    0xbe, 0xf7, 0xbf, 0xff, 0xdf, 0xf7, 0xbf, 0xff, 0xbe, 0xff, 0xbf, 0xf7,
    0xdf, 0xff, 0xbe, 0xff, 0xbf, 0xff, 0xbe, 0xf7, 0xdf, 0xff, 0xbe, 0xf7,
    0xbf, 0xf7, 0xdf, 0xff, 0xbe, 0xff, 0xbf, 0xf7, 0xbe, 0xff, 0xbe, 0xf7,
    0xdf, 0xff, 0xbe, 0xf7, 0xbf, 0xff, 0xdf, 0xff, 0xbf, 0xf7, 0x59, 0xce,
    0xa3, 0x18, 0x41, 0x08, 0x41, 0x08, 0x41, 0x08, 0x21, 0x00, 0x41, 0x08,
    0x41, 0x08, 0x21, 0x00, 0x41, 0x08, 0x41, 0x08, 0x0c, 0x63, 0xbf, 0xff,
    0xbe, 0xf7, 0xdf, 0xff, 0xbf, 0xff, 0xbe, 0xf7, 0xdf, 0xff, 0xbf, 0xff,
    0xde, 0xf7, 0xbf, 0xf7, 0xbf, 0xff, 0xbe, 0xff, 0xdf, 0xf7, 0xbe, 0xff,
    0xbf, 0xff, 0xbf, 0xf7, 0xbe, 0xff, 0xdf, 0xff, 0xbf, 0xff, 0xbe, 0xf7,
    0xbf, 0xff, 0xde, 0xf7, 0xbf, 0xff, 0xbe, 0xff, 0xbf, 0xf7, 0xbe, 0xff,
    0xbf, 0xff, 0xbe, 0xff, 0xdf, 0xf7, 0x5d, 0xef, 0xa6, 0x31, 0x41, 0x08,
    0x21, 0x08, 0x21, 0x00, 0x41, 0x08, 0x41, 0x08, 0x21, 0x08, 0x41, 0x08,
    0x21, 0x08, 0x21, 0x00, 0x41, 0x08, 0x41, 0x08, 0x41, 0x00, 0x10, 0x84,
    0xdb, 0xde, 0xbf, 0xf7, 0xde, 0xf7, 0xdf, 0xff, 0xbf, 0xf7, 0xde, 0xff,
    0xbf, 0xff, 0xbf, 0xf7, 0xde, 0xff, 0xbf, 0xff, 0xbf, 0xf7, 0xbe, 0xff,
    0xbf, 0xf7, 0xbf, 0xff, 0xbe, 0xff, 0xbe, 0xf7, 0xdf, 0xff, 0xbf, 0xf7,
    0xbe, 0xff, 0xbe, 0xf7, 0xbf, 0xff, 0xbf, 0xf7, 0xbe, 0xf7, 0xbf, 0xff,
    0xbe, 0xf7, 0xdb, 0xde, 0x8a, 0x52, 0x41, 0x08, 0x41, 0x08, 0x21, 0x08,
    0x41, 0x08, 0x21, 0x00, 0x41, 0x08, 0x21, 0x00, 0x41, 0x08, 0x41, 0x08,
    0x21, 0x00, 0x41, 0x08, 0x41, 0x08, 0xaa, 0x52, 0x59, 0xce, 0xbe, 0xf7,
    0xbe, 0xf7, 0xbf, 0xff, 0xdf, 0xff, 0xbe, 0xf7, 0xbf, 0xff, 0xde, 0xf7,
    0xbf, 0xf7, 0xbf, 0xff, 0xbe, 0xff, 0xbf, 0xf7, 0xbf, 0xff, 0xde, 0xff,
    0xbf, 0xff, 0xbf, 0xf7, 0xbe, 0xff, 0xbf, 0xf7, 0xdf, 0xff, 0xdf, 0xff,
    0xbe, 0xf7, 0xbf, 0xff, 0xbe, 0xf7, 0xbe, 0xff, 0xbf, 0xf7, 0x5d, 0xef,
    0xf0, 0x83, 0x41, 0x08, 0x41, 0x00, 0x41, 0x08, 0x41, 0x08, 0x41, 0x08,
    0x41, 0x08, 0x21, 0x00, 0x41, 0x08, 0x21, 0x00, 0x21, 0x00, 0x41, 0x08,
    0x41, 0x08, 0xa6, 0x31, 0x75, 0xad, 0xdf, 0xf7, 0xbf, 0xf7, 0xbf, 0xff,
    0xdf, 0xff, 0xbe, 0xf7, 0xbf, 0xff, 0xbf, 0xff, 0xbe, 0xf7, 0xbf, 0xff,
    0xbf, 0xff, 0xbe, 0xf7, 0xbf, 0xff, 0xdf, 0xff, 0xbe, 0xf7, 0xbf, 0xff,
    0xdf, 0xf7, 0xbe, 0xff, 0xbf, 0xf7, 0xbe, 0xf7, 0xbf, 0xff, 0xbe, 0xf7,
    0xbf, 0xff, 0xbf, 0xff, 0xbe, 0xf7, 0xdf, 0xff, 0xf3, 0xa4, 0xa3, 0x10,
    0x41, 0x08, 0x41, 0x08, 0x21, 0x00, 0x21, 0x08, 0x41, 0x08, 0x41, 0x08,
    0x21, 0x08, 0x41, 0x08, 0x21, 0x00, 0x21, 0x08, 0x41, 0x00, 0xc3, 0x18,
    0xf3, 0xa4, 0xbf, 0xf7, 0xdf, 0xff, 0xbe, 0xff, 0xbf, 0xf7, 0xbe, 0xff,
    0xbe, 0xff, 0xbf, 0xf7, 0xbe, 0xff, 0xbf, 0xff, 0xbf, 0xf7, 0xde, 0xff,
    0xbf, 0xf7, 0xbf, 0xf7, 0xbf, 0xff, 0xbf, 0xf7, 0xdf, 0xff, 0xdf, 0xff,
    0xbe, 0xff, 0xbe, 0xf7, 0xbe, 0xf7, 0xbf, 0xff, 0xbe, 0xf7, 0xdf, 0xff,
    0xbe, 0xf7, 0xbf, 0xf7, 0xf7, 0xbd, 0xa6, 0x31, 0x41, 0x08, 0x41, 0x08,
    0x41, 0x08, 0x41, 0x08, 0x41, 0x08, 0x21, 0x00, 0x42, 0x08, 0x41, 0x08,
    0x41, 0x00, 0x41, 0x08, 0x41, 0x08, 0x21, 0x00, 0xf0, 0x83, 0x5d, 0xe7,
    0xde, 0xff, 0xbf, 0xff, 0xbf, 0xf7, 0xbe, 0xff, 0xbf, 0xff, 0xbf, 0xf7,
    0xde, 0xff, 0xbf, 0xff, 0xbe, 0xff, 0xbf, 0xf7, 0xbe, 0xff, 0xbe, 0xff,
    0xbf, 0xf7, 0xdf, 0xff, 0xbf, 0xff, 0xbe, 0xf7, 0xdf, 0xff, 0xbe, 0xf7,
    0xbf, 0xff, 0xbe, 0xf7, 0xbe, 0xff, 0xbf, 0xf7, 0xbe, 0xf7, 0xbe, 0xf7,
    0xdb, 0xde, 0x8a, 0x52, 0x41, 0x08, 0x41, 0x08, 0x21, 0x00, 0x21, 0x08,
    0x21, 0x00, 0x41, 0x00, 0x41, 0x08, 0x41, 0x08, 0x21, 0x00, 0x41, 0x08,
    0x21, 0x00, 0x41, 0x08, 0x8a, 0x52, 0xdb, 0xde, 0xbf, 0xf7, 0xbf, 0xff,
    0xbe, 0xf7, 0xbf, 0xff, 0xbe, 0xff, 0xbf, 0xf7, 0xde, 0xff, 0xbf, 0xff,
    0xbf, 0xf7, 0xbe, 0xff, 0xdf, 0xf7, 0xbf, 0xff, 0xbe, 0xff, 0xbf, 0xff,
    0xbf, 0xff, 0xbe, 0xf7, 0xbf, 0xff, 0xdf, 0xff, 0xbe, 0xf7, 0xbf, 0xf7,
    0xbf, 0xff, 0xbe, 0xf7, 0xbf, 0xff, 0xbf, 0xff, 0x5d, 0xef, 0xef, 0x83,
    0x41, 0x08, 0x41, 0x00, 0x41, 0x08, 0x41, 0x08, 0x41, 0x08, 0x41, 0x08,
    0x41, 0x08, 0x21, 0x00, 0x41, 0x08, 0x21, 0x08, 0x21, 0x00, 0x41, 0x08,
    0xa7, 0x31, 0xd7, 0xbd, 0xbf, 0xff, 0xbe, 0xf7, 0xbf, 0xf7, 0xbf, 0xff,
    0xde, 0xff, 0xbf, 0xf7, 0xbf, 0xff, 0xde, 0xff, 0xbf, 0xf7, 0xbf, 0xff,
    0xde, 0xff, 0xbf, 0xf7, 0xbe, 0xff, 0xdf, 0xff, 0xbf, 0xff, 0xbe, 0xf7,
    0xbf, 0xff, 0xbf, 0xff, 0xbe, 0xf7, 0xdf, 0xff, 0xbf, 0xf7, 0xde, 0xff,
    0xdf, 0xf7, 0xbf, 0xff, 0xbe, 0xf7, 0xf3, 0x9c, 0xc3, 0x18, 0x21, 0x00,
    0x41, 0x08, 0x41, 0x08, 0x41, 0x08, 0x21, 0x00, 0x41, 0x08, 0x41, 0x08,
    0x41, 0x08, 0x41, 0x00, 0x21, 0x08, 0xa7, 0x31, 0x41, 0x08, 0x21, 0x00,
    0x41, 0x00, 0x41, 0x00, 0xa6, 0x31, 0x28, 0x42, 0x08, 0x42, 0x28, 0x42,
    0x28, 0x42, 0x29, 0x42, 0x08, 0x42, 0x28, 0x42, 0x28, 0x42, 0x29, 0x42,
    0x28, 0x42, 0x28, 0x42, 0x29, 0x42, 0x28, 0x42, 0x28, 0x42, 0x29, 0x42,
    0x08, 0x42, 0x29, 0x42, 0x28, 0x42, 0x28, 0x42, 0x29, 0x42, 0x28, 0x42,
    0x29, 0x42, 0xa7, 0x31, 0x41, 0x08, 0x41, 0x08, 0x41, 0x08, 0x21, 0x08,
    0x25, 0x21, 0x41, 0x08, 0x41, 0x08, 0x41, 0x08, 0x21, 0x00, 0x41, 0x08,
    0x21, 0x08, 0xa7, 0x31, 0x21, 0x08, 0x41, 0x08, 0x41, 0x08, 0x21, 0x08,
    0x25, 0x21, 0x28, 0x42, 0x29, 0x42, 0x28, 0x42, 0x29, 0x42, 0x28, 0x42,
    0x28, 0x42, 0x29, 0x42, 0x28, 0x42, 0x28, 0x42, 0x28, 0x42, 0x28, 0x42,
    0x08, 0x42, 0x28, 0x42, 0x29, 0x42, 0x28, 0x42, 0x28, 0x42, 0x08, 0x42,
    0x29, 0x42, 0x28, 0x42, 0x08, 0x42, 0x29, 0x42, 0x29, 0x42, 0x08, 0x42,
    0x41, 0x08, 0x21, 0x08, 0x41, 0x08, 0x21, 0x00, 0x25, 0x21, 0x21, 0x08,
    0x41, 0x08, 0x41, 0x08, 0x21, 0x00, 0x42, 0x08, 0x41, 0x08, 0xa7, 0x31,
    0x41, 0x08, 0x21, 0x00, 0x21, 0x08, 0x41, 0x08, 0xc3, 0x18, 0x28, 0x42,
    0x28, 0x42, 0x28, 0x42, 0x28, 0x42, 0x28, 0x42, 0x29, 0x42, 0x28, 0x42,
    0x28, 0x42, 0x28, 0x42, 0x29, 0x42, 0x28, 0x42, 0x08, 0x42, 0x28, 0x42,
    0x29, 0x42, 0x28, 0x42, 0x08, 0x42, 0x29, 0x42, 0x29, 0x42, 0x28, 0x42,
    0x29, 0x42, 0x28, 0x42, 0x28, 0x42, 0x29, 0x42, 0xa3, 0x10, 0x41, 0x08,
    0x41, 0x08, 0x41, 0x08, 0x41, 0x08, 0x25, 0x21, 0x41, 0x08, 0x21, 0x00,
    0x21, 0x00, 0x42, 0x08, 0x41, 0x08, 0x25, 0x21, 0xa3, 0x18, 0x41, 0x08,
    0x21, 0x00, 0x41, 0x08, 0x41, 0x00, 0x28, 0x42, 0x29, 0x42, 0x28, 0x42,
    0x29, 0x42, 0x28, 0x42, 0x28, 0x42, 0x29, 0x42, 0x28, 0x42, 0x08, 0x42,
    0x28, 0x42, 0x28, 0x42, 0x28, 0x42, 0x28, 0x42, 0x28, 0x42, 0x28, 0x42,
    0x09, 0x42, 0x29, 0x42, 0x29, 0x42, 0x29, 0x42, 0x08, 0x42, 0x29, 0x42,
    0x28, 0x42, 0x08, 0x42, 0x25, 0x29, 0x41, 0x08, 0x41, 0x08, 0x41, 0x00,
    0x41, 0x08, 0x25, 0x21, 0x21, 0x08, 0x41, 0x08, 0x21, 0x00, 0x21, 0x08,
    0x41, 0x08, 0x41, 0x08, 0xa7, 0x31, 0x21, 0x00, 0x21, 0x08, 0x41, 0x08,
    0x41, 0x08, 0xa6, 0x31, 0x28, 0x42, 0x29, 0x42, 0x28, 0x42, 0x28, 0x42,
    0x28, 0x42, 0x29, 0x42, 0x28, 0x42, 0x28, 0x42, 0x29, 0x42, 0x28, 0x42,
    0x29, 0x42, 0x28, 0x42, 0x08, 0x42, 0x28, 0x42, 0x28, 0x42, 0x09, 0x42,
    0x28, 0x42, 0x29, 0x42, 0x29, 0x42, 0x29, 0x42, 0x28, 0x42, 0x29, 0x42,
    0xa7, 0x31, 0x41, 0x08, 0x21, 0x08, 0x41, 0x08, 0x41, 0x08, 0x25, 0x21,
    0x41, 0x08, 0x41, 0x08, 0x21, 0x08, 0x41, 0x08, 0x41, 0x08, 0x41, 0x08,
    0xa7, 0x31, 0x41, 0x08, 0x21, 0x08, 0x41, 0x08, 0x41, 0x08, 0x25, 0x21,
    0x28, 0x42, 0x28, 0x42, 0x29, 0x42, 0x28, 0x42, 0x28, 0x42, 0x09, 0x42,
    0x28, 0x42, 0x28, 0x42, 0x28, 0x42, 0x29, 0x42, 0x28, 0x42, 0x28, 0x42,
    0x29, 0x42, 0x28, 0x42, 0x28, 0x42, 0x28, 0x42, 0x29, 0x42, 0x28, 0x42,
    0x29, 0x42, 0x29, 0x42, 0x28, 0x42, 0x28, 0x42, 0x29, 0x42, 0x21, 0x08,
    0x41, 0x08, 0x21, 0x00, 0x21, 0x08, 0x25, 0x21, 0x41, 0x00, 0x21, 0x00,
    0x21, 0x08, 0x21, 0x00, 0x41, 0x08, 0x41, 0x08, 0xa7, 0x31, 0x21, 0x08,
    0x41, 0x08, 0x41, 0x00, 0x41, 0x08, 0xa3, 0x10, 0x28, 0x42, 0x28, 0x42,
    0x28, 0x42, 0x28, 0x42, 0x09, 0x42, 0x28, 0x42, 0x28, 0x42, 0x29, 0x42,
    0x08, 0x42, 0x28, 0x42, 0x29, 0x42, 0x28, 0x42, 0x28, 0x42, 0x08, 0x42,
    0x28, 0x42, 0x29, 0x42, 0x28, 0x42, 0x28, 0x42, 0x29, 0x42, 0x29, 0x42,
    0x08, 0x42, 0x28, 0x42, 0x29, 0x42, 0x41, 0x08, 0x21, 0x08, 0x41, 0x08,
    0x41, 0x08, 0x41, 0x08, 0x25, 0x21, 0x41, 0x08, 0x21, 0x00, 0x21, 0x08,
    0x41, 0x00, 0x41, 0x08, 0x41, 0x08, 0x41, 0x08, 0x19, 0xc6, 0x8b, 0x52,
    0x04, 0x21, 0x21, 0x08, 0x41, 0x08, 0x41, 0x08, 0x41, 0x08, 0x41, 0x08,
    0x41, 0x08, 0x41, 0x08, 0x41, 0x08, 0x41, 0x08, 0x41, 0x08, 0x41, 0x08,
    0x41, 0x08, 0x41, 0x08, 0x41, 0x08, 0x41, 0x08, 0x41, 0x08, 0x41, 0x08,
    0x41, 0x08, 0x41, 0x08, 0x41, 0x08, 0x41, 0x08, 0x41, 0x08, 0x41, 0x08,
    0x41, 0x08, 0x41, 0x08, 0x41, 0x08, 0x41, 0x08, 0x41, 0x08, 0x65, 0x29,
    0x6d, 0x6b, 0x92, 0x94, 0x21, 0x08, 0x41, 0x00, 0x41, 0x08, 0x41, 0x08,
    0x21, 0x00, 0x41, 0x08, 0xf4, 0x9c, 0x4e, 0x6b, 0x65, 0x29, 0x41, 0x08,
    0x41, 0x08, 0x41, 0x08, 0x41, 0x08, 0x41, 0x08, 0x41, 0x08, 0x41, 0x08,
    0x41, 0x08, 0x41, 0x08, 0x41, 0x08, 0x41, 0x08, 0x41, 0x08, 0x41, 0x08,
    0x41, 0x08, 0x41, 0x08, 0x41, 0x08, 0x41, 0x08, 0x41, 0x08, 0x41, 0x08,
    0x41, 0x08, 0x41, 0x08, 0x41, 0x08, 0x41, 0x08, 0x41, 0x08, 0x41, 0x08,
    0x41, 0x08, 0x41, 0x00, 0x41, 0x08, 0x04, 0x21, 0xaa, 0x52, 0xb7, 0xb5,
    0x41, 0x08, 0x21, 0x08, 0x41, 0x00, 0x41, 0x08, 0x21, 0x08, 0x41, 0x08,
    0x6e, 0x6b, 0x92, 0x94, 0xc7, 0x39, 0x41, 0x08, 0x41, 0x08, 0x41, 0x00,
    0x41, 0x08, 0x41, 0x08, 0x41, 0x08, 0x41, 0x08, 0x41, 0x08, 0x41, 0x08,
    0x41, 0x08, 0x41, 0x08, 0x41, 0x08, 0x41, 0x08, 0x41, 0x08, 0x41, 0x08,
    0x41, 0x08, 0x41, 0x08, 0x41, 0x08, 0x41, 0x08, 0x41, 0x08, 0x41, 0x08,
    0x41, 0x08, 0x41, 0x08, 0x41, 0x08, 0x41, 0x08, 0x41, 0x08, 0x21, 0x08,
    0x41, 0x08, 0xa2, 0x10, 0x29, 0x42, 0xf4, 0x9c, 0xc8, 0x39, 0x41, 0x08,
    0x41, 0x08, 0x41, 0x08, 0x21, 0x00, 0x41, 0x08, 0xc8, 0x39, 0x55, 0xad,
    0x29, 0x4a, 0xa2, 0x10, 0x41, 0x08, 0x41, 0x08, 0x41, 0x08, 0x41, 0x08,
    0x41, 0x08, 0x41, 0x08, 0x41, 0x08, 0x41, 0x08, 0x41, 0x08, 0x41, 0x08,
    0x41, 0x08, 0x41, 0x08, 0x41, 0x08, 0x41, 0x08, 0x41, 0x08, 0x41, 0x08,
    0x41, 0x08, 0x41, 0x08, 0x41, 0x08, 0x41, 0x08, 0x41, 0x08, 0x41, 0x08,
    0x41, 0x08, 0x41, 0x00, 0x41, 0x08, 0x41, 0x08, 0x41, 0x08, 0x41, 0x08,
    0xc7, 0x39, 0x31, 0x84, 0x6e, 0x6b, 0x41, 0x08, 0x21, 0x00, 0x41, 0x08,
    0x41, 0x00, 0x21, 0x08, 0x21, 0x00, 0x19, 0xc6, 0xaa, 0x52, 0x04, 0x21,
    0x41, 0x08, 0x41, 0x00, 0x41, 0x08, 0x41, 0x08, 0x41, 0x08, 0x41, 0x08,
    0x41, 0x08, 0x41, 0x08, 0x41, 0x08, 0x41, 0x08, 0x41, 0x08, 0x41, 0x08,
    0x41, 0x08, 0x41, 0x08, 0x41, 0x08, 0x41, 0x08, 0x41, 0x08, 0x41, 0x08,
    0x41, 0x08, 0x41, 0x08, 0x41, 0x08, 0x41, 0x08, 0x41, 0x08, 0x41, 0x08,
    0x21, 0x08, 0x41, 0x08, 0x41, 0x08, 0x41, 0x08, 0x66, 0x29, 0x6e, 0x6b,
    0x92, 0x94, 0x41, 0x08, 0x21, 0x00, 0x41, 0x08, 0x21, 0x00, 0x21, 0x00,
    0x41, 0x08, 0xf4, 0x9c, 0x6e, 0x6b, 0x66, 0x29, 0x21, 0x08, 0x41, 0x08,
    0x41, 0x08, 0x41, 0x08, 0x41, 0x08, 0x41, 0x08, 0x41, 0x08, 0x41, 0x08,
    0x41, 0x08, 0x41, 0x08, 0x41, 0x08, 0x41, 0x08, 0x41, 0x08, 0x41, 0x08,
    0x41, 0x08, 0x41, 0x08, 0x41, 0x08, 0x41, 0x08, 0x41, 0x08, 0x41, 0x08,
    0x41, 0x08, 0x41, 0x08, 0x41, 0x08, 0x41, 0x08, 0x41, 0x08, 0x41, 0x08,
    0x41, 0x08, 0x41, 0x00, 0x04, 0x21, 0xaa, 0x52, 0xb7, 0xbd, 0x41, 0x08,
    0x41, 0x08, 0x41, 0x08, 0x21, 0x00, 0x41, 0x08, 0x41, 0x08, 0x6e, 0x6b,
    0x92, 0x94, 0xc7, 0x39, 0x41, 0x08, 0x21, 0x08, 0x41, 0x08, 0x41, 0x08,
    0x41, 0x08, 0x41, 0x08, 0x41, 0x08, 0x41, 0x08, 0x41, 0x08, 0x41, 0x08,
    0x41, 0x08, 0x41, 0x08, 0x41, 0x08, 0x41, 0x08, 0x41, 0x08, 0x41, 0x08,
    0x41, 0x08, 0x41, 0x08, 0x41, 0x08, 0x41, 0x08, 0x41, 0x08, 0x41, 0x08,
    0x41, 0x08, 0x41, 0x08, 0x41, 0x08, 0x41, 0x08, 0x41, 0x08, 0x41, 0x08,
    0x83, 0x10, 0x29, 0x42, 0xf4, 0x9c, 0xc7, 0x39, 0x41, 0x08, 0x41, 0x08,
    0x41, 0x08, 0x41, 0x08, 0x21, 0x08, 0x41, 0x08, 0x21, 0x08, 0x9a, 0xd6,
    0x7a, 0xd6, 0x7a, 0xd6, 0x9a, 0xd6, 0x7a, 0xd6, 0x9a, 0xd6, 0x9a, 0xd6,
    0x7a, 0xd6, 0x7a, 0xd6, 0x7a, 0xd6, 0x7a, 0xd6, 0x9a, 0xce, 0x7a, 0xd6,
    0x7a, 0xd6, 0x7a, 0xd6, 0x7a, 0xd6, 0x7a, 0xce, 0x7a, 0xd6, 0x7a, 0xd6,
    0x7a, 0xd6, 0x9a, 0xd6, 0x7a, 0xd6, 0x7a, 0xd6, 0x9a, 0xd6, 0x7a, 0xd6,
    0x9a, 0xd6, 0x7a, 0xd6, 0x9a, 0xd6, 0x79, 0xd6, 0x7a, 0xd6, 0x7a, 0xd6,
    0x9a, 0xd6, 0x9a, 0xd6, 0xf4, 0x9c, 0x21, 0x08, 0x41, 0x08, 0x21, 0x00,
    0x41, 0x08, 0x21, 0x08, 0x41, 0x08, 0x14, 0x9d, 0x7a, 0xd6, 0x7a, 0xd6,
    0x9a, 0xd6, 0x7a, 0xd6, 0x9a, 0xd6, 0x7a, 0xd6, 0x7a, 0xd6, 0x7a, 0xd6,
    0x7a, 0xd6, 0x7a, 0xd6, 0x7a, 0xd6, 0x7a, 0xd6, 0x7a, 0xd6, 0x7a, 0xce,
    0x9a, 0xd6, 0x7a, 0xd6, 0x7a, 0xce, 0x9a, 0xd6, 0x7a, 0xd6, 0x7a, 0xd6,
    0x9a, 0xce, 0x7a, 0xd6, 0x7a, 0xd6, 0x9a, 0xce, 0x7a, 0xd6, 0x7a, 0xd6,
    0x9a, 0xd6, 0x9a, 0xd6, 0x7a, 0xd6, 0x9a, 0xd6, 0x9a, 0xd6, 0x7a, 0xd6,
    0x7a, 0xd6, 0x41, 0x08, 0x41, 0x00, 0x41, 0x08, 0x21, 0x08, 0x41, 0x08,
    0x21, 0x00, 0x6e, 0x6b, 0x7a, 0xd6, 0x9a, 0xd6, 0x7a, 0xd6, 0x9a, 0xd6,
    0x9a, 0xd6, 0x7a, 0xd6, 0x7a, 0xd6, 0x7a, 0xd6, 0x7a, 0xd6, 0x7a, 0xd6,
    0x7a, 0xce, 0x7a, 0xd6, 0x7a, 0xd6, 0x7a, 0xce, 0x9a, 0xd6, 0x7a, 0xd6,
    0x7a, 0xce, 0x9a, 0xd6, 0x7a, 0xd6, 0x7a, 0xd6, 0x9a, 0xd6, 0x7a, 0xd6,
    0x79, 0xd6, 0x7a, 0xd6, 0x9a, 0xd6, 0x7a, 0xd6, 0x9a, 0xd6, 0x9a, 0xd6,
    0x9a, 0xd6, 0x7a, 0xd6, 0x9a, 0xd6, 0x7a, 0xd6, 0x7a, 0xd6, 0xc7, 0x39,
    0x41, 0x08, 0x41, 0x08, 0x21, 0x00, 0x41, 0x08, 0x41, 0x08, 0xc7, 0x39,
    0x9a, 0xd6, 0x9a, 0xd6, 0x7a, 0xd6, 0x7a, 0xd6, 0x9a, 0xd6, 0x7a, 0xce,
    0x7a, 0xd6, 0x7a, 0xd6, 0x7a, 0xce, 0x7a, 0xd6, 0x7a, 0xd6, 0x7a, 0xce,
    0x9a, 0xd6, 0x7a, 0xd6, 0x7a, 0xd6, 0x7a, 0xd6, 0x9a, 0xd6, 0x9a, 0xd6,
    0x7a, 0xd6, 0x7a, 0xd6, 0x9a, 0xd6, 0x79, 0xd6, 0x7a, 0xd6, 0x9a, 0xd6,
    0x9a, 0xd6, 0x7a, 0xd6, 0x9a, 0xd6, 0x9a, 0xd6, 0x7a, 0xd6, 0x7a, 0xce,
    0x7a, 0xd6, 0x7a, 0xd6, 0x7a, 0xd6, 0x6d, 0x6b, 0x21, 0x08, 0x21, 0x08,
    0x41, 0x08, 0x41, 0x08, 0x41, 0x08, 0x21, 0x00, 0x9a, 0xd6, 0x9a, 0xd6,
    0x9a, 0xd6, 0x7a, 0xd6, 0x7a, 0xd6, 0x7a, 0xd6, 0x7a, 0xd6, 0x7a, 0xce,
    0x7a, 0xd6, 0x7a, 0xd6, 0x7a, 0xce, 0x7a, 0xd6, 0x7a, 0xd6, 0x7a, 0xce,
    0x7a, 0xd6, 0x9a, 0xd6, 0x9a, 0xd6, 0x7a, 0xd6, 0x7a, 0xd6, 0x9a, 0xd6,
    0x7a, 0xd6, 0x7a, 0xd6, 0x7a, 0xd6, 0x79, 0xd6, 0x9a, 0xd6, 0x79, 0xce,
    0x7a, 0xd6, 0x9a, 0xd6, 0x79, 0xd6, 0x7a, 0xce, 0x7a, 0xd6, 0x9a, 0xd6,
    0x7a, 0xd6, 0xf4, 0x9c, 0x21, 0x08, 0x41, 0x08, 0x41, 0x00, 0x21, 0x08,
    0x41, 0x08, 0x42, 0x08, 0xf4, 0xa4, 0x7a, 0xd6, 0x9a, 0xd6, 0x9a, 0xd6,
    0x9a, 0xd6, 0x7a, 0xd6, 0x7a, 0xd6, 0x7a, 0xd6, 0x7a, 0xd6, 0x7a, 0xce,
    0x9a, 0xd6, 0x7a, 0xd6, 0x7a, 0xce, 0x7a, 0xd6, 0x7a, 0xd6, 0x7a, 0xce,
    0x7a, 0xd6, 0x7a, 0xd6, 0x7a, 0xce, 0x7a, 0xd6, 0x7a, 0xd6, 0x7a, 0xce,
    0x7a, 0xd6, 0x9a, 0xd6, 0x79, 0xd6, 0x9a, 0xd6, 0x7a, 0xd6, 0x7a, 0xd6,
    0x9a, 0xd6, 0x7a, 0xce, 0x9a, 0xd6, 0x9a, 0xd6, 0x7a, 0xd6, 0x9a, 0xd6,
    0x41, 0x08, 0x21, 0x00, 0x41, 0x08, 0x41, 0x08, 0x21, 0x08, 0x41, 0x08,
    0x4d, 0x6b, 0x9a, 0xd6, 0x7a, 0xd6, 0x7a, 0xd6, 0x9a, 0xce, 0x9a, 0xd6,
    0x7a, 0xd6, 0x7a, 0xd6, 0x7a, 0xd6, 0x9a, 0xd6, 0x7a, 0xd6, 0x7a, 0xd6,
    0x9a, 0xce, 0x7a, 0xd6, 0x7a, 0xd6, 0x9a, 0xce, 0x7a, 0xd6, 0x7a, 0xd6,
    0x7a, 0xce, 0x9a, 0xd6, 0x7a, 0xd6, 0x7a, 0xce, 0x7a, 0xd6, 0x9a, 0xd6,
    0x7a, 0xd6, 0x9a, 0xd6, 0x7a, 0xd6, 0x7a, 0xd6, 0x7a, 0xce, 0x9a, 0xd6,
    0x9a, 0xd6, 0x9a, 0xd6, 0x79, 0xce, 0x9a, 0xd6, 0xc7, 0x39, 0x21, 0x00,
    0x41, 0x08, 0x21, 0x00, 0x41, 0x08, 0x42, 0x08, 0x41, 0x00, 0x41, 0x08,
    0xb7, 0xb5, 0x7a, 0xd6, 0x9a, 0xd6, 0x79, 0xd6, 0x9a, 0xd6, 0x7a, 0xd6,
    0x7a, 0xd6, 0x7a, 0xd6, 0x9a, 0xd6, 0x7a, 0xd6, 0x7a, 0xd6, 0x79, 0xd6,
    0x7a, 0xd6, 0x7a, 0xd6, 0x99, 0xd6, 0x7a, 0xd6, 0x7a, 0xd6, 0x99, 0xd6,
    0x7a, 0xd6, 0x7a, 0xce, 0x79, 0xd6, 0x7a, 0xd6, 0x7a, 0xce, 0x79, 0xd6,
    0x7a, 0xd6, 0x79, 0xd6, 0x7a, 0xd6, 0x7a, 0xd6, 0x79, 0xce, 0x7a, 0xce,
    0x9a, 0xd6, 0x7a, 0xd6, 0x9a, 0xd6, 0x92, 0x94, 0x41, 0x08, 0x21, 0x08,
    0x41, 0x08, 0x21, 0x00, 0x41, 0x08, 0x41, 0x08, 0x30, 0x84, 0x7a, 0xd6,
    0x9a, 0xd6, 0x9a, 0xd6, 0x7a, 0xd6, 0x7a, 0xd6, 0x79, 0xd6, 0x99, 0xd6,
    0x9a, 0xd6, 0x7a, 0xd6, 0x79, 0xd6, 0x9a, 0xce, 0x7a, 0xd6, 0x79, 0xd6,
    0x7a, 0xd6, 0x7a, 0xd6, 0x7a, 0xd6, 0x7a, 0xd6, 0x7a, 0xd6, 0x79, 0xd6,
    0x7a, 0xd6, 0x7a, 0xd6, 0x79, 0xd6, 0x7a, 0xd6, 0x9a, 0xd6, 0x79, 0xd6,
    0x9a, 0xd6, 0x7a, 0xd6, 0x79, 0xd6, 0x7a, 0xd6, 0x7a, 0xd6, 0x9a, 0xd6,
    0x7a, 0xd6, 0x38, 0xc6, 0x41, 0x00, 0x41, 0x08, 0x41, 0x08, 0x21, 0x00,
    0x41, 0x00, 0x41, 0x08, 0x8a, 0x52, 0x9a, 0xd6, 0x7a, 0xd6, 0x7a, 0xd6,
    0x7a, 0xd6, 0x9a, 0xd6, 0x79, 0xd6, 0x7a, 0xd6, 0x7a, 0xd6, 0x7a, 0xd6,
    0x99, 0xd6, 0x7a, 0xd6, 0x7a, 0xd6, 0x99, 0xd6, 0x7a, 0xd6, 0x7a, 0xd6,
    0x79, 0xd6, 0x7a, 0xd6, 0x7a, 0xd6, 0x79, 0xd6, 0x7a, 0xce, 0x7a, 0xd6,
    0x79, 0xd6, 0x7a, 0xd6, 0x9a, 0xd6, 0x79, 0xd6, 0x7a, 0xd6, 0x7a, 0xd6,
    0x9a, 0xce, 0x9a, 0xd6, 0x9a, 0xd6, 0x9a, 0xd6, 0x7a, 0xd6, 0x9a, 0xd6,
    0x65, 0x29, 0x41, 0x08, 0x41, 0x08, 0x41, 0x08, 0x21, 0x00, 0x21, 0x08,
    0x04, 0x21, 0x9a, 0xd6, 0x7a, 0xd6, 0x7a, 0xd6, 0x9a, 0xd6, 0x7a, 0xd6,
    0x99, 0xd6, 0x7a, 0xd6, 0x7a, 0xd6, 0x79, 0xd6, 0x9a, 0xd6, 0x7a, 0xd6,
    0x79, 0xd6, 0x7a, 0xd6, 0x7a, 0xd6, 0x7a, 0xd6, 0x7a, 0xd6, 0x7a, 0xd6,
    0x7a, 0xd6, 0x79, 0xd6, 0x9a, 0xd6, 0x7a, 0xd6, 0x7a, 0xce, 0x9a, 0xd6,
    0x7a, 0xd6, 0x79, 0xd6, 0x7a, 0xd6, 0x7a, 0xd6, 0x79, 0xd6, 0x7a, 0xd6,
    0x7a, 0xd6, 0x9a, 0xd6, 0x9a, 0xd6, 0x7a, 0xd6, 0x0c, 0x63, 0x21, 0x00,
    0x41, 0x08, 0x41, 0x08, 0x41, 0x08, 0x21, 0x00, 0x41, 0x08, 0xb7, 0xbd,
    0x7a, 0xd6, 0x7a, 0xd6, 0x79, 0xd6, 0x9a, 0xd6, 0x99, 0xce, 0x7a, 0xd6,
    0x79, 0xd6, 0x9a, 0xd6, 0x7a, 0xd6, 0x79, 0xd6, 0x7a, 0xd6, 0x9a, 0xd6,
    0x79, 0xd6, 0x7a, 0xd6, 0x7a, 0xd6, 0x79, 0xd6, 0x7a, 0xd6, 0x9a, 0xd6,
    0x7a, 0xd6, 0x79, 0xd6, 0x7a, 0xce, 0x9a, 0xd6, 0x7a, 0xd6, 0x7a, 0xd6,
    0x9a, 0xd6, 0x9a, 0xd6, 0x79, 0xd6, 0x7a, 0xd6, 0x7a, 0xd6, 0x79, 0xd6,
    0x9a, 0xd6, 0x79, 0xd6, 0x92, 0x94, 0x41, 0x08, 0x41, 0x08, 0x21, 0x00,
    0x41, 0x08, 0x41, 0x08, 0x21, 0x00, 0x30, 0x84, 0x9a, 0xd6, 0x7a, 0xd6,
    0x7a, 0xd6, 0x7a, 0xd6, 0x9a, 0xd6, 0x7a, 0xce, 0x79, 0xd6, 0x7a, 0xd6,
    0x7a, 0xd6, 0x79, 0xd6, 0x7a, 0xd6, 0x9a, 0xd6, 0x79, 0xd6, 0x7a, 0xd6,
    0x9a, 0xd6, 0x79, 0xd6, 0x7a, 0xd6, 0x9a, 0xd6, 0x79, 0xd6, 0x7a, 0xd6,
    0x7a, 0xd6, 0x79, 0xd6, 0x7a, 0xd6, 0x7a, 0xd6, 0x79, 0xce, 0x9a, 0xd6,
    0x7a, 0xd6, 0x79, 0xd6, 0x9a, 0xd6, 0x7a, 0xd6, 0x7a, 0xd6, 0x79, 0xd6,
    0x38, 0xc6, 0x41, 0x00, 0x41, 0x08, 0x21, 0x00, 0x41, 0x08, 0x21, 0x00,
    0x41, 0x00, 0x8b, 0x52, 0x9a, 0xd6, 0x9a, 0xd6, 0x9a, 0xd6, 0x9a, 0xd6,
    0x7a, 0xd6, 0x7a, 0xd6, 0x7a, 0xd6, 0x7a, 0xce, 0x79, 0xd6, 0x7a, 0xd6,
    0x7a, 0xd6, 0x79, 0xd6, 0x7a, 0xd6, 0x7a, 0xd6, 0x79, 0xd6, 0x7a, 0xd6,
    0x7a, 0xd6, 0x79, 0xd6, 0x7a, 0xd6, 0x7a, 0xd6, 0x79, 0xd6, 0x7a, 0xd6,
    0x7a, 0xd6, 0x79, 0xd6, 0x79, 0xce, 0x9a, 0xd6, 0x7a, 0xd6, 0x79, 0xd6,
    0x7a, 0xd6, 0x7a, 0xd6, 0x7a, 0xd6, 0x9a, 0xd6, 0x9a, 0xd6, 0x65, 0x29,
    0x41, 0x08, 0x21, 0x08, 0x21, 0x08, 0x41, 0x08, 0x41, 0x08, 0x41, 0x08,
    0x21, 0x00, 0x30, 0x84, 0x9a, 0xd6, 0x7a, 0xd6, 0x99, 0xd6, 0x79, 0xce,
    0x9a, 0xd6, 0x7a, 0xd6, 0x9a, 0xd6, 0x9a, 0xd6, 0x9a, 0xd6, 0x9a, 0xd6,
    0x9a, 0xd6, 0x9a, 0xd6, 0x9a, 0xd6, 0x9a, 0xd6, 0x9a, 0xd6, 0x9a, 0xd6,
    0x9a, 0xd6, 0x9a, 0xd6, 0x9a, 0xd6, 0x9a, 0xd6, 0x9a, 0xd6, 0x9a, 0xd6,
    0x9a, 0xd6, 0x9a, 0xd6, 0x7a, 0xce, 0x9a, 0xd6, 0x7a, 0xd6, 0x9a, 0xd6,
    0x9a, 0xd6, 0x79, 0xd6, 0x7a, 0xd6, 0x7a, 0xce, 0x0c, 0x63, 0x41, 0x08,
    0x41, 0x00, 0x41, 0x08, 0x21, 0x08, 0x41, 0x08, 0x21, 0x08, 0x0c, 0x63,
    0x9a, 0xd6, 0x7a, 0xd6, 0x99, 0xd6, 0x9a, 0xd6, 0x7a, 0xd6, 0x9a, 0xce,
    0x9a, 0xd6, 0x9a, 0xd6, 0x9a, 0xd6, 0x9a, 0xd6, 0x9a, 0xd6, 0x9a, 0xd6,
    0x9a, 0xd6, 0x9a, 0xd6, 0x9a, 0xd6, 0x9a, 0xd6, 0x9a, 0xd6, 0x9a, 0xd6,
    0x9a, 0xd6, 0x9a, 0xd6, 0x9a, 0xd6, 0x9a, 0xd6, 0x9a, 0xd6, 0x79, 0xce,
    0x7a, 0xd6, 0x7a, 0xd6, 0x79, 0xd6, 0x9a, 0xd6, 0x7a, 0xce, 0x79, 0xd6,
    0x9a, 0xd6, 0x9a, 0xd6, 0x92, 0x94, 0x21, 0x08, 0x41, 0x08, 0x21, 0x00,
    0x41, 0x08, 0x21, 0x08, 0x41, 0x08, 0x66, 0x29, 0x9a, 0xd6, 0x7a, 0xd6,
    0x99, 0xd6, 0x7a, 0xd6, 0x9a, 0xd6, 0x9a, 0xce, 0x9a, 0xd6, 0x9a, 0xd6,
    0x9a, 0xd6, 0x9a, 0xd6, 0x9a, 0xd6, 0x9a, 0xd6, 0x9a, 0xd6, 0x9a, 0xd6,
    0x9a, 0xd6, 0x9a, 0xd6, 0x9a, 0xd6, 0x9a, 0xd6, 0x9a, 0xd6, 0x9a, 0xd6,
    0x9a, 0xd6, 0x9a, 0xd6, 0x9a, 0xd6, 0x7a, 0xce, 0x9a, 0xd6, 0x9a, 0xd6,
    0x7a, 0xd6, 0x79, 0xd6, 0x7a, 0xd6, 0x79, 0xd6, 0x9a, 0xd6, 0x7a, 0xd6,
    0x38, 0xc6, 0x21, 0x08, 0x21, 0x00, 0x41, 0x08, 0x21, 0x00, 0x41, 0x08,
    0x41, 0x08, 0x41, 0x00, 0x18, 0xc6, 0x9a, 0xd6, 0x99, 0xd6, 0x9a, 0xd6,
    0x7a, 0xd6, 0x9a, 0xce, 0x9a, 0xd6, 0x9a, 0xd6, 0x9a, 0xd6, 0x9a, 0xd6,
    0x9a, 0xd6, 0x9a, 0xd6, 0x9a, 0xd6, 0x9a, 0xd6, 0x9a, 0xd6, 0x9a, 0xd6,
    0x9a, 0xd6, 0x7a, 0xd6, 0x9a, 0xd6, 0x9a, 0xd6, 0x9a, 0xd6, 0x9a, 0xd6,
    0x79, 0xd6, 0x7a, 0xd6, 0x7a, 0xd6, 0x9a, 0xd6, 0x9a, 0xd6, 0x79, 0xd6,
    0x7a, 0xd6, 0x7a, 0xd6, 0x9a, 0xd6, 0x79, 0xce, 0x9a, 0xd6, 0x65, 0x29,
    0x41, 0x08, 0x21, 0x00, 0x21, 0x00, 0x41, 0x08, 0x41, 0x08, 0x21, 0x00,
    0x92, 0x94, 0x7a, 0xd6, 0x7a, 0xd6, 0x9a, 0xd6, 0x7a, 0xd6, 0x9a, 0xd6,
    0x9a, 0xd6, 0x9a, 0xd6, 0x9a, 0xd6, 0x9a, 0xd6, 0x9a, 0xd6, 0x9a, 0xd6,
    0x9a, 0xd6, 0x9a, 0xd6, 0x9a, 0xd6, 0x9a, 0xd6, 0x7a, 0xd6, 0x9a, 0xd6,
    0x9a, 0xd6, 0x9a, 0xd6, 0x9a, 0xd6, 0x9a, 0xd6, 0x79, 0xd6, 0x9a, 0xd6,
    0x9a, 0xd6, 0x7a, 0xd6, 0x7a, 0xd6, 0x7a, 0xd6, 0x9a, 0xd6, 0x7a, 0xd6,
    0x9a, 0xd6, 0x9a, 0xd6, 0x9a, 0xd6, 0xec, 0x5a, 0x41, 0x00, 0x41, 0x08,
    0x41, 0x08, 0x21, 0x08, 0x21, 0x08, 0x41, 0x08, 0x0c, 0x63, 0x79, 0xce,
    0x7a, 0xd6, 0x7a, 0xd6, 0x79, 0xd6, 0x7a, 0xd6, 0x9a, 0xd6, 0x9a, 0xd6,
    0x9a, 0xd6, 0x9a, 0xd6, 0x9a, 0xd6, 0x9a, 0xd6, 0x9a, 0xd6, 0x9a, 0xd6,
    0x9a, 0xd6, 0x9a, 0xd6, 0x9a, 0xd6, 0x9a, 0xd6, 0x9a, 0xd6, 0x9a, 0xd6,
    0x9a, 0xd6, 0x9a, 0xd6, 0x9a, 0xd6, 0x79, 0xce, 0x7a, 0xd6, 0x7a, 0xd6,
    0x79, 0xd6, 0x9a, 0xd6, 0x9a, 0xd6, 0x9a, 0xd6, 0x99, 0xd6, 0x7a, 0xd6,
    0x7a, 0xd6, 0x92, 0x94, 0x41, 0x08, 0x41, 0x08, 0x41, 0x08, 0x21, 0x08,
    0x41, 0x08, 0x21, 0x08, 0x66, 0x29, 0x9a, 0xd6, 0x7a, 0xd6, 0x7a, 0xd6,
    0x79, 0xd6, 0x9a, 0xd6, 0x9a, 0xd6, 0x9a, 0xd6, 0x9a, 0xd6, 0x9a, 0xd6,
    0x9a, 0xd6, 0x9a, 0xd6, 0x9a, 0xd6, 0x9a, 0xd6, 0x9a, 0xd6, 0x9a, 0xd6,
    0x9a, 0xd6, 0x9a, 0xd6, 0x9a, 0xd6, 0x9a, 0xd6, 0x9a, 0xd6, 0x9a, 0xd6,
    0x9a, 0xd6, 0x79, 0xce, 0x7a, 0xd6, 0x7a, 0xd6, 0x79, 0xd6, 0x9a, 0xd6,
    0x9a, 0xd6, 0x9a, 0xd6, 0x79, 0xd6, 0x7a, 0xd6, 0x7a, 0xd6, 0x18, 0xc6,
    0x41, 0x08, 0x41, 0x08, 0x41, 0x08, 0x41, 0x08, 0x21, 0x08, 0x41, 0x08,
    0x41, 0x08, 0x41, 0x00, 0xc8, 0x39, 0x9a, 0xd6, 0x9a, 0xd6, 0x7a, 0xd6,
    0x9a, 0xd6, 0x9a, 0xd6, 0x9a, 0xd6, 0x79, 0xce, 0x9a, 0xd6, 0x79, 0xd6,
    0x79, 0xce, 0x7a, 0xce, 0x9a, 0xd6, 0x79, 0xce, 0x7a, 0xce, 0x79, 0xd6,
    0x7a, 0xce, 0x7a, 0xd6, 0x79, 0xd6, 0x9a, 0xce, 0x79, 0xd6, 0x7a, 0xd6,
    0x99, 0xd6, 0x7a, 0xce, 0x7a, 0xd6, 0x99, 0xd6, 0x9a, 0xd6, 0x9a, 0xd6,
    0x79, 0xd6, 0x7a, 0xd6, 0x9a, 0xd6, 0x79, 0xd6, 0x7a, 0xd6, 0x04, 0x21,
    0x21, 0x00, 0x21, 0x00, 0x41, 0x08, 0x41, 0x08, 0x21, 0x00, 0x41, 0x00,
    0xa3, 0x10, 0x18, 0xc6, 0x7a, 0xd6, 0x9a, 0xd6, 0x7a, 0xd6, 0x9a, 0xce,
    0x9a, 0xd6, 0x7a, 0xd6, 0x7a, 0xce, 0x79, 0xd6, 0x7a, 0xd6, 0x7a, 0xd6,
    0x79, 0xce, 0x9a, 0xd6, 0x79, 0xd6, 0x79, 0xce, 0x9a, 0xd6, 0x79, 0xce,
    0x79, 0xce, 0x9a, 0xd6, 0x7a, 0xce, 0x79, 0xd6, 0x9a, 0xd6, 0x7a, 0xce,
    0x9a, 0xd6, 0x79, 0xd6, 0x9a, 0xce, 0x9a, 0xd6, 0x9a, 0xd6, 0x7a, 0xd6,
    0x9a, 0xd6, 0x9a, 0xd6, 0x7a, 0xd6, 0x8a, 0x52, 0x41, 0x08, 0x42, 0x08,
    0x41, 0x08, 0x41, 0x08, 0x21, 0x00, 0x21, 0x08, 0x41, 0x08, 0xf4, 0x9c,
    0x99, 0xd6, 0x7a, 0xd6, 0x9a, 0xd6, 0x79, 0xce, 0x9a, 0xd6, 0x7a, 0xd6,
    0x79, 0xce, 0x7a, 0xce, 0x7a, 0xd6, 0x79, 0xce, 0x7a, 0xd6, 0x7a, 0xce,
    0x79, 0xd6, 0x7a, 0xce, 0x7a, 0xd6, 0x99, 0xce, 0x7a, 0xd6, 0x7a, 0xd6,
    0x99, 0xce, 0x7a, 0xd6, 0x7a, 0xd6, 0x9a, 0xd6, 0x79, 0xce, 0x9a, 0xd6,
    0x79, 0xce, 0x9a, 0xd6, 0x9a, 0xd6, 0x9a, 0xd6, 0x7a, 0xce, 0x79, 0xd6,
    0x9a, 0xd6, 0x10, 0x84, 0x41, 0x08, 0x41, 0x08, 0x41, 0x08, 0x41, 0x08,
    0x21, 0x00, 0x41, 0x08, 0x41, 0x08, 0x6d, 0x6b, 0x7a, 0xd6, 0x9a, 0xce,
    0x7a, 0xd6, 0x9a, 0xd6, 0x79, 0xce, 0x7a, 0xd6, 0x99, 0xd6, 0x7a, 0xce,
    0x7a, 0xd6, 0x79, 0xce, 0x7a, 0xd6, 0x99, 0xce, 0x79, 0xce, 0x7a, 0xd6,
    0x99, 0xce, 0x99, 0xce, 0x7a, 0xd6, 0x9a, 0xce, 0x79, 0xd6, 0x7a, 0xd6,
    0x9a, 0xd6, 0x9a, 0xd6, 0x79, 0xd6, 0x9a, 0xce, 0x9a, 0xd6, 0x79, 0xce,
    0x9a, 0xce, 0x9a, 0xd6, 0x99, 0xce, 0x9a, 0xd6, 0x7a, 0xd6, 0xb7, 0xbd,
    0x41, 0x08, 0x41, 0x08, 0x41, 0x08, 0x42, 0x08, 0x21, 0x00, 0x41, 0x08,
    0x41, 0x08, 0xc7, 0x39, 0x9a, 0xd6, 0x79, 0xce, 0x9a, 0xd6, 0x7a, 0xd6,
    0x7a, 0xd6, 0x79, 0xd6, 0x7a, 0xce, 0x7a, 0xd6, 0x79, 0xd6, 0x7a, 0xce,
    0x7a, 0xd6, 0x79, 0xce, 0x7a, 0xce, 0x9a, 0xd6, 0x79, 0xce, 0x9a, 0xce,
    0x9a, 0xd6, 0x79, 0xd6, 0x7a, 0xce, 0x9a, 0xd6, 0x7a, 0xd6, 0x9a, 0xce,
    0x99, 0xd6, 0x9a, 0xd6, 0x9a, 0xd6, 0x79, 0xce, 0x9a, 0xd6, 0x99, 0xce,
    0x79, 0xce, 0x7a, 0xd6, 0x7a, 0xd6, 0x9a, 0xd6, 0x04, 0x21, 0x41, 0x08,
    0x41, 0x00, 0x42, 0x08, 0x41, 0x08, 0x41, 0x00, 0x21, 0x08, 0xa3, 0x10,
    0x38, 0xc6, 0x7a, 0xd6, 0x7a, 0xd6, 0x79, 0xd6, 0x7a, 0xd6, 0x9a, 0xce,
    0x79, 0xd6, 0x9a, 0xd6, 0x7a, 0xce, 0x79, 0xd6, 0x7a, 0xd6, 0x7a, 0xce,
    0x79, 0xd6, 0x7a, 0xd6, 0x7a, 0xce, 0x79, 0xd6, 0x7a, 0xce, 0x79, 0xd6,
    0x7a, 0xce, 0x9a, 0xd6, 0x79, 0xd6, 0x9a, 0xce, 0x9a, 0xd6, 0x9a, 0xd6,
    0x9a, 0xd6, 0x9a, 0xd6, 0x7a, 0xce, 0x7a, 0xd6, 0x9a, 0xd6, 0x79, 0xce,
    0x9a, 0xd6, 0x9a, 0xd6, 0x8a, 0x52, 0x21, 0x08, 0x41, 0x08, 0x21, 0x00,
    0x41, 0x00, 0x41, 0x08, 0x41, 0x08, 0x41, 0x08, 0xf3, 0x9c, 0x9a, 0xd6,
    0x9a, 0xd6, 0x7a, 0xd6, 0x7a, 0xce, 0x79, 0xd6, 0x9a, 0xd6, 0x79, 0xce,
    0x7a, 0xd6, 0x9a, 0xd6, 0x79, 0xce, 0x7a, 0xd6, 0x99, 0xce, 0x7a, 0xd6,
    0x7a, 0xce, 0x99, 0xd6, 0x7a, 0xce, 0x7a, 0xd6, 0x99, 0xce, 0x7a, 0xd6,
    0x9a, 0xd6, 0x9a, 0xce, 0x9a, 0xd6, 0x9a, 0xd6, 0x9a, 0xd6, 0x9a, 0xd6,
    0x7a, 0xce, 0x9a, 0xd6, 0x9a, 0xd6, 0x79, 0xce, 0x7a, 0xd6, 0x9a, 0xd6,
    0x30, 0x84, 0x41, 0x08, 0x41, 0x08, 0x41, 0x00, 0x21, 0x00, 0x41, 0x08,
    0x21, 0x00, 0x41, 0x08, 0x41, 0x08, 0x41, 0x08, 0xf3, 0x9c, 0x9a, 0xd6,
    0x9a, 0xd6, 0x7a, 0xd6, 0x7a, 0xd6, 0x7a, 0xd6, 0x99, 0xd6, 0x9a, 0xd6,
    0x7a, 0xd6, 0x7a, 0xd6, 0x9a, 0xd6, 0x79, 0xd6, 0x9a, 0xd6, 0x9a, 0xd6,
    0x7a, 0xd6, 0x99, 0xd6, 0x9a, 0xce, 0x7a, 0xd6, 0x79, 0xd6, 0x9a, 0xce,
    0x7a, 0xd6, 0x7a, 0xd6, 0x99, 0xd6, 0x9a, 0xd6, 0x7a, 0xd6, 0x79, 0xce,
    0x9a, 0xd6, 0x7a, 0xce, 0x9a, 0xd6, 0x9a, 0xd6, 0x9a, 0xd6, 0x6d, 0x6b,
    0x41, 0x00, 0x41, 0x08, 0x41, 0x08, 0x41, 0x08, 0x21, 0x08, 0x41, 0x08,
    0x41, 0x00, 0x41, 0x08, 0x6e, 0x6b, 0x7a, 0xd6, 0x79, 0xd6, 0x79, 0xd6,
    0x9a, 0xd6, 0x7a, 0xd6, 0x79, 0xd6, 0x9a, 0xd6, 0x9a, 0xce, 0x79, 0xd6,
    0x9a, 0xd6, 0x7a, 0xce, 0x9a, 0xd6, 0x7a, 0xd6, 0x7a, 0xd6, 0x9a, 0xd6,
    0x7a, 0xd6, 0x7a, 0xd6, 0x9a, 0xd6, 0x79, 0xd6, 0x7a, 0xce, 0x9a, 0xd6,
    0x7a, 0xd6, 0x9a, 0xd6, 0x9a, 0xd6, 0x7a, 0xd6, 0x9a, 0xd6, 0x99, 0xce,
    0x9a, 0xd6, 0x9a, 0xd6, 0x79, 0xce, 0xf4, 0x9c, 0x41, 0x00, 0x41, 0x08,
    0x41, 0x00, 0x21, 0x08, 0x41, 0x00, 0x41, 0x08, 0x41, 0x08, 0x21, 0x08,
    0xc7, 0x39, 0x9a, 0xce, 0x9a, 0xd6, 0x7a, 0xd6, 0x7a, 0xd6, 0x7a, 0xd6,
    0x9a, 0xd6, 0x99, 0xd6, 0x7a, 0xd6, 0x9a, 0xd6, 0x99, 0xd6, 0x7a, 0xd6,
    0x9a, 0xd6, 0x99, 0xd6, 0x7a, 0xd6, 0x9a, 0xd6, 0x79, 0xd6, 0x7a, 0xd6,
    0x9a, 0xd6, 0x79, 0xce, 0x7a, 0xd6, 0x9a, 0xd6, 0x79, 0xce, 0x9a, 0xd6,
    0x7a, 0xd6, 0x9a, 0xd6, 0x9a, 0xd6, 0x79, 0xd6, 0x7a, 0xd6, 0x9a, 0xd6,
    0x9a, 0xd6, 0x18, 0xc6, 0xa3, 0x10, 0x41, 0x08, 0x21, 0x08, 0x41, 0x00,
    0x41, 0x08, 0x41, 0x08, 0x21, 0x00, 0x21, 0x08, 0xa3, 0x10, 0x18, 0xc6,
    0x9a, 0xd6, 0x9a, 0xd6, 0x9a, 0xd6, 0x7a, 0xd6, 0x9a, 0xd6, 0x79, 0xd6,
    0x7a, 0xd6, 0x9a, 0xd6, 0x9a, 0xd6, 0x7a, 0xd6, 0x7a, 0xd6, 0x9a, 0xd6,
    0x7a, 0xd6, 0x7a, 0xd6, 0x9a, 0xd6, 0x7a, 0xd6, 0x9a, 0xd6, 0x9a, 0xce,
    0x79, 0xd6, 0x9a, 0xd6, 0x9a, 0xd6, 0x7a, 0xce, 0x9a, 0xd6, 0x9a, 0xd6,
    0x7a, 0xd6, 0x7a, 0xd6, 0x9a, 0xd6, 0x7a, 0xd6, 0x99, 0xd6, 0x9a, 0xd6,
    0xc7, 0x39, 0x41, 0x08, 0x41, 0x08, 0x21, 0x00, 0x41, 0x08, 0x41, 0x08,
    0x41, 0x08, 0x21, 0x08, 0x41, 0x08, 0xf3, 0x9c, 0x9a, 0xd6, 0x9a, 0xd6,
    0x9a, 0xd6, 0x79, 0xce, 0x9a, 0xd6, 0x9a, 0xd6, 0x99, 0xd6, 0x7a, 0xce,
    0x9a, 0xd6, 0x99, 0xd6, 0x7a, 0xd6, 0x9a, 0xd6, 0x79, 0xd6, 0x7a, 0xd6,
    0x9a, 0xd6, 0x9a, 0xd6, 0x9a, 0xd6, 0x79, 0xd6, 0x7a, 0xd6, 0x9a, 0xd6,
    0x9a, 0xd6, 0x7a, 0xd6, 0x7a, 0xce, 0x79, 0xce, 0x9a, 0xd6, 0x9a, 0xd6,
    0x7a, 0xd6, 0x9a, 0xd6, 0x7a, 0xd6, 0x9a, 0xd6, 0x4d, 0x6b, 0x41, 0x08,
    0x41, 0x08, 0x21, 0x00, 0x41, 0x08, 0x41, 0x08, 0x21, 0x00, 0x41, 0x08,
    0x21, 0x08, 0x6d, 0x6b, 0x9a, 0xd6, 0x7a, 0xd6, 0x9a, 0xd6, 0x9a, 0xce,
    0x7a, 0xd6, 0x99, 0xd6, 0x7a, 0xd6, 0x9a, 0xce, 0x99, 0xd6, 0x9a, 0xd6,
    0x7a, 0xce, 0x99, 0xd6, 0x9a, 0xd6, 0x7a, 0xd6, 0x99, 0xd6, 0x9a, 0xd6,
    0x7a, 0xd6, 0x99, 0xd6, 0x7a, 0xce, 0x7a, 0xd6, 0x9a, 0xd6, 0x7a, 0xd6,
    0x9a, 0xd6, 0x7a, 0xd6, 0x9a, 0xce, 0x9a, 0xd6, 0x9a, 0xd6, 0x7a, 0xd6,
    0x7a, 0xd6, 0x9a, 0xd6, 0xf3, 0x9c, 0x41, 0x08, 0x41, 0x08, 0x21, 0x00,
    0x21, 0x08, 0x21, 0x00, 0x41, 0x08, 0x21, 0x00, 0x41, 0x08, 0xc7, 0x39,
    0x7a, 0xd6, 0x79, 0xce, 0x9a, 0xd6, 0x9a, 0xd6, 0x7a, 0xd6, 0x7a, 0xd6,
    0x9a, 0xce, 0x79, 0xd6, 0x9a, 0xd6, 0x7a, 0xd6, 0x7a, 0xd6, 0x99, 0xd6,
    0x7a, 0xd6, 0x7a, 0xd6, 0x99, 0xd6, 0x7a, 0xd6, 0x9a, 0xd6, 0x79, 0xd6,
    0x7a, 0xce, 0x7a, 0xd6, 0x9a, 0xd6, 0x79, 0xd6, 0x9a, 0xd6, 0x7a, 0xce,
    0x7a, 0xd6, 0x9a, 0xd6, 0x79, 0xd6, 0x9a, 0xd6, 0x9a, 0xce, 0x9a, 0xd6,
    0x38, 0xc6, 0xa2, 0x10, 0x21, 0x08, 0x41, 0x08, 0x21, 0x00, 0x41, 0x08,
    0x41, 0x08, 0x41, 0x08, 0x42, 0x08, 0x21, 0x08, 0x21, 0x08, 0xa3, 0x10,
    0x55, 0xad, 0x7a, 0xd6, 0x99, 0xd6, 0x9a, 0xd6, 0x7a, 0xd6, 0x7a, 0xd6,
    0x7a, 0xd6, 0x7a, 0xd6, 0x9a, 0xd6, 0x7a, 0xd6, 0x7a, 0xd6, 0x7a, 0xd6,
    0x7a, 0xd6, 0x7a, 0xd6, 0x7a, 0xd6, 0x7a, 0xd6, 0x7a, 0xd6, 0x7a, 0xd6,
    0x7a, 0xd6, 0x7a, 0xd6, 0x7a, 0xd6, 0x7a, 0xd6, 0x7a, 0xd6, 0x7a, 0xd6,
    0x9a, 0xd6, 0x79, 0xd6, 0x7a, 0xd6, 0x7a, 0xd6, 0x7a, 0xd6, 0x30, 0x84,
    0x41, 0x08, 0x21, 0x08, 0x21, 0x00, 0x41, 0x08, 0x41, 0x08, 0x41, 0x00,
    0x41, 0x08, 0x41, 0x08, 0x41, 0x08, 0x21, 0x08, 0x31, 0x84, 0x9a, 0xd6,
    0x7a, 0xd6, 0x7a, 0xd6, 0x79, 0xd6, 0x9a, 0xd6, 0x7a, 0xd6, 0x7a, 0xd6,
    0x7a, 0xd6, 0x79, 0xd6, 0x7a, 0xd6, 0x7a, 0xd6, 0x7a, 0xd6, 0x79, 0xd6,
    0x7a, 0xd6, 0x9a, 0xd6, 0x7a, 0xd6, 0x7a, 0xd6, 0x7a, 0xd6, 0x79, 0xd6,
    0x7a, 0xd6, 0x79, 0xd6, 0x7a, 0xd6, 0x7a, 0xd6, 0x79, 0xd6, 0x7a, 0xd6,
    0x7a, 0xd6, 0x7a, 0xd6, 0x9a, 0xd6, 0x55, 0xad, 0x82, 0x10, 0x41, 0x08,
    0x41, 0x08, 0x41, 0x08, 0x41, 0x08, 0x41, 0x08, 0x21, 0x00, 0x41, 0x00,
    0x41, 0x08, 0x21, 0x08, 0x8b, 0x52, 0x9a, 0xd6, 0x99, 0xd6, 0x7a, 0xd6,
    0x9a, 0xd6, 0x7a, 0xd6, 0x7a, 0xd6, 0x7a, 0xd6, 0x7a, 0xd6, 0x7a, 0xd6,
    0x7a, 0xd6, 0x7a, 0xd6, 0x7a, 0xd6, 0x7a, 0xd6, 0x7a, 0xd6, 0x7a, 0xd6,
    0x7a, 0xd6, 0x7a, 0xd6, 0x7a, 0xd6, 0x79, 0xd6, 0x7a, 0xd6, 0x7a, 0xd6,
    0x7a, 0xd6, 0x7a, 0xd6, 0x9a, 0xd6, 0x79, 0xd6, 0x7a, 0xd6, 0x7a, 0xd6,
    0x9a, 0xd6, 0x38, 0xc6, 0x66, 0x29, 0x41, 0x08, 0x21, 0x00, 0x41, 0x08,
    0x42, 0x00, 0x21, 0x08, 0x41, 0x08, 0x41, 0x00, 0x21, 0x08, 0x41, 0x08,
    0x66, 0x29, 0x18, 0xc6, 0x99, 0xd6, 0x9a, 0xd6, 0x7a, 0xd6, 0x7a, 0xd6,
    0x7a, 0xd6, 0x79, 0xd6, 0x7a, 0xd6, 0x7a, 0xd6, 0x79, 0xd6, 0x7a, 0xd6,
    0x7a, 0xd6, 0x79, 0xd6, 0x7a, 0xd6, 0x7a, 0xd6, 0x79, 0xd6, 0x7a, 0xd6,
    0x7a, 0xd6, 0x7a, 0xd6, 0x7a, 0xd6, 0x79, 0xd6, 0x9a, 0xd6, 0x9a, 0xd6,
    0x79, 0xd6, 0x7a, 0xd6, 0x9a, 0xd6, 0x79, 0xd6, 0x7a, 0xd6, 0x9a, 0xd6,
    0x8a, 0x52, 0x41, 0x08, 0x21, 0x00, 0x41, 0x08, 0x41, 0x08, 0x41, 0x00,
    0x21, 0x08, 0x21, 0x00, 0x41, 0x00, 0x21, 0x08, 0xa2, 0x10, 0x55, 0xad,
    0x7a, 0xd6, 0x9a, 0xd6, 0x7a, 0xd6, 0x7a, 0xd6, 0x7a, 0xd6, 0x7a, 0xd6,
    0x7a, 0xd6, 0x7a, 0xd6, 0x7a, 0xd6, 0x7a, 0xd6, 0x7a, 0xd6, 0x7a, 0xd6,
    0x79, 0xd6, 0x7a, 0xd6, 0x7a, 0xd6, 0x7a, 0xd6, 0x7a, 0xd6, 0x79, 0xd6,
    0x7a, 0xd6, 0x79, 0xd6, 0x9a, 0xd6, 0x7a, 0xd6, 0x9a, 0xd6, 0x7a, 0xd6,
    0x7a, 0xd6, 0x7a, 0xd6, 0x9a, 0xd6, 0x9a, 0xd6, 0x10, 0x84, 0x41, 0x08,
    0x41, 0x00, 0x41, 0x08, 0x21, 0x08, 0x41, 0x08, 0x41, 0x08, 0x41, 0x08,
    0x21, 0x00, 0x41, 0x08, 0x41, 0x08, 0x30, 0x84, 0x9a, 0xd6, 0x7a, 0xd6,
    0x99, 0xd6, 0x7a, 0xd6, 0x7a, 0xd6, 0x7a, 0xd6, 0x7a, 0xd6, 0x7a, 0xd6,
    0x7a, 0xd6, 0x7a, 0xd6, 0x7a, 0xd6, 0x7a, 0xd6, 0x7a, 0xd6, 0x7a, 0xd6,
    0x7a, 0xd6, 0x7a, 0xd6, 0x7a, 0xd6, 0x79, 0xd6, 0x7a, 0xd6, 0x7a, 0xd6,
    0x79, 0xd6, 0x79, 0xd6, 0x7a, 0xd6, 0x79, 0xd6, 0x79, 0xd6, 0x7a, 0xd6,
    0x7a, 0xd6, 0x9a, 0xd6, 0x55, 0xad, 0xa2, 0x10, 0x41, 0x08, 0x21, 0x00,
    0x41, 0x08, 0x41, 0x08, 0x41, 0x08, 0x21, 0x08, 0x21, 0x00, 0x41, 0x08,
    0x41, 0x00, 0xaa, 0x52, 0x9a, 0xd6, 0x7a, 0xd6, 0x7a, 0xd6, 0x79, 0xd6,
    0x9a, 0xd6, 0x7a, 0xd6, 0x7a, 0xd6, 0x79, 0xd6, 0x7a, 0xd6, 0x7a, 0xd6,
    0x7a, 0xd6, 0x7a, 0xd6, 0x7a, 0xd6, 0x7a, 0xd6, 0x7a, 0xd6, 0x7a, 0xd6,
    0x7a, 0xd6, 0x79, 0xd6, 0x7a, 0xd6, 0x7a, 0xd6, 0x79, 0xd6, 0x7a, 0xd6,
    0x9a, 0xd6, 0x79, 0xd6, 0x7a, 0xd6, 0x7a, 0xd6, 0x79, 0xd6, 0x7a, 0xd6,
    0x18, 0xc6, 0x65, 0x29, 0x41, 0x08, 0x21, 0x00, 0x21, 0x08, 0x41, 0x08,
    0x21, 0x08, 0x21, 0x00, 0x41, 0x00, 0x41, 0x00, 0x41, 0x08, 0x21, 0x00,
    0x41, 0x08, 0x41, 0x08, 0x6d, 0x6b, 0x38, 0xc6, 0x9a, 0xd6, 0x9a, 0xce,
    0x79, 0xd6, 0x7a, 0xd6, 0x79, 0xce, 0x79, 0xd6, 0x7a, 0xd6, 0x7a, 0xce,
    0x79, 0xd6, 0x79, 0xd6, 0x9a, 0xd6, 0x79, 0xd6, 0x7a, 0xd6, 0x99, 0xd6,
    0x9a, 0xd6, 0x79, 0xd6, 0x99, 0xd6, 0x7a, 0xce, 0x9a, 0xd6, 0x99, 0xce,
    0x9a, 0xd6, 0x9a, 0xd6, 0x7a, 0xce, 0x99, 0xd6, 0xb6, 0xbd, 0xaa, 0x52,
    0x21, 0x00, 0x21, 0x08, 0x41, 0x08, 0x21, 0x00, 0x21, 0x00, 0x21, 0x08,
    0x21, 0x00, 0x21, 0x08, 0x21, 0x08, 0x41, 0x08, 0x41, 0x08, 0x41, 0x08,
    0x29, 0x42, 0xb7, 0xbd, 0x9a, 0xd6, 0x9a, 0xd6, 0x7a, 0xd6, 0x7a, 0xd6,
    0x79, 0xd6, 0x7a, 0xd6, 0x9a, 0xd6, 0x79, 0xd6, 0x7a, 0xd6, 0x9a, 0xce,
    0x79, 0xd6, 0x7a, 0xd6, 0x79, 0xce, 0x99, 0xd6, 0x7a, 0xd6, 0x9a, 0xd6,
    0x7a, 0xd6, 0x7a, 0xd6, 0x9a, 0xd6, 0x99, 0xce, 0x9a, 0xd6, 0x9a, 0xce,
    0x9a, 0xd6, 0x7a, 0xd6, 0x18, 0xc6, 0x6d, 0x6b, 0xa3, 0x10, 0x41, 0x08,
    0x41, 0x08, 0x41, 0x08, 0x21, 0x00, 0x21, 0x08, 0x41, 0x08, 0x41, 0x08,
    0x42, 0x08, 0x41, 0x00, 0x41, 0x08, 0x21, 0x08, 0xe7, 0x39, 0xf4, 0x9c,
    0x9a, 0xd6, 0x7a, 0xce, 0x79, 0xd6, 0x7a, 0xd6, 0x79, 0xd6, 0x9a, 0xce,
    0x79, 0xd6, 0x7a, 0xd6, 0x99, 0xce, 0x7a, 0xd6, 0x79, 0xd6, 0x99, 0xce,
    0x7a, 0xd6, 0x99, 0xd6, 0x7a, 0xce, 0x9a, 0xd6, 0x9a, 0xd6, 0x79, 0xd6,
    0x7a, 0xd6, 0x99, 0xd6, 0x9a, 0xd6, 0x7a, 0xd6, 0x7a, 0xd6, 0x7a, 0xce,
    0x9a, 0xd6, 0x10, 0x84, 0x04, 0x21, 0x41, 0x08, 0x21, 0x08, 0x41, 0x08,
    0x41, 0x00, 0x41, 0x08, 0x41, 0x08, 0x41, 0x08, 0x41, 0x08, 0x41, 0x08,
    0x21, 0x00, 0x41, 0x08, 0x04, 0x21, 0x10, 0x84, 0x7a, 0xd6, 0x9a, 0xce,
    0x7a, 0xd6, 0x9a, 0xd6, 0x79, 0xce, 0x7a, 0xd6, 0x9a, 0xd6, 0x79, 0xce,
    0x9a, 0xd6, 0x7a, 0xd6, 0x99, 0xce, 0x7a, 0xd6, 0x7a, 0xd6, 0x79, 0xd6,
    0x7a, 0xd6, 0x7a, 0xd6, 0x79, 0xd6, 0x7a, 0xce, 0x9a, 0xd6, 0x9a, 0xd6,
    0x7a, 0xd6, 0x79, 0xd6, 0x9a, 0xd6, 0x7a, 0xd6, 0x7a, 0xd6, 0xf3, 0x9c,
    0xc7, 0x39, 0x41, 0x08, 0x41, 0x08, 0x21, 0x00, 0x21, 0x00, 0x41, 0x08,
    0x21, 0x08, 0x21, 0x00, 0x41, 0x08, 0x41, 0x08, 0x41, 0x08, 0x21, 0x08,
    0xa3, 0x10, 0x6d, 0x6b, 0x18, 0xc6, 0x9a, 0xd6, 0x7a, 0xd6, 0x79, 0xd6,
    0x7a, 0xd6, 0x99, 0xd6, 0x7a, 0xd6, 0x79, 0xd6, 0x99, 0xd6, 0x7a, 0xd6,
    0x9a, 0xd6, 0x7a, 0xce, 0x9a, 0xd6, 0x99, 0xd6, 0x7a, 0xce, 0x7a, 0xd6,
    0x9a, 0xd6, 0x9a, 0xd6, 0x7a, 0xd6, 0x9a, 0xd6, 0x79, 0xd6, 0x7a, 0xd6,
    0x7a, 0xd6, 0x79, 0xd6, 0x9a, 0xd6, 0xb6, 0xb5, 0xaa, 0x52, 0x41, 0x08,
    0x21, 0x08, 0x21, 0x00, 0x41, 0x08, 0x41, 0x08, 0x41, 0x00, 0x41, 0x08,
    0x41, 0x08, 0x21, 0x00, 0x41, 0x08, 0x41, 0x08, 0x21, 0x00, 0x29, 0x42,
    0xb7, 0xb5, 0x9a, 0xd6, 0x7a, 0xd6, 0x79, 0xd6, 0x7a, 0xd6, 0x79, 0xd6,
    0x7a, 0xd6, 0x79, 0xd6, 0x99, 0xd6, 0x7a, 0xd6, 0x79, 0xce, 0x9a, 0xd6,
    0x79, 0xd6, 0x7a, 0xce, 0x9a, 0xd6, 0x7a, 0xd6, 0x9a, 0xd6, 0x79, 0xd6,
    0x7a, 0xd6, 0x9a, 0xd6, 0x7a, 0xd6, 0x7a, 0xd6, 0x9a, 0xd6, 0x7a, 0xd6,
    0x99, 0xd6, 0x38, 0xc6, 0x4d, 0x6b, 0xa3, 0x10, 0x21, 0x08, 0x41, 0x08,
    0x21, 0x00, 0x41, 0x08, 0x41, 0x08, 0x21, 0x00, 0x41, 0x08, 0x41, 0x08,
    0x41, 0x08, 0x41, 0x08, 0x21, 0x08, 0xc7, 0x39, 0x14, 0x9d, 0x9a, 0xd6,
    0x7a, 0xd6, 0x79, 0xd6, 0x7a, 0xd6, 0x9a, 0xd6, 0x7a, 0xce, 0x99, 0xd6,
    0x7a, 0xd6, 0x9a, 0xce, 0x99, 0xd6, 0x79, 0xd6, 0x7a, 0xce, 0x99, 0xd6,
    0x7a, 0xd6, 0x9a, 0xd6, 0x99, 0xd6, 0x7a, 0xd6, 0x7a, 0xd6, 0x9a, 0xd6,
    0x7a, 0xd6, 0x7a, 0xd6, 0x79, 0xd6, 0x7a, 0xd6, 0x9a, 0xd6, 0x7a, 0xd6,
    0x30, 0x84, 0x04, 0x21, 0x41, 0x08, 0x21, 0x08, 0x21, 0x00, 0x41, 0x08,
    0x41, 0x08, 0x41, 0x00, 0x21, 0x08, 0x21, 0x08, 0x41, 0x08, 0x41, 0x00,
    0x41, 0x00, 0x41, 0x08, 0x41, 0x00, 0x41, 0x08, 0x41, 0x08, 0xc7, 0x39,
    0xe7, 0x39, 0xe7, 0x39, 0xe7, 0x39, 0xe7, 0x39, 0xe7, 0x39, 0xe7, 0x39,
    0xe7, 0x39, 0xe7, 0x39, 0xe7, 0x39, 0xe7, 0x39, 0xe7, 0x39, 0xe7, 0x39,
    0xc7, 0x39, 0xe7, 0x39, 0xe7, 0x39, 0xe7, 0x39, 0xe7, 0x39, 0xc7, 0x39,
    0xe7, 0x39, 0xc7, 0x39, 0xc7, 0x39, 0xe7, 0x39, 0x66, 0x29, 0x41, 0x00,
    0x41, 0x00, 0x41, 0x08, 0x41, 0x08, 0x41, 0x08, 0x41, 0x08, 0x41, 0x08,
    0x41, 0x08, 0x41, 0x08, 0x42, 0x08, 0x41, 0x00, 0x41, 0x00, 0x21, 0x00,
    0x41, 0x08, 0x41, 0x00, 0x40, 0x08, 0x65, 0x29, 0xe7, 0x39, 0xc7, 0x39,
    0xe7, 0x39, 0xe7, 0x39, 0xe7, 0x39, 0xe7, 0x39, 0xe7, 0x39, 0xe7, 0x39,
    0xe7, 0x39, 0xe7, 0x39, 0xe7, 0x39, 0xe7, 0x39, 0xc7, 0x39, 0xe7, 0x39,
    0xe7, 0x39, 0xe7, 0x39, 0xe7, 0x39, 0xc7, 0x39, 0xc7, 0x39, 0xc7, 0x39,
    0xe7, 0x39, 0xc7, 0x39, 0xe7, 0x39, 0x41, 0x00, 0x41, 0x08, 0x41, 0x08,
    0x21, 0x00, 0x41, 0x08, 0x21, 0x08, 0x21, 0x00, 0x41, 0x08, 0x41, 0x08,
    0x21, 0x00, 0x41, 0x00, 0x41, 0x00, 0x41, 0x00, 0x41, 0x08, 0x41, 0x08,
    0x41, 0x08, 0x04, 0x21, 0xe7, 0x39, 0xe7, 0x39, 0xe7, 0x39, 0xe7, 0x39,
    0xe7, 0x39, 0xe7, 0x39, 0xe7, 0x39, 0xe7, 0x39, 0xe7, 0x39, 0xe7, 0x39,
    0xe7, 0x39, 0xe7, 0x39, 0xc7, 0x39, 0xe7, 0x39, 0xe7, 0x39, 0xe7, 0x39,
    0xe7, 0x39, 0xc7, 0x39, 0xe7, 0x39, 0xc7, 0x39, 0xc7, 0x39, 0xe7, 0x39,
    0xe7, 0x39, 0xa2, 0x10, 0x41, 0x08, 0x41, 0x08, 0x21, 0x00, 0x41, 0x08,
    0x21, 0x08, 0x41, 0x00, 0x21, 0x08, 0x41, 0x08, 0x41, 0x00, 0x42, 0x00,
    0x41, 0x00, 0x41, 0x08, 0x41, 0x00, 0x41, 0x08, 0x41, 0x08, 0xa3, 0x10,
    0xe7, 0x39, 0xe7, 0x39, 0xe7, 0x39, 0xe7, 0x39, 0xe7, 0x39, 0xe7, 0x39,
    0xe7, 0x39, 0xc7, 0x39, 0xe7, 0x39, 0xe7, 0x39, 0xe7, 0x39, 0xe7, 0x39,
    0xe7, 0x39, 0xe7, 0x39, 0xe7, 0x39, 0xe7, 0x39, 0xe7, 0x39, 0xc7, 0x39,
    0xc7, 0x39, 0xc7, 0x39, 0xe7, 0x39, 0xc7, 0x39, 0xe7, 0x39, 0x04, 0x21,
    0x41, 0x00, 0x41, 0x08, 0x41, 0x08, 0x41, 0x08, 0x41, 0x08, 0x41, 0x08,
    0x21, 0x08, 0x42, 0x08, 0x41, 0x08, 0x41, 0x00, 0x41, 0x00, 0x41, 0x00,
    0x41, 0x08, 0x41, 0x08, 0x41, 0x00, 0x41, 0x08, 0xe7, 0x39, 0xe7, 0x39,
    0xe7, 0x39, 0xe7, 0x39, 0xe7, 0x39, 0xe7, 0x39, 0xe7, 0x39, 0xe7, 0x39,
    0xe7, 0x39, 0xc7, 0x39, 0xe7, 0x39, 0xe7, 0x39, 0xc7, 0x39, 0xe7, 0x39,
    0xc7, 0x39, 0xe7, 0x39, 0xc7, 0x39, 0xe7, 0x39, 0xc7, 0x39, 0xe7, 0x39,
    0xc7, 0x39, 0xe7, 0x39, 0xe7, 0x39, 0x65, 0x29, 0x41, 0x08, 0x21, 0x08,
    0x41, 0x08, 0x41, 0x08, 0x41, 0x00, 0x21, 0x08, 0x22, 0x08, 0x41, 0x00,
    0x21, 0x08, 0x21, 0x00, 0x41, 0x00, 0x41, 0x00, 0x41, 0x08, 0x41, 0x08,
    0x41, 0x08, 0x41, 0x08, 0x65, 0x29, 0xc7, 0x39, 0xe7, 0x39, 0xe7, 0x39,
    0xe7, 0x39, 0xe7, 0x39, 0xe7, 0x39, 0xe7, 0x39, 0xe7, 0x39, 0xe7, 0x39,
    0xe7, 0x39, 0xe7, 0x39, 0xe7, 0x39, 0xe7, 0x39, 0xe7, 0x39, 0xe7, 0x39,
    0xe7, 0x39, 0xe7, 0x39, 0xe7, 0x39, 0xe7, 0x39, 0xc7, 0x39, 0xc7, 0x39,
    0xe7, 0x39, 0xe7, 0x39, 0x41, 0x08, 0x41, 0x08, 0x21, 0x08, 0x41, 0x08,
    0x41, 0x08, 0x21, 0x00, 0x41, 0x08, 0x21, 0x00, 0x41, 0x08, 0x41, 0x00,
    0x41, 0x00, 0x41, 0x00, 0x41, 0x08, 0x41, 0x08, 0x41, 0x08, 0x41, 0x00,
    0x04, 0x21, 0xe7, 0x39, 0xe7, 0x39, 0xe7, 0x39, 0xe7, 0x39, 0xe7, 0x39,
    0xc7, 0x39, 0xe7, 0x39, 0xe7, 0x39, 0xe7, 0x39, 0xe7, 0x39, 0xe7, 0x39,
    0xe7, 0x39, 0xc7, 0x39, 0xe7, 0x39, 0xe7, 0x39, 0xe7, 0x39, 0xe7, 0x39,
    0xe7, 0x39, 0xe7, 0x39, 0xe7, 0x39, 0xe7, 0x39, 0xe7, 0x39, 0xe7, 0x39,
    0xa2, 0x10, 0x41, 0x08, 0x21, 0x00, 0x41, 0x08, 0x41, 0x08, 0x41, 0x08,
    0x21, 0x00, 0x41, 0x08, 0x41, 0x08, 0x41, 0x08, 0x41, 0x00, 0x41, 0x08,
    0x41, 0x08, 0x41, 0x08, 0x41, 0x08, 0x41, 0x08, 0x21, 0x00, 0x41, 0x08,
    0x41, 0x00, 0x41, 0x08, 0x21, 0x00, 0x21, 0x08, 0x41, 0x00, 0x21, 0x08,
    0x41, 0x00, 0x21, 0x08, 0x21, 0x00, 0x41, 0x00, 0x21, 0x00, 0x21, 0x00,
    0x21, 0x00, 0x41, 0x00, 0x21, 0x00, 0x21, 0x00, 0x21, 0x08, 0x21, 0x00,
    0x41, 0x08, 0x21, 0x00, 0x41, 0x08, 0x21, 0x00, 0x41, 0x08, 0x41, 0x08,
    0x41, 0x08, 0x21, 0x08, 0x41, 0x08, 0x41, 0x00, 0x41, 0x08, 0x41, 0x08,
    0x41, 0x08, 0x41, 0x00, 0x41, 0x08, 0x41, 0x08, 0x41, 0x00, 0x21, 0x08,
    0x41, 0x08, 0x41, 0x08, 0x21, 0x08, 0x41, 0x00, 0x41, 0x08, 0x41, 0x08,
    0x21, 0x00, 0x41, 0x00, 0x21, 0x00, 0x21, 0x00, 0x21, 0x00, 0x21, 0x00,
    0x21, 0x08, 0x21, 0x00, 0x41, 0x00, 0x21, 0x08, 0x21, 0x00, 0x41, 0x00,
    0x21, 0x08, 0x21, 0x00, 0x41, 0x00, 0x21, 0x08, 0x41, 0x08, 0x21, 0x00,
    0x41, 0x08, 0x41, 0x08, 0x41, 0x08, 0x41, 0x00, 0x41, 0x08, 0x41, 0x08,
    0x21, 0x08, 0x41, 0x08, 0x41, 0x08, 0x21, 0x00, 0x41, 0x08, 0x41, 0x08,
    0x21, 0x08, 0x42, 0x08, 0x41, 0x08, 0x21, 0x08, 0x41, 0x08, 0x21, 0x00,
    0x41, 0x08, 0x41, 0x08, 0x21, 0x00, 0x41, 0x08, 0x21, 0x00, 0x21, 0x00,
    0x21, 0x08, 0x21, 0x00, 0x21, 0x00, 0x21, 0x08, 0x21, 0x00, 0x21, 0x00,
    0x21, 0x08, 0x21, 0x00, 0x41, 0x00, 0x21, 0x08, 0x21, 0x00, 0x21, 0x00,
    0x21, 0x08, 0x21, 0x00, 0x41, 0x00, 0x41, 0x08, 0x21, 0x00, 0x41, 0x08,
    0x41, 0x08, 0x41, 0x08, 0x21, 0x00, 0x41, 0x08, 0x21, 0x00, 0x41, 0x08,
    0x21, 0x00, 0x41, 0x08, 0x41, 0x08, 0x41, 0x08, 0x41, 0x08, 0x21, 0x08,
    0x21, 0x08, 0x41, 0x08, 0x21, 0x08, 0x21, 0x08, 0x41, 0x00, 0x41, 0x08,
    0x21, 0x00, 0x41, 0x08, 0x21, 0x00, 0x21, 0x00, 0x21, 0x08, 0x21, 0x00,
    0x21, 0x00, 0x41, 0x08, 0x21, 0x00, 0x21, 0x08, 0x21, 0x00, 0x41, 0x00,
    0x21, 0x00, 0x21, 0x00, 0x41, 0x00, 0x21, 0x00, 0x41, 0x08, 0x41, 0x00,
    0x21, 0x08, 0x41, 0x08, 0x41, 0x00, 0x21, 0x00, 0x41, 0x08, 0x41, 0x00,
    0x41, 0x08, 0x21, 0x08, 0x41, 0x00, 0x41, 0x08, 0x21, 0x00, 0x42, 0x08,
    0x41, 0x08, 0x41, 0x00, 0x41, 0x00, 0x41, 0x08, 0x21, 0x08, 0x41, 0x08,
    0x21, 0x00, 0x41, 0x08, 0x21, 0x08, 0x21, 0x08, 0x41, 0x08, 0x21, 0x00,
    0x21, 0x00, 0x21, 0x00, 0x21, 0x00, 0x21, 0x00, 0x21, 0x00, 0x21, 0x00,
    0x21, 0x00, 0x21, 0x00, 0x41, 0x08, 0x21, 0x00, 0x41, 0x08, 0x21, 0x08,
    0x41, 0x00, 0x41, 0x00, 0x21, 0x08, 0x41, 0x08, 0x41, 0x00, 0x41, 0x08,
    0x41, 0x08, 0x21, 0x00, 0x41, 0x08, 0x21, 0x00, 0x41, 0x08, 0x21, 0x08,
    0x41, 0x00, 0x41, 0x08, 0x41, 0x08, 0x41, 0x08, 0x41, 0x08, 0x21, 0x08,
    0x41, 0x00, 0x41, 0x08, 0x41, 0x08, 0x42, 0x08, 0x21, 0x08, 0x41, 0x08,
    0x41, 0x08, 0x41, 0x08, 0x41, 0x08, 0x41, 0x08, 0x21, 0x00, 0x41, 0x00,
    0x41, 0x00, 0x21, 0x00, 0x21, 0x00, 0x21, 0x00, 0x21, 0x00, 0x21, 0x08,
    0x21, 0x00, 0x21, 0x00, 0x21, 0x08, 0x21, 0x00, 0x21, 0x00, 0x21, 0x00,
    0x21, 0x00, 0x21, 0x00, 0x41, 0x08, 0x41, 0x00, 0x21, 0x00, 0x41, 0x08,
    0x41, 0x00, 0x41, 0x08, 0x21, 0x00, 0x41, 0x08, 0x21, 0x00, 0x41, 0x08,
    0x41, 0x00, 0x41, 0x08, 0x21, 0x08, 0x41, 0x08, 0x21, 0x08, 0x41, 0x08,
    0x21, 0x08, 0x21, 0x08, 0x41, 0x08, 0x21, 0x00, 0x41, 0x08, 0x41, 0x08,
    0x41, 0x08, 0x21, 0x08, 0x21, 0x00, 0x41, 0x00, 0x21, 0x00, 0x21, 0x08,
    0x21, 0x00, 0x41, 0x00, 0x21, 0x08, 0x21, 0x00, 0x21, 0x00, 0x21, 0x08,
    0x21, 0x00, 0x41, 0x00, 0x21, 0x00, 0x21, 0x00, 0x21, 0x00, 0x21, 0x00,
    0x21, 0x00, 0x41, 0x08, 0x41, 0x00, 0x41, 0x00, 0x21, 0x00, 0x41, 0x08,
    0x21, 0x00, 0x21, 0x00, 0x41, 0x08, 0x41, 0x08, 0x21, 0x00, 0x41, 0x08,
    0x21, 0x08, 0x41, 0x08, 0x41, 0x08, 0x21, 0x00, 0x21, 0x08, 0x41, 0x00,
    0x42, 0x08, 0x21, 0x08, 0x21, 0x08, 0x41, 0x00, 0x41, 0x08, 0x21, 0x08,
    0x21, 0x00, 0x41, 0x08, 0x41, 0x00, 0x41, 0x08, 0x21, 0x08, 0x41, 0x08,
    0x41, 0x08, 0x41, 0x08, 0x41, 0x08, 0x41, 0x08, 0x41, 0x08, 0x41, 0x08,
    0x41, 0x08, 0x41, 0x08, 0x41, 0x08, 0x41, 0x08, 0x41, 0x08, 0x41, 0x08,
    0x41, 0x08, 0x41, 0x08, 0x41, 0x08, 0x21, 0x00, 0x41, 0x08, 0x41, 0x08,
    0x21, 0x00, 0x21, 0x08, 0x41, 0x08, 0x41, 0x00, 0x21, 0x08, 0x21, 0x00,
    0x21, 0x00, 0x21, 0x08, 0x21, 0x00, 0x21, 0x08, 0x21, 0x08, 0x41, 0x00,
    0x41, 0x08, 0x41, 0x08, 0x21, 0x00, 0x41, 0x08, 0x41, 0x00, 0x41, 0x08,
    0x41, 0x08, 0x41, 0x08, 0x41, 0x08, 0x41, 0x08, 0x41, 0x08, 0x41, 0x08,
    0x41, 0x08, 0x41, 0x08, 0x41, 0x08, 0x41, 0x08, 0x41, 0x08, 0x41, 0x08,
    0x41, 0x08, 0x41, 0x08, 0x41, 0x08, 0x41, 0x08, 0x41, 0x08, 0x41, 0x00,
    0x21, 0x08, 0x41, 0x08, 0x41, 0x08, 0x21, 0x00, 0x21, 0x08, 0x41, 0x08,
    0x41, 0x08, 0x41, 0x08, 0x21, 0x00, 0x41, 0x08, 0x41, 0x08, 0x41, 0x08,
    0x41, 0x00, 0x41, 0x08, 0x41, 0x08, 0x21, 0x08, 0x41, 0x08, 0x41, 0x08,
    0x41, 0x08, 0x21, 0x00, 0x41, 0x00, 0x21, 0x08, 0x41, 0x08, 0x41, 0x08,
    0x41, 0x08, 0x41, 0x08, 0x41, 0x08, 0x41, 0x08, 0x41, 0x08, 0x41, 0x08,
    0x41, 0x08, 0x41, 0x08, 0x41, 0x08, 0x41, 0x08, 0x41, 0x08, 0x41, 0x08,
    0x41, 0x08, 0x41, 0x08, 0x41, 0x08, 0x21, 0x00, 0x41, 0x08, 0x41, 0x08,
    0x21, 0x00, 0x41, 0x08, 0x21, 0x00, 0x41, 0x08, 0x21, 0x08, 0x41, 0x08,
    0x21, 0x00, 0x41, 0x08, 0x41, 0x08, 0x21, 0x00, 0x41, 0x08, 0x21, 0x00,
    0x21, 0x00, 0x41, 0x08, 0x41, 0x00, 0x21, 0x08, 0x41, 0x00, 0x41, 0x00,
    0x21, 0x08, 0x41, 0x08, 0x40, 0x08, 0x41, 0x08, 0x41, 0x08, 0x41, 0x08,
    0x41, 0x08, 0x41, 0x08, 0x41, 0x08, 0x41, 0x08, 0x41, 0x08, 0x41, 0x08,
    0x41, 0x08, 0x41, 0x08, 0x41, 0x08, 0x41, 0x08, 0x41, 0x08, 0x21, 0x08,
    0x41, 0x08, 0x41, 0x08, 0x41, 0x08, 0x41, 0x08, 0x21, 0x08, 0x41, 0x08,
    0x21, 0x08, 0x41, 0x08, 0x41, 0x08, 0x41, 0x08, 0x41, 0x08, 0x41, 0x08,
    0x21, 0x00, 0x21, 0x08, 0x41, 0x08, 0x41, 0x08, 0x21, 0x00, 0x41, 0x08,
    0x21, 0x08, 0x41, 0x08, 0x41, 0x08, 0x41, 0x00, 0x41, 0x00, 0x41, 0x08,
    0x41, 0x08, 0x41, 0x08, 0x41, 0x08, 0x41, 0x08, 0x41, 0x08, 0x41, 0x08,
    0x41, 0x08, 0x41, 0x08, 0x41, 0x08, 0x41, 0x08, 0x41, 0x08, 0x41, 0x08,
    0x21, 0x08, 0x41, 0x00, 0x41, 0x08, 0x41, 0x08, 0x41, 0x08, 0x41, 0x00,
    0x41, 0x08, 0x41, 0x00, 0x41, 0x08, 0x41, 0x08, 0x41, 0x08, 0x21, 0x00,
    0x41, 0x08, 0x41, 0x00, 0x21, 0x00, 0x41, 0x08, 0x21, 0x00, 0x41, 0x08,
    0x41, 0x08, 0x41, 0x08, 0x41, 0x08, 0x41, 0x00, 0x21, 0x08, 0x41, 0x08,
    0x41, 0x00, 0x41, 0x08, 0x41, 0x00, 0x41, 0x08, 0x41, 0x08, 0x41, 0x08,
    0x41, 0x08, 0x41, 0x08, 0x41, 0x08, 0x41, 0x08, 0x41, 0x08, 0x41, 0x08,
    0x41, 0x08, 0x41, 0x08, 0x41, 0x08, 0x41, 0x08, 0x41, 0x08, 0x41, 0x08,
    0x41, 0x08, 0x41, 0x08, 0x41, 0x08, 0x21, 0x08, 0x41, 0x08, 0x21, 0x00,
    0x41, 0x08, 0x21, 0x08, 0x41, 0x00, 0x41, 0x08, 0x21, 0x08, 0x41, 0x08,
    0x21, 0x00, 0x41, 0x08, 0x21, 0x00, 0x41, 0x08, 0x21, 0x00, 0x41, 0x08,
    0x41, 0x08, 0x41, 0x00, 0x41, 0x08, 0x41, 0x08, 0x41, 0x00, 0x41, 0x08,
    0x41, 0x00, 0x41, 0x08, 0x41, 0x08, 0x21, 0x08, 0x41, 0x08, 0x41, 0x08,
    0x41, 0x08, 0x41, 0x08, 0x41, 0x08, 0x41, 0x08, 0x41, 0x08, 0x41, 0x08,
    0x41, 0x08, 0x41, 0x08, 0x41, 0x08, 0x41, 0x08, 0x41, 0x08, 0x41, 0x08,
    0x41, 0x08, 0x41, 0x08, 0x41, 0x08, 0x21, 0x08, 0x41, 0x08, 0x41, 0x08,
    0x21, 0x08, 0x41, 0x08, 0x41, 0x08, 0x21, 0x00, 0x21, 0x08, 0x41, 0x08,
    0x41, 0x00, 0x41, 0x08, 0x21, 0x00, 0x41, 0x08, 0x41, 0x08, 0x21, 0x08,
    0x41, 0x00, 0x41, 0x00, 0x41, 0x08, 0x41, 0x08, 0x41, 0x08, 0x21, 0x00,
    0x41, 0x08, 0x41, 0x08, 0x21, 0x08, 0x41, 0x08, 0x41, 0x08, 0x21, 0x00,
    0x41, 0x08, 0x21, 0x00, 0x21, 0x00, 0x41, 0x08, 0x21, 0x08, 0x21, 0x00,
    0x21, 0x08, 0x41, 0x08, 0x21, 0x08, 0x21, 0x08, 0x21, 0x08, 0x41, 0x00,
    0x21, 0x00, 0x21, 0x08, 0x41, 0x00, 0x21, 0x08, 0x41, 0x08, 0x41, 0x00,
    0x41, 0x08, 0x21, 0x08, 0x41, 0x08, 0x21, 0x08, 0x41, 0x08, 0x41, 0x08,
    0x41, 0x08, 0x41, 0x08, 0x42, 0x08, 0x41, 0x08, 0x41, 0x08, 0x42, 0x08,
    0x41, 0x08, 0x21, 0x08, 0x41, 0x08, 0x41, 0x08, 0x21, 0x00, 0x21, 0x08,
    0x41, 0x08, 0x21, 0x00, 0x21, 0x08, 0x21, 0x08, 0x41, 0x00, 0x21, 0x08,
    0x41, 0x08, 0x21, 0x00, 0x41, 0x08, 0x21, 0x08, 0x21, 0x00, 0x21, 0x08,
    0x21, 0x08, 0x21, 0x00, 0x21, 0x00, 0x21, 0x08, 0x21, 0x00, 0x21, 0x00,
    0x41, 0x08, 0x41, 0x08, 0x21, 0x00, 0x41, 0x00, 0x21, 0x08, 0x41, 0x00,
    0x41, 0x08, 0x21, 0x00, 0x21, 0x00, 0x41, 0x08, 0x21, 0x00, 0x41, 0x08,
    0x41, 0x08, 0x42, 0x00, 0x41, 0x08, 0x21, 0x00, 0x41, 0x00, 0x41, 0x08,
    0x41, 0x08, 0x41, 0x08, 0x41, 0x08, 0x21, 0x08, 0x41, 0x08, 0x41, 0x00,
    0x21, 0x08, 0x41, 0x08, 0x21, 0x00, 0x41, 0x08, 0x41, 0x08, 0x21, 0x00,
    0x41, 0x08, 0x21, 0x08, 0x41, 0x00, 0x21, 0x08, 0x21, 0x00, 0x41, 0x08,
    0x21, 0x08, 0x41, 0x00, 0x21, 0x08, 0x41, 0x08, 0x41, 0x08, 0x21, 0x00,
    0x41, 0x08, 0x21, 0x00, 0x41, 0x08, 0x21, 0x08, 0x41, 0x00, 0x41, 0x08,
    0x41, 0x08, 0x21, 0x00, 0x21, 0x08, 0x41, 0x00, 0x21, 0x08, 0x41, 0x08,
    0x41, 0x00, 0x41, 0x08, 0x41, 0x08, 0x21, 0x00, 0x41, 0x08, 0x41, 0x08,
    0x41, 0x08, 0x41, 0x08, 0x21, 0x00, 0x41, 0x08, 0x21, 0x08, 0x21, 0x00,
    0x41, 0x08, 0x21, 0x08, 0x21, 0x00, 0x21, 0x00, 0x41, 0x08, 0x21, 0x00,
    0x21, 0x08, 0x21, 0x08, 0x41, 0x08, 0x21, 0x08, 0x21, 0x08, 0x21, 0x00,
    0x41, 0x00, 0x21, 0x08, 0x21, 0x08, 0x41, 0x08, 0x21, 0x00, 0x41, 0x00,
    0x41, 0x08, 0x21, 0x00, 0x21, 0x00, 0x41, 0x08, 0x21, 0x00, 0x41, 0x08,
    0x21, 0x08, 0x41, 0x00, 0x41, 0x08, 0x21, 0x00, 0x21, 0x08, 0x41, 0x08,
    0x21, 0x00, 0x41, 0x08, 0x21, 0x00, 0x41, 0x08, 0x21, 0x00, 0x41, 0x08,
    0x21, 0x08, 0x41, 0x08, 0x41, 0x08, 0x21, 0x08, 0x41, 0x08, 0x21, 0x08,
    0x41, 0x08, 0x21, 0x08, 0x41, 0x00, 0x21, 0x08, 0x21, 0x00, 0x41, 0x00,
    0x21, 0x08, 0x41, 0x00, 0x41, 0x08, 0x21, 0x08, 0x21, 0x00, 0x41, 0x08,
    0x41, 0x08, 0x41, 0x00, 0x21, 0x08, 0x41, 0x08, 0x21, 0x00, 0x41, 0x08,
    0x41, 0x08, 0x21, 0x00, 0x41, 0x08, 0x41, 0x08, 0x21, 0x08, 0x41, 0x08,
    0x21, 0x00, 0x41, 0x08, 0x42, 0x08, 0x21, 0x00, 0x21, 0x08, 0x41, 0x08,
    0x41, 0x08, 0x41, 0x08, 0x41, 0x00, 0x41, 0x08, 0x21, 0x08, 0x21, 0x00,
    0x41, 0x08, 0x21, 0x08, 0x21, 0x08, 0x41, 0x08, 0x21, 0x08, 0x41, 0x08,
    0x21, 0x00, 0x41, 0x08, 0x41, 0x00, 0x21, 0x08, 0x41, 0x00, 0x21, 0x08,
    0x41, 0x08, 0x21, 0x08, 0x41, 0x08, 0x21, 0x00, 0x41, 0x08, 0x21, 0x00,
    0x41, 0x08, 0x21, 0x08, 0x41, 0x08, 0x21, 0x00, 0x41, 0x08, 0x41, 0x08,
    0x41, 0x08, 0x21, 0x00, 0x41, 0x08, 0x42, 0x08, 0x41, 0x08, 0x21, 0x00,
    0x41, 0x08, 0x21, 0x00, 0x21, 0x00, 0x41, 0x08, 0x21, 0x08, 0x41, 0x08,
    0x21, 0x00, 0x41, 0x08, 0x41, 0x00, 0x41, 0x08, 0x41, 0x08, 0x21, 0x00,
    0x41, 0x08, 0x21, 0x08, 0x21, 0x00, 0x21, 0x08, 0x41, 0x00, 0x21, 0x08,
    0x21, 0x00, 0x41, 0x08, 0x21, 0x08, 0x21, 0x00, 0x41, 0x08, 0x21, 0x08,
    0x41, 0x08, 0x21, 0x08, 0x41, 0x08, 0x21, 0x00, 0x41, 0x08, 0x21, 0x08,
    0x41, 0x08, 0x21, 0x00, 0x41, 0x08, 0x41, 0x08, 0x21, 0x00, 0x41, 0x08,
    0x41, 0x08, 0x41, 0x08, 0x42, 0x08, 0x21, 0x00, 0x42, 0x08, 0x21, 0x08
};
